WELL,MEASUREMENT,ROW_LETTER,ROW_NUMBER,COLUMN_NUMBER,LABEL,KEY,LYSATE,MASTER_MIX,CONCENTRATION,DILUTION,EXP_ID,PLATE_ID,PLATE_READER,REACTION_VOLUME,PLATE_TYPE,PLASMID_MID,TEMPLATE,STANDARD_CURVE_LOT,GAIN,TEST_CONDITION,OPERATOR,VESSEL,PRODUCT,CALCULATED_CONCENTRATION,FINAL_CONCENTRATION_WITH_DILUTION
A1,205.0,A,1,1,,384_Premium,17-L,MMC_17,,400.0,E191,1,TIKTAALIK,10.0,384 well plate Grainer,m9134733,plasmid,2026-02-03,50,,P1,384,Premium,4.12107327502080900,1648.42931000832350
A2,180.0,A,1,2,,384_Premium,17-L,MMC_17,,400.0,E191,1,TIKTAALIK,10.0,384 well plate Grainer,m9134733,plasmid,2026-02-03,50,,P1,384,Premium,3.60599885389530560,1442.39954155812230
A3,194.0,A,1,3,,384_Premium,17-L,MMC_17,,400.0,E191,1,TIKTAALIK,10.0,384 well plate Grainer,m9134733,plasmid,2026-02-03,50,,P1,384,Premium,3.89444052972558770,1557.77621189023510
A4,192.0,A,1,4,,384_Premium,17-L,MMC_17,,400.0,E191,1,TIKTAALIK,10.0,384 well plate Grainer,m9134733,plasmid,2026-02-03,50,,P1,384,Premium,3.85323457603554730,1541.29383041421900
A5,199.0,A,1,5,,384_Premium,17-L,MMC_17,,400.0,E191,1,TIKTAALIK,10.0,384 well plate Grainer,m9134733,plasmid,2026-02-03,50,,P1,384,Premium,3.99745541395068840,1598.98216558027530
A6,207.0,A,1,6,,384_Premium,17-L,MMC_17,,400.0,E191,1,TIKTAALIK,10.0,384 well plate Grainer,m9134733,plasmid,2026-02-03,50,,P1,384,Premium,4.16227922871084900,1664.91169148433960
A7,194.0,A,1,7,,384_Premium,17-L,MMC_17,,400.0,E191,1,TIKTAALIK,10.0,384 well plate Grainer,m9134733,plasmid,2026-02-03,50,,P1,384,Premium,3.89444052972558770,1557.77621189023510
A8,246.0,A,1,8,,384_Premium,17-L,MMC_17,,400.0,E191,1,TIKTAALIK,10.0,384 well plate Grainer,m9134733,plasmid,2026-02-03,50,,P1,384,Premium,4.96579532566663400,1986.31813026665370
A9,239.0,A,1,9,,384_Premium,17-L,MMC_17,,400.0,E191,1,TIKTAALIK,10.0,384 well plate Grainer,m9134733,plasmid,2026-02-03,50,,P1,384,Premium,4.82157448775149300,1928.62979510059740
A10,244.0,A,1,10,,384_Premium,17-L,MMC_17,,400.0,E191,1,TIKTAALIK,10.0,384 well plate Grainer,m9134733,plasmid,2026-02-03,50,,P1,384,Premium,4.92458937197659400,1969.83574879063740
A11,225.0,A,1,11,,384_Premium,17-L,MMC_17,,400.0,E191,1,TIKTAALIK,10.0,384 well plate Grainer,m9134733,plasmid,2026-02-03,50,,P1,384,Premium,4.53313281192121100,1813.25312476848440
A12,237.0,A,1,12,,384_Premium,17-L,MMC_17,,400.0,E191,1,TIKTAALIK,10.0,384 well plate Grainer,m9134733,plasmid,2026-02-03,50,,P1,384,Premium,4.78036853406145300,1912.14741362458130
A13,223.0,A,1,13,,384_Premium,17-L,MMC_17,,400.0,E191,1,TIKTAALIK,10.0,384 well plate Grainer,m9134733,plasmid,2026-02-03,50,,P1,384,Premium,4.49192685823117100,1796.77074329246830
A14,231.0,A,1,14,,384_Premium,17-L,MMC_17,,400.0,E191,1,TIKTAALIK,10.0,384 well plate Grainer,m9134733,plasmid,2026-02-03,50,,P1,384,Premium,4.65675067299133300,1862.70026919653300
A15,267.0,A,1,15,,384_Premium,17-L,MMC_17,,400.0,E191,1,TIKTAALIK,10.0,384 well plate Grainer,m9134733,plasmid,2026-02-03,50,,P1,384,Premium,5.39845783941205700,2159.38313576482300
A16,306.0,A,1,16,,384_Premium,17-L,MMC_17,,400.0,E191,1,TIKTAALIK,10.0,384 well plate Grainer,m9134733,plasmid,2026-02-03,50,,P1,384,Premium,6.20197393636784200,2480.78957454713650
A17,10.0,A,1,17,,,,,,,E191,1,TIKTAALIK,,384 well plate Grainer,m9134733,,2026-02-03,50,,P1,,,0.10349279024188451,
A18,109.0,A,1,18,executional error,384_control,12-L,MMA_7,,400.0,E191,1,TIKTAALIK,10.0,384 well plate Grainer,m9134733,plasmid,2026-02-03,50,,P1,384,control,2.14318749789887700,857.27499915955080
A19,98.0,A,1,19,executional error,384_control,12-L,MMA_7,,400.0,E191,1,TIKTAALIK,10.0,384 well plate Grainer,m9134733,plasmid,2026-02-03,50,,P1,384,control,1.91655475260365550,766.62190104146230
A20,7.0,A,1,20,,,,,,,E191,1,TIKTAALIK,,384 well plate Grainer,m9134733,,2026-02-03,50,,P1,,,0.04168385970682412,
A21,213.0,A,1,21,,spike-in,spike-in,spike-in,,100.0,E191,1,TIKTAALIK,10.0,384 well plate Grainer,m9134733,,2026-02-03,50,,P1,spike-in,,4.28589708978097000,428.58970897809695
A22,8.0,A,1,22,,,,,,,E191,1,TIKTAALIK,,384 well plate Grainer,m9134733,,2026-02-03,50,,P1,,,0.06228683655184425,
A23,36.0,A,1,23,,Standard - 1,,,1.0,,E191,1,TIKTAALIK,,384 well plate Grainer,m9134733,,2026-02-03,50,,P1,Standard - 1,,0.63917018821240780,
A24,34.0,A,1,24,,Standard - 1,,,1.0,,E191,1,TIKTAALIK,,384 well plate Grainer,m9134733,,2026-02-03,50,,P1,Standard - 1,,0.59796423452236750,
B1,220.0,B,2,1,,384_Premium,17-L,MMC_17,,400.0,E191,1,TIKTAALIK,10.0,384 well plate Grainer,m9134733,plasmid,2026-02-03,50,,P1,384,Premium,4.43011792769611100,1772.04717107844450
B2,319.0,B,2,2,,384_Premium,17-L,MMC_17,,400.0,E191,1,TIKTAALIK,10.0,384 well plate Grainer,m9134733,plasmid,2026-02-03,50,,P1,384,Premium,6.46981263535310400,2587.92505414124160
B3,215.0,B,2,3,,384_Premium,17-L,MMC_17,,400.0,E191,1,TIKTAALIK,10.0,384 well plate Grainer,m9134733,plasmid,2026-02-03,50,,P1,384,Premium,4.32710304347101000,1730.84121738840400
B4,265.0,B,2,4,,384_Premium,17-L,MMC_17,,400.0,E191,1,TIKTAALIK,10.0,384 well plate Grainer,m9134733,plasmid,2026-02-03,50,,P1,384,Premium,5.35725188572201600,2142.90075428880660
B5,232.0,B,2,5,,384_Premium,17-L,MMC_17,,400.0,E191,1,TIKTAALIK,10.0,384 well plate Grainer,m9134733,plasmid,2026-02-03,50,,P1,384,Premium,4.67735364983635200,1870.94145993454070
B6,238.0,B,2,6,,384_Premium,17-L,MMC_17,,400.0,E191,1,TIKTAALIK,10.0,384 well plate Grainer,m9134733,plasmid,2026-02-03,50,,P1,384,Premium,4.80097151090647300,1920.38860436258940
B7,228.0,B,2,7,,384_Premium,17-L,MMC_17,,400.0,E191,1,TIKTAALIK,10.0,384 well plate Grainer,m9134733,plasmid,2026-02-03,50,,P1,384,Premium,4.59494174245627200,1837.97669698250890
B8,246.0,B,2,8,,384_Premium,17-L,MMC_17,,400.0,E191,1,TIKTAALIK,10.0,384 well plate Grainer,m9134733,plasmid,2026-02-03,50,,P1,384,Premium,4.96579532566663400,1986.31813026665370
B9,248.0,B,2,9,,384_Premium,17-L,MMC_17,,400.0,E191,1,TIKTAALIK,10.0,384 well plate Grainer,m9134733,plasmid,2026-02-03,50,,P1,384,Premium,5.00700127935667450,2002.80051174266990
B10,235.0,B,2,10,,384_Premium,17-L,MMC_17,,400.0,E191,1,TIKTAALIK,10.0,384 well plate Grainer,m9134733,plasmid,2026-02-03,50,,P1,384,Premium,4.73916258037141300,1895.66503214856500
B11,233.0,B,2,11,,384_Premium,17-L,MMC_17,,400.0,E191,1,TIKTAALIK,10.0,384 well plate Grainer,m9134733,plasmid,2026-02-03,50,,P1,384,Premium,4.69795662668137200,1879.18265067254880
B12,233.0,B,2,12,,384_Premium,17-L,MMC_17,,400.0,E191,1,TIKTAALIK,10.0,384 well plate Grainer,m9134733,plasmid,2026-02-03,50,,P1,384,Premium,4.69795662668137200,1879.18265067254880
B13,222.0,B,2,13,,384_Premium,17-L,MMC_17,,400.0,E191,1,TIKTAALIK,10.0,384 well plate Grainer,m9134733,plasmid,2026-02-03,50,,P1,384,Premium,4.47132388138615100,1788.52955255446020
B14,236.0,B,2,14,,384_Premium,17-L,MMC_17,,400.0,E191,1,TIKTAALIK,10.0,384 well plate Grainer,m9134733,plasmid,2026-02-03,50,,P1,384,Premium,4.75976555721643300,1903.90622288657320
B15,251.0,B,2,15,,384_Premium,17-L,MMC_17,,400.0,E191,1,TIKTAALIK,10.0,384 well plate Grainer,m9134733,plasmid,2026-02-03,50,,P1,384,Premium,5.06881020989173500,2027.52408395669400
B16,234.0,B,2,16,,384_Premium,17-L,MMC_17,,400.0,E191,1,TIKTAALIK,10.0,384 well plate Grainer,m9134733,plasmid,2026-02-03,50,,P1,384,Premium,4.71855960352639200,1887.42384141055690
B17,9.0,B,2,17,,,,,,,E191,1,TIKTAALIK,,384 well plate Grainer,m9134733,,2026-02-03,50,,P1,,,0.08288981339686438,
B18,7.0,B,2,18,,,,,,,E191,1,TIKTAALIK,,384 well plate Grainer,m9134733,,2026-02-03,50,,P1,,,0.04168385970682412,
B19,9.0,B,2,19,,,,,,,E191,1,TIKTAALIK,,384 well plate Grainer,m9134733,,2026-02-03,50,,P1,,,0.08288981339686438,
B20,8.0,B,2,20,,,,,,,E191,1,TIKTAALIK,,384 well plate Grainer,m9134733,,2026-02-03,50,,P1,,,0.06228683655184425,
B21,56.0,B,2,21,,spike-in,spike-in,spike-in,,400.0,E191,1,TIKTAALIK,10.0,384 well plate Grainer,m9134733,,2026-02-03,50,,P1,spike-in,,1.05122972511281020,420.49189004512410
B22,6.0,B,2,22,,,,,,,E191,1,TIKTAALIK,,384 well plate Grainer,m9134733,,2026-02-03,50,,P1,,,0.02108088286180400,
B23,37.0,B,2,23,,Standard - 1,,,1.0,,E191,1,TIKTAALIK,,384 well plate Grainer,m9134733,,2026-02-03,50,,P1,Standard - 1,,0.65977316505742790,
B24,10.0,B,2,24,,,,,,,E191,1,TIKTAALIK,,384 well plate Grainer,m9134733,,2026-02-03,50,,P1,,,0.10349279024188451,
C1,392.0,C,3,1,,384_Premium,17-L,MMC_17,,400.0,E191,1,TIKTAALIK,5.0,384 well plate Grainer,m9134733,plasmid,2026-02-03,50,,P1,384,Premium,7.97382994503957200,3189.53197801582900
C2,418.0,C,3,2,,384_Premium,17-L,MMC_17,,400.0,E191,1,TIKTAALIK,5.0,384 well plate Grainer,m9134733,plasmid,2026-02-03,50,,P1,384,Premium,8.50950734301009600,3403.80293720403820
C3,311.0,C,3,3,,384_Premium,17-L,MMC_17,,400.0,E191,1,TIKTAALIK,5.0,384 well plate Grainer,m9134733,plasmid,2026-02-03,50,,P1,384,Premium,6.30498882059294200,2521.99552823717660
C4,322.0,C,3,4,,384_Premium,17-L,MMC_17,,400.0,E191,1,TIKTAALIK,5.0,384 well plate Grainer,m9134733,plasmid,2026-02-03,50,,P1,384,Premium,6.53162156588816300,2612.64862635526500
C5,338.0,C,3,5,,384_Premium,17-L,MMC_17,,400.0,E191,1,TIKTAALIK,5.0,384 well plate Grainer,m9134733,plasmid,2026-02-03,50,,P1,384,Premium,6.86126919540848600,2744.50767816339430
C6,318.0,C,3,6,,384_Premium,17-L,MMC_17,,400.0,E191,1,TIKTAALIK,5.0,384 well plate Grainer,m9134733,plasmid,2026-02-03,50,,P1,384,Premium,6.44920965850808300,2579.68386340323330
C7,349.0,C,3,7,,384_Premium,17-L,MMC_17,,400.0,E191,1,TIKTAALIK,5.0,384 well plate Grainer,m9134733,plasmid,2026-02-03,50,,P1,384,Premium,7.08790194070370700,2835.16077628148300
C8,313.0,C,3,8,,384_Premium,17-L,MMC_17,,400.0,E191,1,TIKTAALIK,5.0,384 well plate Grainer,m9134733,plasmid,2026-02-03,50,,P1,384,Premium,6.34619477428298200,2538.47790971319270
C9,352.0,C,3,9,,384_Premium,17-L,MMC_17,,400.0,E191,1,TIKTAALIK,5.0,384 well plate Grainer,m9134733,plasmid,2026-02-03,50,,P1,384,Premium,7.14971087123876700,2859.88434849550700
C10,340.0,C,3,10,,384_Premium,17-L,MMC_17,,400.0,E191,1,TIKTAALIK,5.0,384 well plate Grainer,m9134733,plasmid,2026-02-03,50,,P1,384,Premium,6.90247514909852500,2760.99005963941000
C11,338.0,C,3,11,,384_Premium,17-L,MMC_17,,400.0,E191,1,TIKTAALIK,5.0,384 well plate Grainer,m9134733,plasmid,2026-02-03,50,,P1,384,Premium,6.86126919540848600,2744.50767816339430
C12,320.0,C,3,12,,384_Premium,17-L,MMC_17,,400.0,E191,1,TIKTAALIK,5.0,384 well plate Grainer,m9134733,plasmid,2026-02-03,50,,P1,384,Premium,6.49041561219812400,2596.16624487924950
C13,345.0,C,3,13,,384_Premium,17-L,MMC_17,,400.0,E191,1,TIKTAALIK,5.0,384 well plate Grainer,m9134733,plasmid,2026-02-03,50,,P1,384,Premium,7.00549003332362650,2802.19601332945060
C14,330.0,C,3,14,,384_Premium,17-L,MMC_17,,400.0,E191,1,TIKTAALIK,5.0,384 well plate Grainer,m9134733,plasmid,2026-02-03,50,,P1,384,Premium,6.69644538064832400,2678.57815225932970
C15,323.0,C,3,15,,384_Premium,17-L,MMC_17,,400.0,E191,1,TIKTAALIK,5.0,384 well plate Grainer,m9134733,plasmid,2026-02-03,50,,P1,384,Premium,6.55222454273318360,2620.88981709327350
C16,231.0,C,3,16,,384_Premium,17-L,MMC_17,,400.0,E191,1,TIKTAALIK,5.0,384 well plate Grainer,m9134733,plasmid,2026-02-03,50,,P1,384,Premium,4.65675067299133300,1862.70026919653300
C17,9.0,C,3,17,,,,,,,E191,1,TIKTAALIK,,384 well plate Grainer,m9134733,,2026-02-03,50,,P1,,,0.08288981339686438,
C18,109.0,C,3,18,executional error,384_control,12-L,MMA_7,,400.0,E191,1,TIKTAALIK,10.0,384 well plate Grainer,m9134733,plasmid,2026-02-03,50,,P1,384,control,2.14318749789887700,857.27499915955080
C19,108.0,C,3,19,executional error,384_control,12-L,MMA_7,,400.0,E191,1,TIKTAALIK,10.0,384 well plate Grainer,m9134733,plasmid,2026-02-03,50,,P1,384,control,2.12258452105385680,849.03380842154270
C20,9.0,C,3,20,,,,,,,E191,1,TIKTAALIK,,384 well plate Grainer,m9134733,,2026-02-03,50,,P1,,,0.08288981339686438,
C21,237.0,C,3,21,,spike-in,spike-in,spike-in,,100.0,E191,1,TIKTAALIK,10.0,384 well plate Grainer,m9134733,,2026-02-03,50,,P1,spike-in,,4.78036853406145300,478.03685340614530
C22,8.0,C,3,22,,,,,,,E191,1,TIKTAALIK,,384 well plate Grainer,m9134733,,2026-02-03,50,,P1,,,0.06228683655184425,
C23,95.0,C,3,23,,Standard - 2,,,2.0,,E191,1,TIKTAALIK,,384 well plate Grainer,m9134733,,2026-02-03,50,,P1,Standard - 2,,1.85474582206859500,
C24,86.0,C,3,24,,Standard - 2,,,2.0,,E191,1,TIKTAALIK,,384 well plate Grainer,m9134733,,2026-02-03,50,,P1,Standard - 2,,1.66931903046341400,
D1,75.0,D,4,1,,384_Premium,17-L,MMC_17,,400.0,E191,1,TIKTAALIK,20.0,384 well plate Grainer,m9134733,plasmid,2026-02-03,50,,P1,384,Premium,1.44268628516819280,577.07451406727700
D2,120.0,D,4,2,,384_Premium,17-L,MMC_17,,400.0,E191,1,TIKTAALIK,20.0,384 well plate Grainer,m9134733,plasmid,2026-02-03,50,,P1,384,Premium,2.36982024319409850,947.92809727763940
D3,82.0,D,4,3,,384_Premium,17-L,MMC_17,,400.0,E191,1,TIKTAALIK,20.0,384 well plate Grainer,m9134733,plasmid,2026-02-03,50,,P1,384,Premium,1.58690712308333360,634.76284923333340
D4,112.0,D,4,4,,384_Premium,17-L,MMC_17,,400.0,E191,1,TIKTAALIK,20.0,384 well plate Grainer,m9134733,plasmid,2026-02-03,50,,P1,384,Premium,2.20499642843393700,881.99857137357490
D5,86.0,D,4,5,,384_Premium,17-L,MMC_17,,400.0,E191,1,TIKTAALIK,20.0,384 well plate Grainer,m9134733,plasmid,2026-02-03,50,,P1,384,Premium,1.66931903046341400,667.72761218536560
D6,139.0,D,4,6,,384_Premium,17-L,MMC_17,,400.0,E191,1,TIKTAALIK,20.0,384 well plate Grainer,m9134733,plasmid,2026-02-03,50,,P1,384,Premium,2.76127680324948080,1104.51072129979230
D7,79.0,D,4,7,,384_Premium,17-L,MMC_17,,400.0,E191,1,TIKTAALIK,20.0,384 well plate Grainer,m9134733,plasmid,2026-02-03,50,,P1,384,Premium,1.52509819254827320,610.03927701930920
D8,125.0,D,4,8,,384_Premium,17-L,MMC_17,,400.0,E191,1,TIKTAALIK,20.0,384 well plate Grainer,m9134733,plasmid,2026-02-03,50,,P1,384,Premium,2.47283512741919900,989.13405096767960
D9,51.0,D,4,9,,384_Premium,17-L,MMC_17,,400.0,E191,1,TIKTAALIK,20.0,384 well plate Grainer,m9134733,plasmid,2026-02-03,50,,P1,384,Premium,0.94821484088770960,379.28593635508383
D10,128.0,D,4,10,,384_Premium,17-L,MMC_17,,400.0,E191,1,TIKTAALIK,20.0,384 well plate Grainer,m9134733,plasmid,2026-02-03,50,,P1,384,Premium,2.53464405795425930,1013.85762318170370
D11,87.0,D,4,11,,384_Premium,17-L,MMC_17,,400.0,E191,1,TIKTAALIK,20.0,384 well plate Grainer,m9134733,plasmid,2026-02-03,50,,P1,384,Premium,1.68992200730843420,675.96880292337370
D12,129.0,D,4,12,,384_Premium,17-L,MMC_17,,400.0,E191,1,TIKTAALIK,20.0,384 well plate Grainer,m9134733,plasmid,2026-02-03,50,,P1,384,Premium,2.55524703479927950,1022.09881391971180
D13,91.0,D,4,13,,384_Premium,17-L,MMC_17,,400.0,E191,1,TIKTAALIK,20.0,384 well plate Grainer,m9134733,plasmid,2026-02-03,50,,P1,384,Premium,1.77233391468851460,708.93356587540590
D14,128.0,D,4,14,,384_Premium,17-L,MMC_17,,400.0,E191,1,TIKTAALIK,20.0,384 well plate Grainer,m9134733,plasmid,2026-02-03,50,,P1,384,Premium,2.53464405795425930,1013.85762318170370
D15,101.0,D,4,15,,384_Premium,17-L,MMC_17,,400.0,E191,1,TIKTAALIK,20.0,384 well plate Grainer,m9134733,plasmid,2026-02-03,50,,P1,384,Premium,1.97836368313871570,791.34547325548620
D16,136.0,D,4,16,,384_Premium,17-L,MMC_17,,400.0,E191,1,TIKTAALIK,20.0,384 well plate Grainer,m9134733,plasmid,2026-02-03,50,,P1,384,Premium,2.69946787271442000,1079.78714908576800
D17,7.0,D,4,17,,,,,,,E191,1,TIKTAALIK,,384 well plate Grainer,m9134733,,2026-02-03,50,,P1,,,0.04168385970682412,
D18,8.0,D,4,18,,,,,,,E191,1,TIKTAALIK,,384 well plate Grainer,m9134733,,2026-02-03,50,,P1,,,0.06228683655184425,
D19,5.0,D,4,19,,,,,,,E191,1,TIKTAALIK,,384 well plate Grainer,m9134733,,2026-02-03,50,,P1,,,0.00047790601678388,
D20,8.0,D,4,20,,,,,,,E191,1,TIKTAALIK,,384 well plate Grainer,m9134733,,2026-02-03,50,,P1,,,0.06228683655184425,
D21,53.0,D,4,21,,spike-in,spike-in,spike-in,,400.0,E191,1,TIKTAALIK,10.0,384 well plate Grainer,m9134733,,2026-02-03,50,,P1,spike-in,,0.98942079457774980,395.76831783109990
D22,9.0,D,4,22,,,,,,,E191,1,TIKTAALIK,,384 well plate Grainer,m9134733,,2026-02-03,50,,P1,,,0.08288981339686438,
D23,93.0,D,4,23,,Standard - 2,,,2.0,,E191,1,TIKTAALIK,,384 well plate Grainer,m9134733,,2026-02-03,50,,P1,Standard - 2,,1.81353986837855490,
D24,9.0,D,4,24,,,,,,,E191,1,TIKTAALIK,,384 well plate Grainer,m9134733,,2026-02-03,50,,P1,,,0.08288981339686438,
E1,252.0,E,5,1,,384_Economy,17-L,MMD_18,,400.0,E191,1,TIKTAALIK,10.0,384 well plate Grainer,m9134733,plasmid,2026-02-03,50,,P1,384,Economy,5.08941318673675450,2035.76527469470170
E2,282.0,E,5,2,,384_Economy,17-L,MMD_18,,400.0,E191,1,TIKTAALIK,10.0,384 well plate Grainer,m9134733,plasmid,2026-02-03,50,,P1,384,Economy,5.70750249208735800,2283.00099683494300
E3,248.0,E,5,3,,384_Economy,17-L,MMD_18,,400.0,E191,1,TIKTAALIK,10.0,384 well plate Grainer,m9134733,plasmid,2026-02-03,50,,P1,384,Economy,5.00700127935667450,2002.80051174266990
E4,280.0,E,5,4,,384_Economy,17-L,MMD_18,,400.0,E191,1,TIKTAALIK,10.0,384 well plate Grainer,m9134733,plasmid,2026-02-03,50,,P1,384,Economy,5.66629653839731900,2266.51861535892750
E5,238.0,E,5,5,,384_Economy,17-L,MMD_18,,400.0,E191,1,TIKTAALIK,10.0,384 well plate Grainer,m9134733,plasmid,2026-02-03,50,,P1,384,Economy,4.80097151090647300,1920.38860436258940
E6,250.0,E,5,6,,384_Economy,17-L,MMD_18,,400.0,E191,1,TIKTAALIK,10.0,384 well plate Grainer,m9134733,plasmid,2026-02-03,50,,P1,384,Economy,5.04820723304671500,2019.28289321868600
E7,233.0,E,5,7,,384_Economy,17-L,MMD_18,,400.0,E191,1,TIKTAALIK,10.0,384 well plate Grainer,m9134733,plasmid,2026-02-03,50,,P1,384,Economy,4.69795662668137200,1879.18265067254880
E8,231.0,E,5,8,,384_Economy,17-L,MMD_18,,400.0,E191,1,TIKTAALIK,10.0,384 well plate Grainer,m9134733,plasmid,2026-02-03,50,,P1,384,Economy,4.65675067299133300,1862.70026919653300
E9,250.0,E,5,9,,384_Economy,17-L,MMD_18,,400.0,E191,1,TIKTAALIK,10.0,384 well plate Grainer,m9134733,plasmid,2026-02-03,50,,P1,384,Economy,5.04820723304671500,2019.28289321868600
E10,253.0,E,5,10,,384_Economy,17-L,MMD_18,,400.0,E191,1,TIKTAALIK,10.0,384 well plate Grainer,m9134733,plasmid,2026-02-03,50,,P1,384,Economy,5.11001616358177500,2044.00646543270980
E11,254.0,E,5,11,,384_Economy,17-L,MMD_18,,400.0,E191,1,TIKTAALIK,10.0,384 well plate Grainer,m9134733,plasmid,2026-02-03,50,,P1,384,Economy,5.13061914042679500,2052.24765617071800
E12,252.0,E,5,12,,384_Economy,17-L,MMD_18,,400.0,E191,1,TIKTAALIK,10.0,384 well plate Grainer,m9134733,plasmid,2026-02-03,50,,P1,384,Economy,5.08941318673675450,2035.76527469470170
E13,229.0,E,5,13,,384_Economy,17-L,MMD_18,,400.0,E191,1,TIKTAALIK,10.0,384 well plate Grainer,m9134733,plasmid,2026-02-03,50,,P1,384,Economy,4.61554471930129200,1846.21788772051700
E14,238.0,E,5,14,,384_Economy,17-L,MMD_18,,400.0,E191,1,TIKTAALIK,10.0,384 well plate Grainer,m9134733,plasmid,2026-02-03,50,,P1,384,Economy,4.80097151090647300,1920.38860436258940
E15,199.0,E,5,15,,384_Economy,17-L,MMD_18,,400.0,E191,1,TIKTAALIK,10.0,384 well plate Grainer,m9134733,plasmid,2026-02-03,50,,P1,384,Economy,3.99745541395068840,1598.98216558027530
E16,232.0,E,5,16,,384_Economy,17-L,MMD_18,,400.0,E191,1,TIKTAALIK,10.0,384 well plate Grainer,m9134733,plasmid,2026-02-03,50,,P1,384,Economy,4.67735364983635200,1870.94145993454070
E17,8.0,E,5,17,,,,,,,E191,1,TIKTAALIK,,384 well plate Grainer,m9134733,,2026-02-03,50,,P1,,,0.06228683655184425,
E18,98.0,E,5,18,executional error,384_control,12-L,MMA_7,,400.0,E191,1,TIKTAALIK,10.0,384 well plate Grainer,m9134733,plasmid,2026-02-03,50,,P1,384,control,1.91655475260365550,766.62190104146230
E19,101.0,E,5,19,executional error,384_control,12-L,MMA_7,,400.0,E191,1,TIKTAALIK,10.0,384 well plate Grainer,m9134733,plasmid,2026-02-03,50,,P1,384,control,1.97836368313871570,791.34547325548620
E20,9.0,E,5,20,,,,,,,E191,1,TIKTAALIK,,384 well plate Grainer,m9134733,,2026-02-03,50,,P1,,,0.08288981339686438,
E21,264.0,E,5,21,,spike-in,spike-in,spike-in,,100.0,E191,1,TIKTAALIK,10.0,384 well plate Grainer,m9134733,,2026-02-03,50,,P1,spike-in,,5.33664890887699600,533.66489088769960
E22,7.0,E,5,22,,,,,,,E191,1,TIKTAALIK,,384 well plate Grainer,m9134733,,2026-02-03,50,,P1,,,0.04168385970682412,
E23,195.0,E,5,23,,Standard - 3,,,4.0,,E191,1,TIKTAALIK,,384 well plate Grainer,m9134733,,2026-02-03,50,,P1,Standard - 3,,3.91504350657060750,
E24,196.0,E,5,24,,Standard - 3,,,4.0,,E191,1,TIKTAALIK,,384 well plate Grainer,m9134733,,2026-02-03,50,,P1,Standard - 3,,3.93564648341562770,
F1,259.0,F,6,1,,384_Economy,17-L,MMD_18,,400.0,E191,1,TIKTAALIK,10.0,384 well plate Grainer,m9134733,plasmid,2026-02-03,50,,P1,384,Economy,5.23363402465189600,2093.45360986075800
F2,320.0,F,6,2,,384_Economy,17-L,MMD_18,,400.0,E191,1,TIKTAALIK,10.0,384 well plate Grainer,m9134733,plasmid,2026-02-03,50,,P1,384,Economy,6.49041561219812400,2596.16624487924950
F3,258.0,F,6,3,,384_Economy,17-L,MMD_18,,400.0,E191,1,TIKTAALIK,10.0,384 well plate Grainer,m9134733,plasmid,2026-02-03,50,,P1,384,Economy,5.21303104780687600,2085.21241912275040
F4,294.0,F,6,4,,384_Economy,17-L,MMD_18,,400.0,E191,1,TIKTAALIK,10.0,384 well plate Grainer,m9134733,plasmid,2026-02-03,50,,P1,384,Economy,5.95473821422760000,2381.89528569104000
F5,244.0,F,6,5,,384_Economy,17-L,MMD_18,,400.0,E191,1,TIKTAALIK,10.0,384 well plate Grainer,m9134733,plasmid,2026-02-03,50,,P1,384,Economy,4.92458937197659400,1969.83574879063740
F6,309.0,F,6,6,,384_Economy,17-L,MMD_18,,400.0,E191,1,TIKTAALIK,10.0,384 well plate Grainer,m9134733,plasmid,2026-02-03,50,,P1,384,Economy,6.26378286690290200,2505.51314676116100
F7,257.0,F,6,7,,384_Economy,17-L,MMD_18,,400.0,E191,1,TIKTAALIK,10.0,384 well plate Grainer,m9134733,plasmid,2026-02-03,50,,P1,384,Economy,5.19242807096185550,2076.97122838474200
F8,305.0,F,6,8,,384_Economy,17-L,MMD_18,,400.0,E191,1,TIKTAALIK,10.0,384 well plate Grainer,m9134733,plasmid,2026-02-03,50,,P1,384,Economy,6.18137095952282150,2472.54838380912860
F9,268.0,F,6,9,,384_Economy,17-L,MMD_18,,400.0,E191,1,TIKTAALIK,10.0,384 well plate Grainer,m9134733,plasmid,2026-02-03,50,,P1,384,Economy,5.41906081625707700,2167.62432650283060
F10,310.0,F,6,10,,384_Economy,17-L,MMD_18,,400.0,E191,1,TIKTAALIK,10.0,384 well plate Grainer,m9134733,plasmid,2026-02-03,50,,P1,384,Economy,6.28438584374792250,2513.75433749916900
F11,260.0,F,6,11,,384_Economy,17-L,MMD_18,,400.0,E191,1,TIKTAALIK,10.0,384 well plate Grainer,m9134733,plasmid,2026-02-03,50,,P1,384,Economy,5.25423700149691600,2101.69480059876650
F12,288.0,F,6,12,,384_Economy,17-L,MMD_18,,400.0,E191,1,TIKTAALIK,10.0,384 well plate Grainer,m9134733,plasmid,2026-02-03,50,,P1,384,Economy,5.83112035315748000,2332.44814126299160
F13,227.0,F,6,13,,384_Economy,17-L,MMD_18,,400.0,E191,1,TIKTAALIK,10.0,384 well plate Grainer,m9134733,plasmid,2026-02-03,50,,P1,384,Economy,4.57433876561125200,1829.73550624450080
F14,276.0,F,6,14,,384_Economy,17-L,MMD_18,,400.0,E191,1,TIKTAALIK,10.0,384 well plate Grainer,m9134733,plasmid,2026-02-03,50,,P1,384,Economy,5.58388463101723800,2233.55385240689500
F15,201.0,F,6,15,,384_Economy,17-L,MMD_18,,400.0,E191,1,TIKTAALIK,10.0,384 well plate Grainer,m9134733,plasmid,2026-02-03,50,,P1,384,Economy,4.03866136764072900,1615.46454705629160
F16,264.0,F,6,16,,384_Economy,17-L,MMD_18,,400.0,E191,1,TIKTAALIK,10.0,384 well plate Grainer,m9134733,plasmid,2026-02-03,50,,P1,384,Economy,5.33664890887699600,2134.65956355079830
F17,7.0,F,6,17,,,,,,,E191,1,TIKTAALIK,,384 well plate Grainer,m9134733,,2026-02-03,50,,P1,,,0.04168385970682412,
F18,10.0,F,6,18,,,,,,,E191,1,TIKTAALIK,,384 well plate Grainer,m9134733,,2026-02-03,50,,P1,,,0.10349279024188451,
F19,8.0,F,6,19,,,,,,,E191,1,TIKTAALIK,,384 well plate Grainer,m9134733,,2026-02-03,50,,P1,,,0.06228683655184425,
F20,5.0,F,6,20,,,,,,,E191,1,TIKTAALIK,,384 well plate Grainer,m9134733,,2026-02-03,50,,P1,,,0.00047790601678388,
F21,61.0,F,6,21,,spike-in,spike-in,spike-in,,400.0,E191,1,TIKTAALIK,10.0,384 well plate Grainer,m9134733,,2026-02-03,50,,P1,spike-in,,1.15424460933791080,461.69784373516430
F22,7.0,F,6,22,,,,,,,E191,1,TIKTAALIK,,384 well plate Grainer,m9134733,,2026-02-03,50,,P1,,,0.04168385970682412,
F23,187.0,F,6,23,,Standard - 3,,,4.0,,E191,1,TIKTAALIK,,384 well plate Grainer,m9134733,,2026-02-03,50,,P1,Standard - 3,,3.75021969181044670,
F24,9.0,F,6,24,,,,,,,E191,1,TIKTAALIK,,384 well plate Grainer,m9134733,,2026-02-03,50,,P1,,,0.08288981339686438,
G1,327.0,G,7,1,,384_Economy,17-L,MMD_18,,400.0,E191,1,TIKTAALIK,5.0,384 well plate Grainer,m9134733,plasmid,2026-02-03,50,,P1,384,Economy,6.63463645011326400,2653.85458004530570
G2,342.0,G,7,2,,384_Economy,17-L,MMD_18,,400.0,E191,1,TIKTAALIK,5.0,384 well plate Grainer,m9134733,plasmid,2026-02-03,50,,P1,384,Economy,6.94368110278856600,2777.47244111542600
G3,317.0,G,7,3,,384_Economy,17-L,MMD_18,,400.0,E191,1,TIKTAALIK,5.0,384 well plate Grainer,m9134733,plasmid,2026-02-03,50,,P1,384,Economy,6.42860668166306300,2571.44267266522550
G4,301.0,G,7,4,,384_Economy,17-L,MMD_18,,400.0,E191,1,TIKTAALIK,5.0,384 well plate Grainer,m9134733,plasmid,2026-02-03,50,,P1,384,Economy,6.09895905214274100,2439.58362085709630
G5,311.0,G,7,5,,384_Economy,17-L,MMD_18,,400.0,E191,1,TIKTAALIK,5.0,384 well plate Grainer,m9134733,plasmid,2026-02-03,50,,P1,384,Economy,6.30498882059294200,2521.99552823717660
G6,323.0,G,7,6,,384_Economy,17-L,MMD_18,,400.0,E191,1,TIKTAALIK,5.0,384 well plate Grainer,m9134733,plasmid,2026-02-03,50,,P1,384,Economy,6.55222454273318360,2620.88981709327350
G7,353.0,G,7,7,,384_Economy,17-L,MMD_18,,400.0,E191,1,TIKTAALIK,5.0,384 well plate Grainer,m9134733,plasmid,2026-02-03,50,,P1,384,Economy,7.17031384808378700,2868.12553923351500
G8,315.0,G,7,8,,384_Economy,17-L,MMD_18,,400.0,E191,1,TIKTAALIK,5.0,384 well plate Grainer,m9134733,plasmid,2026-02-03,50,,P1,384,Economy,6.38740072797302300,2554.96029118920900
G9,333.0,G,7,9,,384_Economy,17-L,MMD_18,,400.0,E191,1,TIKTAALIK,5.0,384 well plate Grainer,m9134733,plasmid,2026-02-03,50,,P1,384,Economy,6.75825431118338500,2703.30172447335370
G10,318.0,G,7,10,,384_Economy,17-L,MMD_18,,400.0,E191,1,TIKTAALIK,5.0,384 well plate Grainer,m9134733,plasmid,2026-02-03,50,,P1,384,Economy,6.44920965850808300,2579.68386340323330
G11,344.0,G,7,11,,384_Economy,17-L,MMD_18,,400.0,E191,1,TIKTAALIK,5.0,384 well plate Grainer,m9134733,plasmid,2026-02-03,50,,P1,384,Economy,6.98488705647860600,2793.95482259144270
G12,318.0,G,7,12,,384_Economy,17-L,MMD_18,,400.0,E191,1,TIKTAALIK,5.0,384 well plate Grainer,m9134733,plasmid,2026-02-03,50,,P1,384,Economy,6.44920965850808300,2579.68386340323330
G13,297.0,G,7,13,,384_Economy,17-L,MMD_18,,400.0,E191,1,TIKTAALIK,5.0,384 well plate Grainer,m9134733,plasmid,2026-02-03,50,,P1,384,Economy,6.01654714476266100,2406.61885790506400
G14,285.0,G,7,14,,384_Economy,17-L,MMD_18,,400.0,E191,1,TIKTAALIK,5.0,384 well plate Grainer,m9134733,plasmid,2026-02-03,50,,P1,384,Economy,5.76931142262241900,2307.72456904896760
G15,306.0,G,7,15,,384_Economy,17-L,MMD_18,,400.0,E191,1,TIKTAALIK,5.0,384 well plate Grainer,m9134733,plasmid,2026-02-03,50,,P1,384,Economy,6.20197393636784200,2480.78957454713650
G16,273.0,G,7,16,,384_Economy,17-L,MMD_18,,400.0,E191,1,TIKTAALIK,5.0,384 well plate Grainer,m9134733,plasmid,2026-02-03,50,,P1,384,Economy,5.52207570048217700,2208.83028019287080
G17,11.0,G,7,17,,,,,,,E191,1,TIKTAALIK,,384 well plate Grainer,m9134733,,2026-02-03,50,,P1,,,0.12409576708690462,
G18,96.0,G,7,18,executional error,384_control,12-L,MMA_7,,400.0,E191,1,TIKTAALIK,10.0,384 well plate Grainer,m9134733,plasmid,2026-02-03,50,,P1,384,control,1.87534879891361530,750.13951956544610
G19,94.0,G,7,19,executional error,384_control,12-L,MMA_7,,400.0,E191,1,TIKTAALIK,10.0,384 well plate Grainer,m9134733,plasmid,2026-02-03,50,,P1,384,control,1.83414284522357500,733.65713808943010
G20,7.0,G,7,20,,,,,,,E191,1,TIKTAALIK,,384 well plate Grainer,m9134733,,2026-02-03,50,,P1,,,0.04168385970682412,
G21,8.0,G,7,21,,,,,,,E191,1,TIKTAALIK,,384 well plate Grainer,m9134733,,2026-02-03,50,,P1,,,0.06228683655184425,
G22,9.0,G,7,22,,,,,,,E191,1,TIKTAALIK,,384 well plate Grainer,m9134733,,2026-02-03,50,,P1,,,0.08288981339686438,
G23,385.0,G,7,23,,Standard - 4,,,8.0,,E191,1,TIKTAALIK,,384 well plate Grainer,m9134733,,2026-02-03,50,,P1,Standard - 4,,7.82960910712443200,
G24,418.0,G,7,24,,Standard - 4,,,8.0,,E191,1,TIKTAALIK,,384 well plate Grainer,m9134733,,2026-02-03,50,,P1,Standard - 4,,8.50950734301009600,
H1,111.0,H,8,1,,384_Economy,17-L,MMD_18,,400.0,E191,1,TIKTAALIK,20.0,384 well plate Grainer,m9134733,plasmid,2026-02-03,50,,P1,384,Economy,2.18439345158891700,873.75738063556670
H2,105.0,H,8,2,,384_Economy,17-L,MMD_18,,400.0,E191,1,TIKTAALIK,20.0,384 well plate Grainer,m9134733,plasmid,2026-02-03,50,,P1,384,Economy,2.06077559051879660,824.31023620751860
H3,76.0,H,8,3,,384_Economy,17-L,MMD_18,,400.0,E191,1,TIKTAALIK,20.0,384 well plate Grainer,m9134733,plasmid,2026-02-03,50,,P1,384,Economy,1.46328926201321270,585.31570480528510
H4,85.0,H,8,4,,384_Economy,17-L,MMD_18,,400.0,E191,1,TIKTAALIK,20.0,384 well plate Grainer,m9134733,plasmid,2026-02-03,50,,P1,384,Economy,1.64871605361839380,659.48642144735750
H5,77.0,H,8,5,,384_Economy,17-L,MMD_18,,400.0,E191,1,TIKTAALIK,20.0,384 well plate Grainer,m9134733,plasmid,2026-02-03,50,,P1,384,Economy,1.48389223885823300,593.55689554329320
H6,79.0,H,8,6,,384_Economy,17-L,MMD_18,,400.0,E191,1,TIKTAALIK,20.0,384 well plate Grainer,m9134733,plasmid,2026-02-03,50,,P1,384,Economy,1.52509819254827320,610.03927701930920
H7,86.0,H,8,7,,384_Economy,17-L,MMD_18,,400.0,E191,1,TIKTAALIK,20.0,384 well plate Grainer,m9134733,plasmid,2026-02-03,50,,P1,384,Economy,1.66931903046341400,667.72761218536560
H8,80.0,H,8,8,,384_Economy,17-L,MMD_18,,400.0,E191,1,TIKTAALIK,20.0,384 well plate Grainer,m9134733,plasmid,2026-02-03,50,,P1,384,Economy,1.54570116939329340,618.28046775731740
H9,99.0,H,8,9,,384_Economy,17-L,MMD_18,,400.0,E191,1,TIKTAALIK,20.0,384 well plate Grainer,m9134733,plasmid,2026-02-03,50,,P1,384,Economy,1.93715772944867570,774.86309177947030
H10,94.0,H,8,10,,384_Economy,17-L,MMD_18,,400.0,E191,1,TIKTAALIK,20.0,384 well plate Grainer,m9134733,plasmid,2026-02-03,50,,P1,384,Economy,1.83414284522357500,733.65713808943010
H11,96.0,H,8,11,,384_Economy,17-L,MMD_18,,400.0,E191,1,TIKTAALIK,20.0,384 well plate Grainer,m9134733,plasmid,2026-02-03,50,,P1,384,Economy,1.87534879891361530,750.13951956544610
H12,92.0,H,8,12,,384_Economy,17-L,MMD_18,,400.0,E191,1,TIKTAALIK,20.0,384 well plate Grainer,m9134733,plasmid,2026-02-03,50,,P1,384,Economy,1.79293689153353490,717.17475661341390
H13,73.0,H,8,13,,384_Economy,17-L,MMD_18,,400.0,E191,1,TIKTAALIK,20.0,384 well plate Grainer,m9134733,plasmid,2026-02-03,50,,P1,384,Economy,1.40148033147815230,560.59213259126090
H14,69.0,H,8,14,,384_Economy,17-L,MMD_18,,400.0,E191,1,TIKTAALIK,20.0,384 well plate Grainer,m9134733,plasmid,2026-02-03,50,,P1,384,Economy,1.31906842409807200,527.62736963922870
H15,80.0,H,8,15,,384_Economy,17-L,MMD_18,,400.0,E191,1,TIKTAALIK,20.0,384 well plate Grainer,m9134733,plasmid,2026-02-03,50,,P1,384,Economy,1.54570116939329340,618.28046775731740
H16,67.0,H,8,16,,384_Economy,17-L,MMD_18,,400.0,E191,1,TIKTAALIK,20.0,384 well plate Grainer,m9134733,plasmid,2026-02-03,50,,P1,384,Economy,1.27786247040803170,511.14498816321270
H17,8.0,H,8,17,,,,,,,E191,1,TIKTAALIK,,384 well plate Grainer,m9134733,,2026-02-03,50,,P1,,,0.06228683655184425,
H18,8.0,H,8,18,,,,,,,E191,1,TIKTAALIK,,384 well plate Grainer,m9134733,,2026-02-03,50,,P1,,,0.06228683655184425,
H19,9.0,H,8,19,,,,,,,E191,1,TIKTAALIK,,384 well plate Grainer,m9134733,,2026-02-03,50,,P1,,,0.08288981339686438,
H20,6.0,H,8,20,,,,,,,E191,1,TIKTAALIK,,384 well plate Grainer,m9134733,,2026-02-03,50,,P1,,,0.02108088286180400,
H21,6.0,H,8,21,,,,,,,E191,1,TIKTAALIK,,384 well plate Grainer,m9134733,,2026-02-03,50,,P1,,,0.02108088286180400,
H22,7.0,H,8,22,,,,,,,E191,1,TIKTAALIK,,384 well plate Grainer,m9134733,,2026-02-03,50,,P1,,,0.04168385970682412,
H23,380.0,H,8,23,,Standard - 4,,,8.0,,E191,1,TIKTAALIK,,384 well plate Grainer,m9134733,,2026-02-03,50,,P1,Standard - 4,,7.72659422289933050,
H24,7.0,H,8,24,,,,,,,E191,1,TIKTAALIK,,384 well plate Grainer,m9134733,,2026-02-03,50,,P1,,,0.04168385970682412,
I1,204.0,I,9,1,,384_Ready96,17-L,MMC_17,,400.0,E191,1,TIKTAALIK,10.0,384 well plate Grainer,m9134733,plasmid,2026-02-03,50,,P1,384,Ready96,4.10047029817578900,1640.18811927031540
I2,318.0,I,9,2,,384_Ready96,17-L,MMC_17,,400.0,E191,1,TIKTAALIK,10.0,384 well plate Grainer,m9134733,plasmid,2026-02-03,50,,P1,384,Ready96,6.44920965850808300,2579.68386340323330
I3,236.0,I,9,3,,384_Ready96,17-L,MMC_17,,400.0,E191,1,TIKTAALIK,10.0,384 well plate Grainer,m9134733,plasmid,2026-02-03,50,,P1,384,Ready96,4.75976555721643300,1903.90622288657320
I4,261.0,I,9,4,,384_Ready96,17-L,MMC_17,,400.0,E191,1,TIKTAALIK,10.0,384 well plate Grainer,m9134733,plasmid,2026-02-03,50,,P1,384,Ready96,5.27483997834193550,2109.93599133677440
I5,241.0,I,9,5,,384_Ready96,17-L,MMC_17,,400.0,E191,1,TIKTAALIK,10.0,384 well plate Grainer,m9134733,plasmid,2026-02-03,50,,P1,384,Ready96,4.86278044144153400,1945.11217657661360
I6,263.0,I,9,6,,384_Ready96,17-L,MMC_17,,400.0,E191,1,TIKTAALIK,10.0,384 well plate Grainer,m9134733,plasmid,2026-02-03,50,,P1,384,Ready96,5.31604593203197600,2126.41837281279050
I7,261.0,I,9,7,,384_Ready96,17-L,MMC_17,,400.0,E191,1,TIKTAALIK,10.0,384 well plate Grainer,m9134733,plasmid,2026-02-03,50,,P1,384,Ready96,5.27483997834193550,2109.93599133677440
I8,301.0,I,9,8,,384_Ready96,17-L,MMC_17,,400.0,E191,1,TIKTAALIK,10.0,384 well plate Grainer,m9134733,plasmid,2026-02-03,50,,P1,384,Ready96,6.09895905214274100,2439.58362085709630
I9,287.0,I,9,9,,384_Ready96,17-L,MMC_17,,400.0,E191,1,TIKTAALIK,10.0,384 well plate Grainer,m9134733,plasmid,2026-02-03,50,,P1,384,Ready96,5.81051737631245900,2324.20695052498380
I10,295.0,I,9,10,,384_Ready96,17-L,MMC_17,,400.0,E191,1,TIKTAALIK,10.0,384 well plate Grainer,m9134733,plasmid,2026-02-03,50,,P1,384,Ready96,5.97534119107262000,2390.13647642904800
I11,236.0,I,9,11,,384_Ready96,17-L,MMC_17,,400.0,E191,1,TIKTAALIK,10.0,384 well plate Grainer,m9134733,plasmid,2026-02-03,50,,P1,384,Ready96,4.75976555721643300,1903.90622288657320
I12,289.0,I,9,12,,384_Ready96,17-L,MMC_17,,400.0,E191,1,TIKTAALIK,10.0,384 well plate Grainer,m9134733,plasmid,2026-02-03,50,,P1,384,Ready96,5.85172333000250000,2340.68933200100000
I13,347.0,I,9,13,,384_Ready96,17-L,MMC_17,,400.0,E191,1,TIKTAALIK,10.0,384 well plate Grainer,m9134733,plasmid,2026-02-03,50,,P1,384,Ready96,7.04669598701366700,2818.67839480546670
I14,286.0,I,9,14,,384_Ready96,17-L,MMC_17,,400.0,E191,1,TIKTAALIK,10.0,384 well plate Grainer,m9134733,plasmid,2026-02-03,50,,P1,384,Ready96,5.78991439946743900,2315.96575978697550
I15,262.0,I,9,15,,384_Ready96,17-L,MMC_17,,400.0,E191,1,TIKTAALIK,10.0,384 well plate Grainer,m9134733,plasmid,2026-02-03,50,,P1,384,Ready96,5.29544295518695600,2118.17718207478200
I16,293.0,I,9,16,,384_Ready96,17-L,MMC_17,,400.0,E191,1,TIKTAALIK,10.0,384 well plate Grainer,m9134733,plasmid,2026-02-03,50,,P1,384,Ready96,5.93413523738258000,2373.65409495303170
I17,7.0,I,9,17,,,,,,,E191,1,TIKTAALIK,,384 well plate Grainer,m9134733,,2026-02-03,50,,P1,,,0.04168385970682412,
I18,93.0,I,9,18,executional error,384_control,12-L,MMA_7,,400.0,E191,1,TIKTAALIK,10.0,384 well plate Grainer,m9134733,plasmid,2026-02-03,50,,P1,384,control,1.81353986837855490,725.41594735142190
I19,104.0,I,9,19,executional error,384_control,12-L,MMA_7,,400.0,E191,1,TIKTAALIK,10.0,384 well plate Grainer,m9134733,plasmid,2026-02-03,50,,P1,384,control,2.04017261367377630,816.06904546951060
I20,8.0,I,9,20,,,,,,,E191,1,TIKTAALIK,,384 well plate Grainer,m9134733,,2026-02-03,50,,P1,,,0.06228683655184425,
I21,8.0,I,9,21,,,,,,,E191,1,TIKTAALIK,,384 well plate Grainer,m9134733,,2026-02-03,50,,P1,,,0.06228683655184425,
I22,9.0,I,9,22,,,,,,,E191,1,TIKTAALIK,,384 well plate Grainer,m9134733,,2026-02-03,50,,P1,,,0.08288981339686438,
I23,786.0,I,9,23,,Standard - 5,,,16.0,,E191,1,TIKTAALIK,,384 well plate Grainer,m9134733,,2026-02-03,50,,P1,Standard - 5,,16.09140282197750300,
I24,930.0,I,9,24,,Standard - 5,,,16.0,,E191,1,TIKTAALIK,,384 well plate Grainer,m9134733,,2026-02-03,50,,P1,Standard - 5,,19.05823148766040000,
J1,307.0,J,10,1,,384_Ready96,17-L,MMC_17,,400.0,E191,1,TIKTAALIK,10.0,384 well plate Grainer,m9134733,plasmid,2026-02-03,50,,P1,384,Ready96,6.22257691321286200,2489.03076528514480
J2,289.0,J,10,2,,384_Ready96,17-L,MMC_17,,400.0,E191,1,TIKTAALIK,10.0,384 well plate Grainer,m9134733,plasmid,2026-02-03,50,,P1,384,Ready96,5.85172333000250000,2340.68933200100000
J3,289.0,J,10,3,,384_Ready96,17-L,MMC_17,,400.0,E191,1,TIKTAALIK,10.0,384 well plate Grainer,m9134733,plasmid,2026-02-03,50,,P1,384,Ready96,5.85172333000250000,2340.68933200100000
J4,295.0,J,10,4,,384_Ready96,17-L,MMC_17,,400.0,E191,1,TIKTAALIK,10.0,384 well plate Grainer,m9134733,plasmid,2026-02-03,50,,P1,384,Ready96,5.97534119107262000,2390.13647642904800
J5,254.0,J,10,5,,384_Ready96,17-L,MMC_17,,400.0,E191,1,TIKTAALIK,10.0,384 well plate Grainer,m9134733,plasmid,2026-02-03,50,,P1,384,Ready96,5.13061914042679500,2052.24765617071800
J6,328.0,J,10,6,,384_Ready96,17-L,MMC_17,,400.0,E191,1,TIKTAALIK,10.0,384 well plate Grainer,m9134733,plasmid,2026-02-03,50,,P1,384,Ready96,6.65523942695828500,2662.09577078331400
J7,281.0,J,10,7,,384_Ready96,17-L,MMC_17,,400.0,E191,1,TIKTAALIK,10.0,384 well plate Grainer,m9134733,plasmid,2026-02-03,50,,P1,384,Ready96,5.68689951524233800,2274.75980609693530
J8,307.0,J,10,8,,384_Ready96,17-L,MMC_17,,400.0,E191,1,TIKTAALIK,10.0,384 well plate Grainer,m9134733,plasmid,2026-02-03,50,,P1,384,Ready96,6.22257691321286200,2489.03076528514480
J9,305.0,J,10,9,,384_Ready96,17-L,MMC_17,,400.0,E191,1,TIKTAALIK,10.0,384 well plate Grainer,m9134733,plasmid,2026-02-03,50,,P1,384,Ready96,6.18137095952282150,2472.54838380912860
J10,300.0,J,10,10,,384_Ready96,17-L,MMC_17,,400.0,E191,1,TIKTAALIK,10.0,384 well plate Grainer,m9134733,plasmid,2026-02-03,50,,P1,384,Ready96,6.07835607529772100,2431.34243011908850
J11,291.0,J,10,11,,384_Ready96,17-L,MMC_17,,400.0,E191,1,TIKTAALIK,10.0,384 well plate Grainer,m9134733,plasmid,2026-02-03,50,,P1,384,Ready96,5.89292928369253900,2357.17171347701560
J12,309.0,J,10,12,,384_Ready96,17-L,MMC_17,,400.0,E191,1,TIKTAALIK,10.0,384 well plate Grainer,m9134733,plasmid,2026-02-03,50,,P1,384,Ready96,6.26378286690290200,2505.51314676116100
J13,303.0,J,10,13,,384_Ready96,17-L,MMC_17,,400.0,E191,1,TIKTAALIK,10.0,384 well plate Grainer,m9134733,plasmid,2026-02-03,50,,P1,384,Ready96,6.14016500583278100,2456.06600233311250
J14,317.0,J,10,14,,384_Ready96,17-L,MMC_17,,400.0,E191,1,TIKTAALIK,10.0,384 well plate Grainer,m9134733,plasmid,2026-02-03,50,,P1,384,Ready96,6.42860668166306300,2571.44267266522550
J15,230.0,J,10,15,,384_Ready96,17-L,MMC_17,,400.0,E191,1,TIKTAALIK,10.0,384 well plate Grainer,m9134733,plasmid,2026-02-03,50,,P1,384,Ready96,4.63614769614631200,1854.45907845852500
J16,309.0,J,10,16,,384_Ready96,17-L,MMC_17,,400.0,E191,1,TIKTAALIK,10.0,384 well plate Grainer,m9134733,plasmid,2026-02-03,50,,P1,384,Ready96,6.26378286690290200,2505.51314676116100
J17,6.0,J,10,17,,,,,,,E191,1,TIKTAALIK,,384 well plate Grainer,m9134733,,2026-02-03,50,,P1,,,0.02108088286180400,
J18,10.0,J,10,18,,,,,,,E191,1,TIKTAALIK,,384 well plate Grainer,m9134733,,2026-02-03,50,,P1,,,0.10349279024188451,
J19,9.0,J,10,19,,,,,,,E191,1,TIKTAALIK,,384 well plate Grainer,m9134733,,2026-02-03,50,,P1,,,0.08288981339686438,
J20,8.0,J,10,20,,,,,,,E191,1,TIKTAALIK,,384 well plate Grainer,m9134733,,2026-02-03,50,,P1,,,0.06228683655184425,
J21,7.0,J,10,21,,,,,,,E191,1,TIKTAALIK,,384 well plate Grainer,m9134733,,2026-02-03,50,,P1,,,0.04168385970682412,
J22,7.0,J,10,22,,,,,,,E191,1,TIKTAALIK,,384 well plate Grainer,m9134733,,2026-02-03,50,,P1,,,0.04168385970682412,
J23,703.0,J,10,23,,Standard - 5,,,16.0,,E191,1,TIKTAALIK,,384 well plate Grainer,m9134733,,2026-02-03,50,,P1,Standard - 5,,14.38135574384083200,
J24,8.0,J,10,24,,,,,,,E191,1,TIKTAALIK,,384 well plate Grainer,m9134733,,2026-02-03,50,,P1,,,0.06228683655184425,
K1,402.0,K,11,1,,384_Ready96,17-L,MMC_17,,400.0,E191,1,TIKTAALIK,5.0,384 well plate Grainer,m9134733,plasmid,2026-02-03,50,,P1,384,Ready96,8.17985971348977400,3271.94388539590950
K2,422.0,K,11,2,,384_Ready96,17-L,MMC_17,,400.0,E191,1,TIKTAALIK,5.0,384 well plate Grainer,m9134733,plasmid,2026-02-03,50,,P1,384,Ready96,8.59191925039017700,3436.76770015607050
K3,440.0,K,11,3,,384_Ready96,17-L,MMC_17,,400.0,E191,1,TIKTAALIK,5.0,384 well plate Grainer,m9134733,plasmid,2026-02-03,50,,P1,384,Ready96,8.96277283360053900,3585.10913344021540
K4,410.0,K,11,4,,384_Ready96,17-L,MMC_17,,400.0,E191,1,TIKTAALIK,5.0,384 well plate Grainer,m9134733,plasmid,2026-02-03,50,,P1,384,Ready96,8.34468352824993400,3337.87341129997370
K5,428.0,K,11,5,,384_Ready96,17-L,MMC_17,,400.0,E191,1,TIKTAALIK,5.0,384 well plate Grainer,m9134733,plasmid,2026-02-03,50,,P1,384,Ready96,8.71553711146029600,3486.21484458411850
K6,446.0,K,11,6,,384_Ready96,17-L,MMC_17,,400.0,E191,1,TIKTAALIK,5.0,384 well plate Grainer,m9134733,plasmid,2026-02-03,50,,P1,384,Ready96,9.08639069467065900,3634.55627786826340
K7,435.0,K,11,7,,384_Ready96,17-L,MMC_17,,400.0,E191,1,TIKTAALIK,5.0,384 well plate Grainer,m9134733,plasmid,2026-02-03,50,,P1,384,Ready96,8.85975794937543700,3543.90317975017500
K8,447.0,K,11,8,,384_Ready96,17-L,MMC_17,,400.0,E191,1,TIKTAALIK,5.0,384 well plate Grainer,m9134733,plasmid,2026-02-03,50,,P1,384,Ready96,9.10699367151568000,3642.79746860627170
K9,479.0,K,11,9,,384_Ready96,17-L,MMC_17,,400.0,E191,1,TIKTAALIK,5.0,384 well plate Grainer,m9134733,plasmid,2026-02-03,50,,P1,384,Ready96,9.76628893055632300,3906.51557222252900
K10,417.0,K,11,10,,384_Ready96,17-L,MMC_17,,400.0,E191,1,TIKTAALIK,5.0,384 well plate Grainer,m9134733,plasmid,2026-02-03,50,,P1,384,Ready96,8.48890436616507500,3395.56174646603000
K11,459.0,K,11,11,,384_Ready96,17-L,MMC_17,,400.0,E191,1,TIKTAALIK,5.0,384 well plate Grainer,m9134733,plasmid,2026-02-03,50,,P1,384,Ready96,9.35422939365592000,3741.69175746236800
K12,420.0,K,11,12,,384_Ready96,17-L,MMC_17,,400.0,E191,1,TIKTAALIK,5.0,384 well plate Grainer,m9134733,plasmid,2026-02-03,50,,P1,384,Ready96,8.55071329670013600,3420.28531868005440
K13,419.0,K,11,13,,384_Ready96,17-L,MMC_17,,400.0,E191,1,TIKTAALIK,5.0,384 well plate Grainer,m9134733,plasmid,2026-02-03,50,,P1,384,Ready96,8.53011031985511500,3412.04412794204600
K14,385.0,K,11,14,,384_Ready96,17-L,MMC_17,,400.0,E191,1,TIKTAALIK,5.0,384 well plate Grainer,m9134733,plasmid,2026-02-03,50,,P1,384,Ready96,7.82960910712443200,3131.84364284977260
K15,412.0,K,11,15,,384_Ready96,17-L,MMC_17,,400.0,E191,1,TIKTAALIK,5.0,384 well plate Grainer,m9134733,plasmid,2026-02-03,50,,P1,384,Ready96,8.38588948193997500,3354.35579277599000
K16,362.0,K,11,16,,384_Ready96,17-L,MMC_17,,400.0,E191,1,TIKTAALIK,5.0,384 well plate Grainer,m9134733,plasmid,2026-02-03,50,,P1,384,Ready96,7.35574063968896800,2942.29625587558760
K17,7.0,K,11,17,,,,,,,E191,1,TIKTAALIK,,384 well plate Grainer,m9134733,,2026-02-03,50,,P1,,,0.04168385970682412,
K18,91.0,K,11,18,executional error,384_control,12-L,MMA_7,,400.0,E191,1,TIKTAALIK,10.0,384 well plate Grainer,m9134733,plasmid,2026-02-03,50,,P1,384,control,1.77233391468851460,708.93356587540590
K19,96.0,K,11,19,executional error,384_control,12-L,MMA_7,,400.0,E191,1,TIKTAALIK,10.0,384 well plate Grainer,m9134733,plasmid,2026-02-03,50,,P1,384,control,1.87534879891361530,750.13951956544610
K20,9.0,K,11,20,,,,,,,E191,1,TIKTAALIK,,384 well plate Grainer,m9134733,,2026-02-03,50,,P1,,,0.08288981339686438,
K21,9.0,K,11,21,,,,,,,E191,1,TIKTAALIK,,384 well plate Grainer,m9134733,,2026-02-03,50,,P1,,,0.08288981339686438,
K22,7.0,K,11,22,,,,,,,E191,1,TIKTAALIK,,384 well plate Grainer,m9134733,,2026-02-03,50,,P1,,,0.04168385970682412,
K23,1538.0,K,11,23,,Standard - 6,,,32.0,,E191,1,TIKTAALIK,,384 well plate Grainer,m9134733,,2026-02-03,50,,P1,Standard - 6,,31.58484140943263400,
K24,1865.0,K,11,24,,Standard - 6,,,32.0,,E191,1,TIKTAALIK,,384 well plate Grainer,m9134733,,2026-02-03,50,,P1,Standard - 6,,38.32201483775421000,
L1,170.0,L,12,1,,384_Ready96,17-L,MMC_17,,400.0,E191,1,TIKTAALIK,20.0,384 well plate Grainer,m9134733,plasmid,2026-02-03,50,,P1,384,Ready96,3.39996908544510430,1359.98763417804180
L2,159.0,L,12,2,,384_Ready96,17-L,MMC_17,,400.0,E191,1,TIKTAALIK,20.0,384 well plate Grainer,m9134733,plasmid,2026-02-03,50,,P1,384,Ready96,3.17333634014988330,1269.33453605995330
L3,160.0,L,12,3,,384_Ready96,17-L,MMC_17,,400.0,E191,1,TIKTAALIK,20.0,384 well plate Grainer,m9134733,plasmid,2026-02-03,50,,P1,384,Ready96,3.19393931699490350,1277.57572679796140
L4,155.0,L,12,4,,384_Ready96,17-L,MMC_17,,400.0,E191,1,TIKTAALIK,20.0,384 well plate Grainer,m9134733,plasmid,2026-02-03,50,,P1,384,Ready96,3.09092443276980300,1236.36977310792120
L5,138.0,L,12,5,,384_Ready96,17-L,MMC_17,,400.0,E191,1,TIKTAALIK,20.0,384 well plate Grainer,m9134733,plasmid,2026-02-03,50,,P1,384,Ready96,2.74067382640446060,1096.26953056178420
L6,154.0,L,12,6,,384_Ready96,17-L,MMC_17,,400.0,E191,1,TIKTAALIK,20.0,384 well plate Grainer,m9134733,plasmid,2026-02-03,50,,P1,384,Ready96,3.07032145592478270,1228.12858236991310
L7,135.0,L,12,7,,384_Ready96,17-L,MMC_17,,400.0,E191,1,TIKTAALIK,20.0,384 well plate Grainer,m9134733,plasmid,2026-02-03,50,,P1,384,Ready96,2.67886489586940040,1071.54595834776020
L8,142.0,L,12,8,,384_Ready96,17-L,MMC_17,,400.0,E191,1,TIKTAALIK,20.0,384 well plate Grainer,m9134733,plasmid,2026-02-03,50,,P1,384,Ready96,2.82308573378454100,1129.23429351381630
L9,148.0,L,12,9,,384_Ready96,17-L,MMC_17,,400.0,E191,1,TIKTAALIK,20.0,384 well plate Grainer,m9134733,plasmid,2026-02-03,50,,P1,384,Ready96,2.94670359485466200,1178.68143794186470
L10,154.0,L,12,10,,384_Ready96,17-L,MMC_17,,400.0,E191,1,TIKTAALIK,20.0,384 well plate Grainer,m9134733,plasmid,2026-02-03,50,,P1,384,Ready96,3.07032145592478270,1228.12858236991310
L11,178.0,L,12,11,,384_Ready96,17-L,MMC_17,,400.0,E191,1,TIKTAALIK,20.0,384 well plate Grainer,m9134733,plasmid,2026-02-03,50,,P1,384,Ready96,3.56479290020526560,1425.91716008210620
L12,161.0,L,12,12,,384_Ready96,17-L,MMC_17,,400.0,E191,1,TIKTAALIK,20.0,384 well plate Grainer,m9134733,plasmid,2026-02-03,50,,P1,384,Ready96,3.21454229383992330,1285.81691753596940
L13,154.0,L,12,13,,384_Ready96,17-L,MMC_17,,400.0,E191,1,TIKTAALIK,20.0,384 well plate Grainer,m9134733,plasmid,2026-02-03,50,,P1,384,Ready96,3.07032145592478270,1228.12858236991310
L14,152.0,L,12,14,,384_Ready96,17-L,MMC_17,,400.0,E191,1,TIKTAALIK,20.0,384 well plate Grainer,m9134733,plasmid,2026-02-03,50,,P1,384,Ready96,3.02911550223474220,1211.64620089389700
L15,159.0,L,12,15,,384_Ready96,17-L,MMC_17,,400.0,E191,1,TIKTAALIK,20.0,384 well plate Grainer,m9134733,plasmid,2026-02-03,50,,P1,384,Ready96,3.17333634014988330,1269.33453605995330
L16,165.0,L,12,16,,384_Ready96,17-L,MMC_17,,400.0,E191,1,TIKTAALIK,20.0,384 well plate Grainer,m9134733,plasmid,2026-02-03,50,,P1,384,Ready96,3.29695420122000370,1318.78168048800150
L17,7.0,L,12,17,,,,,,,E191,1,TIKTAALIK,,384 well plate Grainer,m9134733,,2026-02-03,50,,P1,,,0.04168385970682412,
L18,8.0,L,12,18,,,,,,,E191,1,TIKTAALIK,,384 well plate Grainer,m9134733,,2026-02-03,50,,P1,,,0.06228683655184425,
L19,9.0,L,12,19,,,,,,,E191,1,TIKTAALIK,,384 well plate Grainer,m9134733,,2026-02-03,50,,P1,,,0.08288981339686438,
L20,7.0,L,12,20,,,,,,,E191,1,TIKTAALIK,,384 well plate Grainer,m9134733,,2026-02-03,50,,P1,,,0.04168385970682412,
L21,9.0,L,12,21,,,,,,,E191,1,TIKTAALIK,,384 well plate Grainer,m9134733,,2026-02-03,50,,P1,,,0.08288981339686438,
L22,10.0,L,12,22,,,,,,,E191,1,TIKTAALIK,,384 well plate Grainer,m9134733,,2026-02-03,50,,P1,,,0.10349279024188451,
L23,1354.0,L,12,23,,Standard - 6,,,32.0,,E191,1,TIKTAALIK,,384 well plate Grainer,m9134733,,2026-02-03,50,,P1,Standard - 6,,27.79389366994893300,
L24,7.0,L,12,24,,,,,,,E191,1,TIKTAALIK,,384 well plate Grainer,m9134733,,2026-02-03,50,,P1,,,0.04168385970682412,
M1,7.0,M,13,1,,,,,,,E191,1,TIKTAALIK,,384 well plate Grainer,m9134733,,2026-02-03,50,,P1,,,0.04168385970682412,
M2,68.0,M,13,2,,,,,,,E191,1,TIKTAALIK,,384 well plate Grainer,m9134733,,2026-02-03,50,,P1,,,1.29846544725305170,
M3,5.0,M,13,3,,,,,,,E191,1,TIKTAALIK,,384 well plate Grainer,m9134733,,2026-02-03,50,,P1,,,0.00047790601678388,
M4,84.0,M,13,4,,,,,,,E191,1,TIKTAALIK,,384 well plate Grainer,m9134733,,2026-02-03,50,,P1,,,1.62811307677337380,
M5,239.0,M,13,5,,,,,,,E191,1,TIKTAALIK,,384 well plate Grainer,m9134733,,2026-02-03,50,,P1,,,4.82157448775149300,
M6,95.0,M,13,6,,,,,,,E191,1,TIKTAALIK,,384 well plate Grainer,m9134733,,2026-02-03,50,,P1,,,1.85474582206859500,
M7,319.0,M,13,7,,,,,,,E191,1,TIKTAALIK,,384 well plate Grainer,m9134733,,2026-02-03,50,,P1,,,6.46981263535310400,
M8,88.0,M,13,8,,,,,,,E191,1,TIKTAALIK,,384 well plate Grainer,m9134733,,2026-02-03,50,,P1,,,1.71052498415345420,
M9,349.0,M,13,9,,,,,,,E191,1,TIKTAALIK,,384 well plate Grainer,m9134733,,2026-02-03,50,,P1,,,7.08790194070370700,
M10,91.0,M,13,10,,,,,,,E191,1,TIKTAALIK,,384 well plate Grainer,m9134733,,2026-02-03,50,,P1,,,1.77233391468851460,
M11,394.0,M,13,11,,,,,,,E191,1,TIKTAALIK,,384 well plate Grainer,m9134733,,2026-02-03,50,,P1,,,8.01503589872961300,
M12,99.0,M,13,12,,,,,,,E191,1,TIKTAALIK,,384 well plate Grainer,m9134733,,2026-02-03,50,,P1,,,1.93715772944867570,
M13,302.0,M,13,13,,,,,,,E191,1,TIKTAALIK,,384 well plate Grainer,m9134733,,2026-02-03,50,,P1,,,6.11956202898776100,
M14,92.0,M,13,14,,,,,,,E191,1,TIKTAALIK,,384 well plate Grainer,m9134733,,2026-02-03,50,,P1,,,1.79293689153353490,
M15,312.0,M,13,15,,,,,,,E191,1,TIKTAALIK,20.0,384 well plate Grainer,m9134733,plasmid,2026-02-03,50,,P1,,,6.32559179743796200,
M16,95.0,M,13,16,,,,,,,E191,1,TIKTAALIK,,384 well plate Grainer,m9134733,plasmid,2026-02-03,50,,P1,,,1.85474582206859500,
M17,5.0,M,13,17,,,,,,,E191,1,TIKTAALIK,,384 well plate Grainer,m9134733,,2026-02-03,50,,P1,,,0.00047790601678388,
M18,92.0,M,13,18,executional error,384_control,12-L,MMA_7,,400.0,E191,1,TIKTAALIK,10.0,384 well plate Grainer,m9134733,plasmid,2026-02-03,50,,P1,384,control,1.79293689153353490,717.17475661341390
M19,95.0,M,13,19,executional error,384_control,12-L,MMA_7,,400.0,E191,1,TIKTAALIK,10.0,384 well plate Grainer,m9134733,plasmid,2026-02-03,50,,P1,384,control,1.85474582206859500,741.89832882743800
M20,10.0,M,13,20,,,,,,,E191,1,TIKTAALIK,,384 well plate Grainer,m9134733,,2026-02-03,50,,P1,,,0.10349279024188451,
M21,10.0,M,13,21,,,,,,,E191,1,TIKTAALIK,,384 well plate Grainer,m9134733,,2026-02-03,50,,P1,,,0.10349279024188451,
M22,7.0,M,13,22,,,,,,,E191,1,TIKTAALIK,,384 well plate Grainer,m9134733,,2026-02-03,50,,P1,,,0.04168385970682412,
M23,3224.0,M,13,23,,Standard - 7,,,64.0,,E191,1,TIKTAALIK,,384 well plate Grainer,m9134733,,2026-02-03,50,,P1,Standard - 7,,66.32146037013656000,
M24,3294.0,M,13,24,,Standard - 7,,,64.0,,E191,1,TIKTAALIK,,384 well plate Grainer,m9134733,,2026-02-03,50,,P1,Standard - 7,,67.76366874928797000,
N1,8.0,N,14,1,,,,,,,E191,1,TIKTAALIK,,384 well plate Grainer,m9134733,,2026-02-03,50,,P1,,,0.06228683655184425,
N2,8.0,N,14,2,,,,,,,E191,1,TIKTAALIK,,384 well plate Grainer,m9134733,,2026-02-03,50,,P1,,,0.06228683655184425,
N3,6.0,N,14,3,,,,,,,E191,1,TIKTAALIK,,384 well plate Grainer,m9134733,,2026-02-03,50,,P1,,,0.02108088286180400,
N4,10.0,N,14,4,,,,,,,E191,1,TIKTAALIK,,384 well plate Grainer,m9134733,,2026-02-03,50,,P1,,,0.10349279024188451,
N5,286.0,N,14,5,,,,,,,E191,1,TIKTAALIK,,384 well plate Grainer,m9134733,,2026-02-03,50,,P1,,,5.78991439946743900,
N6,8.0,N,14,6,,,,,,,E191,1,TIKTAALIK,,384 well plate Grainer,m9134733,,2026-02-03,50,,P1,,,0.06228683655184425,
N7,309.0,N,14,7,,,,,,,E191,1,TIKTAALIK,,384 well plate Grainer,m9134733,,2026-02-03,50,,P1,,,6.26378286690290200,
N8,6.0,N,14,8,,,,,,,E191,1,TIKTAALIK,,384 well plate Grainer,m9134733,,2026-02-03,50,,P1,,,0.02108088286180400,
N9,310.0,N,14,9,,,,,,,E191,1,TIKTAALIK,,384 well plate Grainer,m9134733,,2026-02-03,50,,P1,,,6.28438584374792250,
N10,6.0,N,14,10,,,,,,,E191,1,TIKTAALIK,,384 well plate Grainer,m9134733,,2026-02-03,50,,P1,,,0.02108088286180400,
N11,297.0,N,14,11,,,,,,,E191,1,TIKTAALIK,,384 well plate Grainer,m9134733,,2026-02-03,50,,P1,,,6.01654714476266100,
N12,9.0,N,14,12,,,,,,,E191,1,TIKTAALIK,,384 well plate Grainer,m9134733,,2026-02-03,50,,P1,,,0.08288981339686438,
N13,290.0,N,14,13,,,,,,,E191,1,TIKTAALIK,,384 well plate Grainer,m9134733,,2026-02-03,50,,P1,,,5.87232630684752000,
N14,6.0,N,14,14,,,,,,,E191,1,TIKTAALIK,,384 well plate Grainer,m9134733,,2026-02-03,50,,P1,,,0.02108088286180400,
N15,264.0,N,14,15,,,,,,,E191,1,TIKTAALIK,20.0,384 well plate Grainer,m9134733,plasmid,2026-02-03,50,,P1,,,5.33664890887699600,
N16,7.0,N,14,16,,,,,,,E191,1,TIKTAALIK,,384 well plate Grainer,m9134733,,2026-02-03,50,,P1,,,0.04168385970682412,
N17,8.0,N,14,17,,,,,,,E191,1,TIKTAALIK,,384 well plate Grainer,m9134733,,2026-02-03,50,,P1,,,0.06228683655184425,
N18,7.0,N,14,18,,,,,,,E191,1,TIKTAALIK,,384 well plate Grainer,m9134733,,2026-02-03,50,,P1,,,0.04168385970682412,
N19,5.0,N,14,19,,,,,,,E191,1,TIKTAALIK,,384 well plate Grainer,m9134733,,2026-02-03,50,,P1,,,0.00047790601678388,
N20,7.0,N,14,20,,,,,,,E191,1,TIKTAALIK,,384 well plate Grainer,m9134733,,2026-02-03,50,,P1,,,0.04168385970682412,
N21,9.0,N,14,21,,,,,,,E191,1,TIKTAALIK,,384 well plate Grainer,m9134733,,2026-02-03,50,,P1,,,0.08288981339686438,
N22,6.0,N,14,22,,,,,,,E191,1,TIKTAALIK,,384 well plate Grainer,m9134733,,2026-02-03,50,,P1,,,0.02108088286180400,
N23,2880.0,N,14,23,,Standard - 7,,,64.0,,E191,1,TIKTAALIK,,384 well plate Grainer,m9134733,,2026-02-03,50,,P1,Standard - 7,,59.23403633544964500,
N24,9.0,N,14,24,,,,,,,E191,1,TIKTAALIK,,384 well plate Grainer,m9134733,,2026-02-03,50,,P1,,,0.08288981339686438,
O1,8.0,O,15,1,,,,,,,E191,1,TIKTAALIK,,384 well plate Grainer,m9134733,,2026-02-03,50,,P1,,,0.06228683655184425,
O2,6.0,O,15,2,,,,,,,E191,1,TIKTAALIK,,384 well plate Grainer,m9134733,,2026-02-03,50,,P1,,,0.02108088286180400,
O3,7.0,O,15,3,,,,,,,E191,1,TIKTAALIK,,384 well plate Grainer,m9134733,,2026-02-03,50,,P1,,,0.04168385970682412,
O4,8.0,O,15,4,,,,,,,E191,1,TIKTAALIK,,384 well plate Grainer,m9134733,,2026-02-03,50,,P1,,,0.06228683655184425,
O5,309.0,O,15,5,,,,,,,E191,1,TIKTAALIK,,384 well plate Grainer,m9134733,,2026-02-03,50,,P1,,,6.26378286690290200,
O6,5.0,O,15,6,,,,,,,E191,1,TIKTAALIK,,384 well plate Grainer,m9134733,,2026-02-03,50,,P1,,,0.00047790601678388,
O7,367.0,O,15,7,,,,,,,E191,1,TIKTAALIK,,384 well plate Grainer,m9134733,,2026-02-03,50,,P1,,,7.45875552391406950,
O8,7.0,O,15,8,,,,,,,E191,1,TIKTAALIK,,384 well plate Grainer,m9134733,,2026-02-03,50,,P1,,,0.04168385970682412,
O9,351.0,O,15,9,,,,,,,E191,1,TIKTAALIK,,384 well plate Grainer,m9134733,,2026-02-03,50,,P1,,,7.12910789439374700,
O10,10.0,O,15,10,,,,,,,E191,1,TIKTAALIK,,384 well plate Grainer,m9134733,,2026-02-03,50,,P1,,,0.10349279024188451,
O11,191.0,O,15,11,,,,,,,E191,1,TIKTAALIK,,384 well plate Grainer,m9134733,,2026-02-03,50,,P1,,,3.83263159919052700,
O12,8.0,O,15,12,,,,,,,E191,1,TIKTAALIK,,384 well plate Grainer,m9134733,,2026-02-03,50,,P1,,,0.06228683655184425,
O13,201.0,O,15,13,,,,,,,E191,1,TIKTAALIK,,384 well plate Grainer,m9134733,,2026-02-03,50,,P1,,,4.03866136764072900,
O14,7.0,O,15,14,,,,,,,E191,1,TIKTAALIK,,384 well plate Grainer,m9134733,,2026-02-03,50,,P1,,,0.04168385970682412,
O15,251.0,O,15,15,,,,,,,E191,1,TIKTAALIK,20.0,384 well plate Grainer,m9134733,plasmid,2026-02-03,50,,P1,,,5.06881020989173500,
O16,8.0,O,15,16,,,,,,,E191,1,TIKTAALIK,,384 well plate Grainer,m9134733,,2026-02-03,50,,P1,,,0.06228683655184425,
O17,6.0,O,15,17,,,,,,,E191,1,TIKTAALIK,,384 well plate Grainer,m9134733,,2026-02-03,50,,P1,,,0.02108088286180400,
O18,97.0,O,15,18,executional error,384_control,12-L,MMA_7,,400.0,E191,1,TIKTAALIK,10.0,384 well plate Grainer,m9134733,plasmid,2026-02-03,50,,P1,384,control,1.89595177575863550,758.38071030345420
O19,121.0,O,15,19,executional error,384_control,12-L,MMA_7,,400.0,E191,1,TIKTAALIK,10.0,384 well plate Grainer,m9134733,plasmid,2026-02-03,50,,P1,384,control,2.39042322003911820,956.16928801564730
O20,6.0,O,15,20,,,,,,,E191,1,TIKTAALIK,,384 well plate Grainer,m9134733,,2026-02-03,50,,P1,,,0.02108088286180400,
O21,10.0,O,15,21,,,,,,,E191,1,TIKTAALIK,,384 well plate Grainer,m9134733,,2026-02-03,50,,P1,,,0.10349279024188451,
O22,9.0,O,15,22,,,,,,,E191,1,TIKTAALIK,,384 well plate Grainer,m9134733,,2026-02-03,50,,P1,,,0.08288981339686438,
O23,6362.0,O,15,23,,Standard - 8,,,128.0,,E191,1,TIKTAALIK,,384 well plate Grainer,m9134733,,2026-02-03,50,,P1,Standard - 8,,130.97360170980970000,
O24,6229.0,O,15,24,,Standard - 8,,,128.0,,E191,1,TIKTAALIK,,384 well plate Grainer,m9134733,,2026-02-03,50,,P1,Standard - 8,,128.23340578942205000,
P1,7.0,P,16,1,,,,,,,E191,1,TIKTAALIK,,384 well plate Grainer,m9134733,,2026-02-03,50,,P1,,,0.04168385970682412,
P2,7.0,P,16,2,,,,,,,E191,1,TIKTAALIK,,384 well plate Grainer,m9134733,,2026-02-03,50,,P1,,,0.04168385970682412,
P3,6.0,P,16,3,,,,,,,E191,1,TIKTAALIK,,384 well plate Grainer,m9134733,,2026-02-03,50,,P1,,,0.02108088286180400,
P4,8.0,P,16,4,,,,,,,E191,1,TIKTAALIK,,384 well plate Grainer,m9134733,,2026-02-03,50,,P1,,,0.06228683655184425,
P5,7.0,P,16,5,,,,,,,E191,1,TIKTAALIK,,384 well plate Grainer,m9134733,,2026-02-03,50,,P1,,,0.04168385970682412,
P6,6.0,P,16,6,,,,,,,E191,1,TIKTAALIK,,384 well plate Grainer,m9134733,,2026-02-03,50,,P1,,,0.02108088286180400,
P7,5.0,P,16,7,,,,,,,E191,1,TIKTAALIK,,384 well plate Grainer,m9134733,,2026-02-03,50,,P1,,,0.00047790601678388,
P8,9.0,P,16,8,,,,,,,E191,1,TIKTAALIK,,384 well plate Grainer,m9134733,,2026-02-03,50,,P1,,,0.08288981339686438,
P9,7.0,P,16,9,,,,,,,E191,1,TIKTAALIK,,384 well plate Grainer,m9134733,,2026-02-03,50,,P1,,,0.04168385970682412,
P10,6.0,P,16,10,,,,,,,E191,1,TIKTAALIK,,384 well plate Grainer,m9134733,,2026-02-03,50,,P1,,,0.02108088286180400,
P11,5.0,P,16,11,,,,,,,E191,1,TIKTAALIK,,384 well plate Grainer,m9134733,,2026-02-03,50,,P1,,,0.00047790601678388,
P12,8.0,P,16,12,,,,,,,E191,1,TIKTAALIK,,384 well plate Grainer,m9134733,,2026-02-03,50,,P1,,,0.06228683655184425,
P13,7.0,P,16,13,,,,,,,E191,1,TIKTAALIK,,384 well plate Grainer,m9134733,,2026-02-03,50,,P1,,,0.04168385970682412,
P14,8.0,P,16,14,,,,,,,E191,1,TIKTAALIK,,384 well plate Grainer,m9134733,,2026-02-03,50,,P1,,,0.06228683655184425,
P15,6.0,P,16,15,,,,,,,E191,1,TIKTAALIK,,384 well plate Grainer,m9134733,plasmid,2026-02-03,50,,P1,,,0.02108088286180400,
P16,7.0,P,16,16,,,,,,,E191,1,TIKTAALIK,,384 well plate Grainer,m9134733,,2026-02-03,50,,P1,,,0.04168385970682412,
P17,7.0,P,16,17,,,,,,,E191,1,TIKTAALIK,,384 well plate Grainer,m9134733,,2026-02-03,50,,P1,,,0.04168385970682412,
P18,10.0,P,16,18,,,,,,,E191,1,TIKTAALIK,,384 well plate Grainer,m9134733,,2026-02-03,50,,P1,,,0.10349279024188451,
P19,10.0,P,16,19,,,,,,,E191,1,TIKTAALIK,,384 well plate Grainer,m9134733,,2026-02-03,50,,P1,,,0.10349279024188451,
P20,9.0,P,16,20,,,,,,,E191,1,TIKTAALIK,,384 well plate Grainer,m9134733,,2026-02-03,50,,P1,,,0.08288981339686438,
P21,12.0,P,16,21,,,,,,,E191,1,TIKTAALIK,,384 well plate Grainer,m9134733,,2026-02-03,50,,P1,,,0.14469874393192475,
P22,9.0,P,16,22,,,,,,,E191,1,TIKTAALIK,,384 well plate Grainer,m9134733,,2026-02-03,50,,P1,,,0.08288981339686438,
P23,5943.0,P,16,23,,Standard - 8,,,128.0,,E191,1,TIKTAALIK,,384 well plate Grainer,m9134733,,2026-02-03,50,,P1,Standard - 8,,122.34095441174628000,
P24,10.0,P,16,24,,,,,,,E191,1,TIKTAALIK,,384 well plate Grainer,m9134733,,2026-02-03,50,,P1,,,0.10349279024188451,
A1,205.0,A,1,1,,,,,,,E192,1,TIKTAALIK,,384 well plate Grainer,m9134733,,2026-02-03,50,,P1,,,4.12107327502080900,
A2,180.0,A,1,2,,,,,,,E192,1,TIKTAALIK,,384 well plate Grainer,m9134733,,2026-02-03,50,,P1,,,3.60599885389530560,
A3,194.0,A,1,3,,,,,,,E192,1,TIKTAALIK,,384 well plate Grainer,m9134733,,2026-02-03,50,,P1,,,3.89444052972558770,
A4,192.0,A,1,4,,,,,,,E192,1,TIKTAALIK,,384 well plate Grainer,m9134733,,2026-02-03,50,,P1,,,3.85323457603554730,
A5,199.0,A,1,5,,,,,,,E192,1,TIKTAALIK,,384 well plate Grainer,m9134733,,2026-02-03,50,,P1,,,3.99745541395068840,
A6,207.0,A,1,6,,,,,,,E192,1,TIKTAALIK,,384 well plate Grainer,m9134733,,2026-02-03,50,,P1,,,4.16227922871084900,
A7,194.0,A,1,7,,,,,,,E192,1,TIKTAALIK,,384 well plate Grainer,m9134733,,2026-02-03,50,,P1,,,3.89444052972558770,
A8,246.0,A,1,8,,,,,,,E192,1,TIKTAALIK,,384 well plate Grainer,m9134733,,2026-02-03,50,,P1,,,4.96579532566663400,
A9,239.0,A,1,9,,,,,,,E192,1,TIKTAALIK,,384 well plate Grainer,m9134733,,2026-02-03,50,,P1,,,4.82157448775149300,
A10,244.0,A,1,10,,,,,,,E192,1,TIKTAALIK,,384 well plate Grainer,m9134733,,2026-02-03,50,,P1,,,4.92458937197659400,
A11,225.0,A,1,11,,,,,,,E192,1,TIKTAALIK,,384 well plate Grainer,m9134733,,2026-02-03,50,,P1,,,4.53313281192121100,
A12,237.0,A,1,12,,,,,,,E192,1,TIKTAALIK,,384 well plate Grainer,m9134733,,2026-02-03,50,,P1,,,4.78036853406145300,
A13,223.0,A,1,13,,,,,,,E192,1,TIKTAALIK,,384 well plate Grainer,m9134733,,2026-02-03,50,,P1,,,4.49192685823117100,
A14,231.0,A,1,14,,,,,,,E192,1,TIKTAALIK,,384 well plate Grainer,m9134733,,2026-02-03,50,,P1,,,4.65675067299133300,
A15,267.0,A,1,15,,,,,,,E192,1,TIKTAALIK,,384 well plate Grainer,m9134733,,2026-02-03,50,,P1,,,5.39845783941205700,
A16,306.0,A,1,16,,,,,,,E192,1,TIKTAALIK,,384 well plate Grainer,m9134733,,2026-02-03,50,,P1,,,6.20197393636784200,
A17,10.0,A,1,17,,,,,,,E192,1,TIKTAALIK,,384 well plate Grainer,m9134733,,2026-02-03,50,,P1,,,0.10349279024188451,
A18,109.0,A,1,18,,,,,,,E192,1,TIKTAALIK,,384 well plate Grainer,m9134733,,2026-02-03,50,,P1,,,2.14318749789887700,
A19,98.0,A,1,19,,,,,,,E192,1,TIKTAALIK,,384 well plate Grainer,m9134733,,2026-02-03,50,,P1,,,1.91655475260365550,
A20,7.0,A,1,20,,,,,,,E192,1,TIKTAALIK,,384 well plate Grainer,m9134733,,2026-02-03,50,,P1,,,0.04168385970682412,
A21,213.0,A,1,21,,spike-in,spike-in,spike-in,,100.0,E192,1,TIKTAALIK,10.0,384 well plate Grainer,m9134733,spike-in,2026-02-03,50,,P1,spike-in,,4.28589708978097000,428.58970897809695
A22,8.0,A,1,22,,,,,,,E192,1,TIKTAALIK,,384 well plate Grainer,m9134733,,2026-02-03,50,,P1,,,0.06228683655184425,
A23,36.0,A,1,23,,Standard - 1,,,1.0,,E192,1,TIKTAALIK,,384 well plate Grainer,m9134733,,2026-02-03,50,,P1,Standard - 1,,0.63917018821240780,
A24,34.0,A,1,24,,Standard - 1,,,1.0,,E192,1,TIKTAALIK,,384 well plate Grainer,m9134733,,2026-02-03,50,,P1,Standard - 1,,0.59796423452236750,
B1,220.0,B,2,1,,,,,,,E192,1,TIKTAALIK,,384 well plate Grainer,m9134733,,2026-02-03,50,,P1,,,4.43011792769611100,
B2,319.0,B,2,2,,,,,,,E192,1,TIKTAALIK,,384 well plate Grainer,m9134733,,2026-02-03,50,,P1,,,6.46981263535310400,
B3,215.0,B,2,3,,,,,,,E192,1,TIKTAALIK,,384 well plate Grainer,m9134733,,2026-02-03,50,,P1,,,4.32710304347101000,
B4,265.0,B,2,4,,,,,,,E192,1,TIKTAALIK,,384 well plate Grainer,m9134733,,2026-02-03,50,,P1,,,5.35725188572201600,
B5,232.0,B,2,5,,,,,,,E192,1,TIKTAALIK,,384 well plate Grainer,m9134733,,2026-02-03,50,,P1,,,4.67735364983635200,
B6,238.0,B,2,6,,,,,,,E192,1,TIKTAALIK,,384 well plate Grainer,m9134733,,2026-02-03,50,,P1,,,4.80097151090647300,
B7,228.0,B,2,7,,,,,,,E192,1,TIKTAALIK,,384 well plate Grainer,m9134733,,2026-02-03,50,,P1,,,4.59494174245627200,
B8,246.0,B,2,8,,,,,,,E192,1,TIKTAALIK,,384 well plate Grainer,m9134733,,2026-02-03,50,,P1,,,4.96579532566663400,
B9,248.0,B,2,9,,,,,,,E192,1,TIKTAALIK,,384 well plate Grainer,m9134733,,2026-02-03,50,,P1,,,5.00700127935667450,
B10,235.0,B,2,10,,,,,,,E192,1,TIKTAALIK,,384 well plate Grainer,m9134733,,2026-02-03,50,,P1,,,4.73916258037141300,
B11,233.0,B,2,11,,,,,,,E192,1,TIKTAALIK,,384 well plate Grainer,m9134733,,2026-02-03,50,,P1,,,4.69795662668137200,
B12,233.0,B,2,12,,,,,,,E192,1,TIKTAALIK,,384 well plate Grainer,m9134733,,2026-02-03,50,,P1,,,4.69795662668137200,
B13,222.0,B,2,13,,,,,,,E192,1,TIKTAALIK,,384 well plate Grainer,m9134733,,2026-02-03,50,,P1,,,4.47132388138615100,
B14,236.0,B,2,14,,,,,,,E192,1,TIKTAALIK,,384 well plate Grainer,m9134733,,2026-02-03,50,,P1,,,4.75976555721643300,
B15,251.0,B,2,15,,,,,,,E192,1,TIKTAALIK,,384 well plate Grainer,m9134733,,2026-02-03,50,,P1,,,5.06881020989173500,
B16,234.0,B,2,16,,,,,,,E192,1,TIKTAALIK,,384 well plate Grainer,m9134733,,2026-02-03,50,,P1,,,4.71855960352639200,
B17,9.0,B,2,17,,,,,,,E192,1,TIKTAALIK,,384 well plate Grainer,m9134733,,2026-02-03,50,,P1,,,0.08288981339686438,
B18,7.0,B,2,18,,,,,,,E192,1,TIKTAALIK,,384 well plate Grainer,m9134733,,2026-02-03,50,,P1,,,0.04168385970682412,
B19,9.0,B,2,19,,,,,,,E192,1,TIKTAALIK,,384 well plate Grainer,m9134733,,2026-02-03,50,,P1,,,0.08288981339686438,
B20,8.0,B,2,20,,,,,,,E192,1,TIKTAALIK,,384 well plate Grainer,m9134733,,2026-02-03,50,,P1,,,0.06228683655184425,
B21,56.0,B,2,21,,spike-in,spike-in,spike-in,,400.0,E192,1,TIKTAALIK,10.0,384 well plate Grainer,m9134733,spike-in,2026-02-03,50,,P1,spike-in,,1.05122972511281020,420.49189004512410
B22,6.0,B,2,22,,,,,,,E192,1,TIKTAALIK,,384 well plate Grainer,m9134733,,2026-02-03,50,,P1,,,0.02108088286180400,
B23,37.0,B,2,23,,Standard - 1,,,1.0,,E192,1,TIKTAALIK,,384 well plate Grainer,m9134733,,2026-02-03,50,,P1,Standard - 1,,0.65977316505742790,
B24,10.0,B,2,24,,,,,,,E192,1,TIKTAALIK,,384 well plate Grainer,m9134733,,2026-02-03,50,,P1,,,0.10349279024188451,
C1,392.0,C,3,1,,,,,,,E192,1,TIKTAALIK,,384 well plate Grainer,m9134733,,2026-02-03,50,,P1,,,7.97382994503957200,
C2,418.0,C,3,2,,,,,,,E192,1,TIKTAALIK,,384 well plate Grainer,m9134733,,2026-02-03,50,,P1,,,8.50950734301009600,
C3,311.0,C,3,3,,,,,,,E192,1,TIKTAALIK,,384 well plate Grainer,m9134733,,2026-02-03,50,,P1,,,6.30498882059294200,
C4,322.0,C,3,4,,,,,,,E192,1,TIKTAALIK,,384 well plate Grainer,m9134733,,2026-02-03,50,,P1,,,6.53162156588816300,
C5,338.0,C,3,5,,,,,,,E192,1,TIKTAALIK,,384 well plate Grainer,m9134733,,2026-02-03,50,,P1,,,6.86126919540848600,
C6,318.0,C,3,6,,,,,,,E192,1,TIKTAALIK,,384 well plate Grainer,m9134733,,2026-02-03,50,,P1,,,6.44920965850808300,
C7,349.0,C,3,7,,,,,,,E192,1,TIKTAALIK,,384 well plate Grainer,m9134733,,2026-02-03,50,,P1,,,7.08790194070370700,
C8,313.0,C,3,8,,,,,,,E192,1,TIKTAALIK,,384 well plate Grainer,m9134733,,2026-02-03,50,,P1,,,6.34619477428298200,
C9,352.0,C,3,9,,,,,,,E192,1,TIKTAALIK,,384 well plate Grainer,m9134733,,2026-02-03,50,,P1,,,7.14971087123876700,
C10,340.0,C,3,10,,,,,,,E192,1,TIKTAALIK,,384 well plate Grainer,m9134733,,2026-02-03,50,,P1,,,6.90247514909852500,
C11,338.0,C,3,11,,,,,,,E192,1,TIKTAALIK,,384 well plate Grainer,m9134733,,2026-02-03,50,,P1,,,6.86126919540848600,
C12,320.0,C,3,12,,,,,,,E192,1,TIKTAALIK,,384 well plate Grainer,m9134733,,2026-02-03,50,,P1,,,6.49041561219812400,
C13,345.0,C,3,13,,,,,,,E192,1,TIKTAALIK,,384 well plate Grainer,m9134733,,2026-02-03,50,,P1,,,7.00549003332362650,
C14,330.0,C,3,14,,,,,,,E192,1,TIKTAALIK,,384 well plate Grainer,m9134733,,2026-02-03,50,,P1,,,6.69644538064832400,
C15,323.0,C,3,15,,,,,,,E192,1,TIKTAALIK,,384 well plate Grainer,m9134733,,2026-02-03,50,,P1,,,6.55222454273318360,
C16,231.0,C,3,16,,,,,,,E192,1,TIKTAALIK,,384 well plate Grainer,m9134733,,2026-02-03,50,,P1,,,4.65675067299133300,
C17,9.0,C,3,17,,,,,,,E192,1,TIKTAALIK,,384 well plate Grainer,m9134733,,2026-02-03,50,,P1,,,0.08288981339686438,
C18,109.0,C,3,18,,,,,,,E192,1,TIKTAALIK,,384 well plate Grainer,m9134733,,2026-02-03,50,,P1,,,2.14318749789887700,
C19,108.0,C,3,19,,,,,,,E192,1,TIKTAALIK,,384 well plate Grainer,m9134733,,2026-02-03,50,,P1,,,2.12258452105385680,
C20,9.0,C,3,20,,,,,,,E192,1,TIKTAALIK,,384 well plate Grainer,m9134733,,2026-02-03,50,,P1,,,0.08288981339686438,
C21,237.0,C,3,21,,spike-in,spike-in,spike-in,,100.0,E192,1,TIKTAALIK,10.0,384 well plate Grainer,m9134733,spike-in,2026-02-03,50,,P1,spike-in,,4.78036853406145300,478.03685340614530
C22,8.0,C,3,22,,,,,,,E192,1,TIKTAALIK,,384 well plate Grainer,m9134733,,2026-02-03,50,,P1,,,0.06228683655184425,
C23,95.0,C,3,23,,Standard - 2,,,2.0,,E192,1,TIKTAALIK,,384 well plate Grainer,m9134733,,2026-02-03,50,,P1,Standard - 2,,1.85474582206859500,
C24,86.0,C,3,24,,Standard - 2,,,2.0,,E192,1,TIKTAALIK,,384 well plate Grainer,m9134733,,2026-02-03,50,,P1,Standard - 2,,1.66931903046341400,
D1,75.0,D,4,1,,,,,,,E192,1,TIKTAALIK,,384 well plate Grainer,m9134733,,2026-02-03,50,,P1,,,1.44268628516819280,
D2,120.0,D,4,2,,,,,,,E192,1,TIKTAALIK,,384 well plate Grainer,m9134733,,2026-02-03,50,,P1,,,2.36982024319409850,
D3,82.0,D,4,3,,,,,,,E192,1,TIKTAALIK,,384 well plate Grainer,m9134733,,2026-02-03,50,,P1,,,1.58690712308333360,
D4,112.0,D,4,4,,,,,,,E192,1,TIKTAALIK,,384 well plate Grainer,m9134733,,2026-02-03,50,,P1,,,2.20499642843393700,
D5,86.0,D,4,5,,,,,,,E192,1,TIKTAALIK,,384 well plate Grainer,m9134733,,2026-02-03,50,,P1,,,1.66931903046341400,
D6,139.0,D,4,6,,,,,,,E192,1,TIKTAALIK,,384 well plate Grainer,m9134733,,2026-02-03,50,,P1,,,2.76127680324948080,
D7,79.0,D,4,7,,,,,,,E192,1,TIKTAALIK,,384 well plate Grainer,m9134733,,2026-02-03,50,,P1,,,1.52509819254827320,
D8,125.0,D,4,8,,,,,,,E192,1,TIKTAALIK,,384 well plate Grainer,m9134733,,2026-02-03,50,,P1,,,2.47283512741919900,
D9,51.0,D,4,9,,,,,,,E192,1,TIKTAALIK,,384 well plate Grainer,m9134733,,2026-02-03,50,,P1,,,0.94821484088770960,
D10,128.0,D,4,10,,,,,,,E192,1,TIKTAALIK,,384 well plate Grainer,m9134733,,2026-02-03,50,,P1,,,2.53464405795425930,
D11,87.0,D,4,11,,,,,,,E192,1,TIKTAALIK,,384 well plate Grainer,m9134733,,2026-02-03,50,,P1,,,1.68992200730843420,
D12,129.0,D,4,12,,,,,,,E192,1,TIKTAALIK,,384 well plate Grainer,m9134733,,2026-02-03,50,,P1,,,2.55524703479927950,
D13,91.0,D,4,13,,,,,,,E192,1,TIKTAALIK,,384 well plate Grainer,m9134733,,2026-02-03,50,,P1,,,1.77233391468851460,
D14,128.0,D,4,14,,,,,,,E192,1,TIKTAALIK,,384 well plate Grainer,m9134733,,2026-02-03,50,,P1,,,2.53464405795425930,
D15,101.0,D,4,15,,,,,,,E192,1,TIKTAALIK,,384 well plate Grainer,m9134733,,2026-02-03,50,,P1,,,1.97836368313871570,
D16,136.0,D,4,16,,,,,,,E192,1,TIKTAALIK,,384 well plate Grainer,m9134733,,2026-02-03,50,,P1,,,2.69946787271442000,
D17,7.0,D,4,17,,,,,,,E192,1,TIKTAALIK,,384 well plate Grainer,m9134733,,2026-02-03,50,,P1,,,0.04168385970682412,
D18,8.0,D,4,18,,,,,,,E192,1,TIKTAALIK,,384 well plate Grainer,m9134733,,2026-02-03,50,,P1,,,0.06228683655184425,
D19,5.0,D,4,19,,,,,,,E192,1,TIKTAALIK,,384 well plate Grainer,m9134733,,2026-02-03,50,,P1,,,0.00047790601678388,
D20,8.0,D,4,20,,,,,,,E192,1,TIKTAALIK,,384 well plate Grainer,m9134733,,2026-02-03,50,,P1,,,0.06228683655184425,
D21,53.0,D,4,21,,spike-in,spike-in,spike-in,,400.0,E192,1,TIKTAALIK,10.0,384 well plate Grainer,m9134733,spike-in,2026-02-03,50,,P1,spike-in,,0.98942079457774980,395.76831783109990
D22,9.0,D,4,22,,,,,,,E192,1,TIKTAALIK,,384 well plate Grainer,m9134733,,2026-02-03,50,,P1,,,0.08288981339686438,
D23,93.0,D,4,23,,Standard - 2,,,2.0,,E192,1,TIKTAALIK,,384 well plate Grainer,m9134733,,2026-02-03,50,,P1,Standard - 2,,1.81353986837855490,
D24,9.0,D,4,24,,,,,,,E192,1,TIKTAALIK,,384 well plate Grainer,m9134733,,2026-02-03,50,,P1,,,0.08288981339686438,
E1,252.0,E,5,1,,,,,,,E192,1,TIKTAALIK,,384 well plate Grainer,m9134733,,2026-02-03,50,,P1,,,5.08941318673675450,
E2,282.0,E,5,2,,,,,,,E192,1,TIKTAALIK,,384 well plate Grainer,m9134733,,2026-02-03,50,,P1,,,5.70750249208735800,
E3,248.0,E,5,3,,,,,,,E192,1,TIKTAALIK,,384 well plate Grainer,m9134733,,2026-02-03,50,,P1,,,5.00700127935667450,
E4,280.0,E,5,4,,,,,,,E192,1,TIKTAALIK,,384 well plate Grainer,m9134733,,2026-02-03,50,,P1,,,5.66629653839731900,
E5,238.0,E,5,5,,,,,,,E192,1,TIKTAALIK,,384 well plate Grainer,m9134733,,2026-02-03,50,,P1,,,4.80097151090647300,
E6,250.0,E,5,6,,,,,,,E192,1,TIKTAALIK,,384 well plate Grainer,m9134733,,2026-02-03,50,,P1,,,5.04820723304671500,
E7,233.0,E,5,7,,,,,,,E192,1,TIKTAALIK,,384 well plate Grainer,m9134733,,2026-02-03,50,,P1,,,4.69795662668137200,
E8,231.0,E,5,8,,,,,,,E192,1,TIKTAALIK,,384 well plate Grainer,m9134733,,2026-02-03,50,,P1,,,4.65675067299133300,
E9,250.0,E,5,9,,,,,,,E192,1,TIKTAALIK,,384 well plate Grainer,m9134733,,2026-02-03,50,,P1,,,5.04820723304671500,
E10,253.0,E,5,10,,,,,,,E192,1,TIKTAALIK,,384 well plate Grainer,m9134733,,2026-02-03,50,,P1,,,5.11001616358177500,
E11,254.0,E,5,11,,,,,,,E192,1,TIKTAALIK,,384 well plate Grainer,m9134733,,2026-02-03,50,,P1,,,5.13061914042679500,
E12,252.0,E,5,12,,,,,,,E192,1,TIKTAALIK,,384 well plate Grainer,m9134733,,2026-02-03,50,,P1,,,5.08941318673675450,
E13,229.0,E,5,13,,,,,,,E192,1,TIKTAALIK,,384 well plate Grainer,m9134733,,2026-02-03,50,,P1,,,4.61554471930129200,
E14,238.0,E,5,14,,,,,,,E192,1,TIKTAALIK,,384 well plate Grainer,m9134733,,2026-02-03,50,,P1,,,4.80097151090647300,
E15,199.0,E,5,15,,,,,,,E192,1,TIKTAALIK,,384 well plate Grainer,m9134733,,2026-02-03,50,,P1,,,3.99745541395068840,
E16,232.0,E,5,16,,,,,,,E192,1,TIKTAALIK,,384 well plate Grainer,m9134733,,2026-02-03,50,,P1,,,4.67735364983635200,
E17,8.0,E,5,17,,,,,,,E192,1,TIKTAALIK,,384 well plate Grainer,m9134733,,2026-02-03,50,,P1,,,0.06228683655184425,
E18,98.0,E,5,18,,,,,,,E192,1,TIKTAALIK,,384 well plate Grainer,m9134733,,2026-02-03,50,,P1,,,1.91655475260365550,
E19,101.0,E,5,19,,,,,,,E192,1,TIKTAALIK,,384 well plate Grainer,m9134733,,2026-02-03,50,,P1,,,1.97836368313871570,
E20,9.0,E,5,20,,,,,,,E192,1,TIKTAALIK,,384 well plate Grainer,m9134733,,2026-02-03,50,,P1,,,0.08288981339686438,
E21,264.0,E,5,21,,spike-in,spike-in,spike-in,,100.0,E192,1,TIKTAALIK,10.0,384 well plate Grainer,m9134733,spike-in,2026-02-03,50,,P1,spike-in,,5.33664890887699600,533.66489088769960
E22,7.0,E,5,22,,,,,,,E192,1,TIKTAALIK,,384 well plate Grainer,m9134733,,2026-02-03,50,,P1,,,0.04168385970682412,
E23,195.0,E,5,23,,Standard - 3,,,4.0,,E192,1,TIKTAALIK,,384 well plate Grainer,m9134733,,2026-02-03,50,,P1,Standard - 3,,3.91504350657060750,
E24,196.0,E,5,24,,Standard - 3,,,4.0,,E192,1,TIKTAALIK,,384 well plate Grainer,m9134733,,2026-02-03,50,,P1,Standard - 3,,3.93564648341562770,
F1,259.0,F,6,1,,,,,,,E192,1,TIKTAALIK,,384 well plate Grainer,m9134733,,2026-02-03,50,,P1,,,5.23363402465189600,
F2,320.0,F,6,2,,,,,,,E192,1,TIKTAALIK,,384 well plate Grainer,m9134733,,2026-02-03,50,,P1,,,6.49041561219812400,
F3,258.0,F,6,3,,,,,,,E192,1,TIKTAALIK,,384 well plate Grainer,m9134733,,2026-02-03,50,,P1,,,5.21303104780687600,
F4,294.0,F,6,4,,,,,,,E192,1,TIKTAALIK,,384 well plate Grainer,m9134733,,2026-02-03,50,,P1,,,5.95473821422760000,
F5,244.0,F,6,5,,,,,,,E192,1,TIKTAALIK,,384 well plate Grainer,m9134733,,2026-02-03,50,,P1,,,4.92458937197659400,
F6,309.0,F,6,6,,,,,,,E192,1,TIKTAALIK,,384 well plate Grainer,m9134733,,2026-02-03,50,,P1,,,6.26378286690290200,
F7,257.0,F,6,7,,,,,,,E192,1,TIKTAALIK,,384 well plate Grainer,m9134733,,2026-02-03,50,,P1,,,5.19242807096185550,
F8,305.0,F,6,8,,,,,,,E192,1,TIKTAALIK,,384 well plate Grainer,m9134733,,2026-02-03,50,,P1,,,6.18137095952282150,
F9,268.0,F,6,9,,,,,,,E192,1,TIKTAALIK,,384 well plate Grainer,m9134733,,2026-02-03,50,,P1,,,5.41906081625707700,
F10,310.0,F,6,10,,,,,,,E192,1,TIKTAALIK,,384 well plate Grainer,m9134733,,2026-02-03,50,,P1,,,6.28438584374792250,
F11,260.0,F,6,11,,,,,,,E192,1,TIKTAALIK,,384 well plate Grainer,m9134733,,2026-02-03,50,,P1,,,5.25423700149691600,
F12,288.0,F,6,12,,,,,,,E192,1,TIKTAALIK,,384 well plate Grainer,m9134733,,2026-02-03,50,,P1,,,5.83112035315748000,
F13,227.0,F,6,13,,,,,,,E192,1,TIKTAALIK,,384 well plate Grainer,m9134733,,2026-02-03,50,,P1,,,4.57433876561125200,
F14,276.0,F,6,14,,,,,,,E192,1,TIKTAALIK,,384 well plate Grainer,m9134733,,2026-02-03,50,,P1,,,5.58388463101723800,
F15,201.0,F,6,15,,,,,,,E192,1,TIKTAALIK,,384 well plate Grainer,m9134733,,2026-02-03,50,,P1,,,4.03866136764072900,
F16,264.0,F,6,16,,,,,,,E192,1,TIKTAALIK,,384 well plate Grainer,m9134733,,2026-02-03,50,,P1,,,5.33664890887699600,
F17,7.0,F,6,17,,,,,,,E192,1,TIKTAALIK,,384 well plate Grainer,m9134733,,2026-02-03,50,,P1,,,0.04168385970682412,
F18,10.0,F,6,18,,,,,,,E192,1,TIKTAALIK,,384 well plate Grainer,m9134733,,2026-02-03,50,,P1,,,0.10349279024188451,
F19,8.0,F,6,19,,,,,,,E192,1,TIKTAALIK,,384 well plate Grainer,m9134733,,2026-02-03,50,,P1,,,0.06228683655184425,
F20,5.0,F,6,20,,,,,,,E192,1,TIKTAALIK,,384 well plate Grainer,m9134733,,2026-02-03,50,,P1,,,0.00047790601678388,
F21,61.0,F,6,21,,spike-in,spike-in,spike-in,,400.0,E192,1,TIKTAALIK,10.0,384 well plate Grainer,m9134733,spike-in,2026-02-03,50,,P1,spike-in,,1.15424460933791080,461.69784373516430
F22,7.0,F,6,22,,,,,,,E192,1,TIKTAALIK,,384 well plate Grainer,m9134733,,2026-02-03,50,,P1,,,0.04168385970682412,
F23,187.0,F,6,23,,Standard - 3,,,4.0,,E192,1,TIKTAALIK,,384 well plate Grainer,m9134733,,2026-02-03,50,,P1,Standard - 3,,3.75021969181044670,
F24,9.0,F,6,24,,,,,,,E192,1,TIKTAALIK,,384 well plate Grainer,m9134733,,2026-02-03,50,,P1,,,0.08288981339686438,
G1,327.0,G,7,1,,,,,,,E192,1,TIKTAALIK,,384 well plate Grainer,m9134733,,2026-02-03,50,,P1,,,6.63463645011326400,
G2,342.0,G,7,2,,,,,,,E192,1,TIKTAALIK,,384 well plate Grainer,m9134733,,2026-02-03,50,,P1,,,6.94368110278856600,
G3,317.0,G,7,3,,,,,,,E192,1,TIKTAALIK,,384 well plate Grainer,m9134733,,2026-02-03,50,,P1,,,6.42860668166306300,
G4,301.0,G,7,4,,,,,,,E192,1,TIKTAALIK,,384 well plate Grainer,m9134733,,2026-02-03,50,,P1,,,6.09895905214274100,
G5,311.0,G,7,5,,,,,,,E192,1,TIKTAALIK,,384 well plate Grainer,m9134733,,2026-02-03,50,,P1,,,6.30498882059294200,
G6,323.0,G,7,6,,,,,,,E192,1,TIKTAALIK,,384 well plate Grainer,m9134733,,2026-02-03,50,,P1,,,6.55222454273318360,
G7,353.0,G,7,7,,,,,,,E192,1,TIKTAALIK,,384 well plate Grainer,m9134733,,2026-02-03,50,,P1,,,7.17031384808378700,
G8,315.0,G,7,8,,,,,,,E192,1,TIKTAALIK,,384 well plate Grainer,m9134733,,2026-02-03,50,,P1,,,6.38740072797302300,
G9,333.0,G,7,9,,,,,,,E192,1,TIKTAALIK,,384 well plate Grainer,m9134733,,2026-02-03,50,,P1,,,6.75825431118338500,
G10,318.0,G,7,10,,,,,,,E192,1,TIKTAALIK,,384 well plate Grainer,m9134733,,2026-02-03,50,,P1,,,6.44920965850808300,
G11,344.0,G,7,11,,,,,,,E192,1,TIKTAALIK,,384 well plate Grainer,m9134733,,2026-02-03,50,,P1,,,6.98488705647860600,
G12,318.0,G,7,12,,,,,,,E192,1,TIKTAALIK,,384 well plate Grainer,m9134733,,2026-02-03,50,,P1,,,6.44920965850808300,
G13,297.0,G,7,13,,,,,,,E192,1,TIKTAALIK,,384 well plate Grainer,m9134733,,2026-02-03,50,,P1,,,6.01654714476266100,
G14,285.0,G,7,14,,,,,,,E192,1,TIKTAALIK,,384 well plate Grainer,m9134733,,2026-02-03,50,,P1,,,5.76931142262241900,
G15,306.0,G,7,15,,,,,,,E192,1,TIKTAALIK,,384 well plate Grainer,m9134733,,2026-02-03,50,,P1,,,6.20197393636784200,
G16,273.0,G,7,16,,,,,,,E192,1,TIKTAALIK,,384 well plate Grainer,m9134733,,2026-02-03,50,,P1,,,5.52207570048217700,
G17,11.0,G,7,17,,,,,,,E192,1,TIKTAALIK,,384 well plate Grainer,m9134733,,2026-02-03,50,,P1,,,0.12409576708690462,
G18,96.0,G,7,18,,,,,,,E192,1,TIKTAALIK,,384 well plate Grainer,m9134733,,2026-02-03,50,,P1,,,1.87534879891361530,
G19,94.0,G,7,19,,,,,,,E192,1,TIKTAALIK,,384 well plate Grainer,m9134733,,2026-02-03,50,,P1,,,1.83414284522357500,
G20,7.0,G,7,20,,,,,,,E192,1,TIKTAALIK,,384 well plate Grainer,m9134733,,2026-02-03,50,,P1,,,0.04168385970682412,
G21,8.0,G,7,21,,,,,,,E192,1,TIKTAALIK,,384 well plate Grainer,m9134733,,2026-02-03,50,,P1,,,0.06228683655184425,
G22,9.0,G,7,22,,,,,,,E192,1,TIKTAALIK,,384 well plate Grainer,m9134733,,2026-02-03,50,,P1,,,0.08288981339686438,
G23,385.0,G,7,23,,Standard - 4,,,8.0,,E192,1,TIKTAALIK,,384 well plate Grainer,m9134733,,2026-02-03,50,,P1,Standard - 4,,7.82960910712443200,
G24,418.0,G,7,24,,Standard - 4,,,8.0,,E192,1,TIKTAALIK,,384 well plate Grainer,m9134733,,2026-02-03,50,,P1,Standard - 4,,8.50950734301009600,
H1,111.0,H,8,1,,,,,,,E192,1,TIKTAALIK,,384 well plate Grainer,m9134733,,2026-02-03,50,,P1,,,2.18439345158891700,
H2,105.0,H,8,2,,,,,,,E192,1,TIKTAALIK,,384 well plate Grainer,m9134733,,2026-02-03,50,,P1,,,2.06077559051879660,
H3,76.0,H,8,3,,,,,,,E192,1,TIKTAALIK,,384 well plate Grainer,m9134733,,2026-02-03,50,,P1,,,1.46328926201321270,
H4,85.0,H,8,4,,,,,,,E192,1,TIKTAALIK,,384 well plate Grainer,m9134733,,2026-02-03,50,,P1,,,1.64871605361839380,
H5,77.0,H,8,5,,,,,,,E192,1,TIKTAALIK,,384 well plate Grainer,m9134733,,2026-02-03,50,,P1,,,1.48389223885823300,
H6,79.0,H,8,6,,,,,,,E192,1,TIKTAALIK,,384 well plate Grainer,m9134733,,2026-02-03,50,,P1,,,1.52509819254827320,
H7,86.0,H,8,7,,,,,,,E192,1,TIKTAALIK,,384 well plate Grainer,m9134733,,2026-02-03,50,,P1,,,1.66931903046341400,
H8,80.0,H,8,8,,,,,,,E192,1,TIKTAALIK,,384 well plate Grainer,m9134733,,2026-02-03,50,,P1,,,1.54570116939329340,
H9,99.0,H,8,9,,,,,,,E192,1,TIKTAALIK,,384 well plate Grainer,m9134733,,2026-02-03,50,,P1,,,1.93715772944867570,
H10,94.0,H,8,10,,,,,,,E192,1,TIKTAALIK,,384 well plate Grainer,m9134733,,2026-02-03,50,,P1,,,1.83414284522357500,
H11,96.0,H,8,11,,,,,,,E192,1,TIKTAALIK,,384 well plate Grainer,m9134733,,2026-02-03,50,,P1,,,1.87534879891361530,
H12,92.0,H,8,12,,,,,,,E192,1,TIKTAALIK,,384 well plate Grainer,m9134733,,2026-02-03,50,,P1,,,1.79293689153353490,
H13,73.0,H,8,13,,,,,,,E192,1,TIKTAALIK,,384 well plate Grainer,m9134733,,2026-02-03,50,,P1,,,1.40148033147815230,
H14,69.0,H,8,14,,,,,,,E192,1,TIKTAALIK,,384 well plate Grainer,m9134733,,2026-02-03,50,,P1,,,1.31906842409807200,
H15,80.0,H,8,15,,,,,,,E192,1,TIKTAALIK,,384 well plate Grainer,m9134733,,2026-02-03,50,,P1,,,1.54570116939329340,
H16,67.0,H,8,16,,,,,,,E192,1,TIKTAALIK,,384 well plate Grainer,m9134733,,2026-02-03,50,,P1,,,1.27786247040803170,
H17,8.0,H,8,17,,,,,,,E192,1,TIKTAALIK,,384 well plate Grainer,m9134733,,2026-02-03,50,,P1,,,0.06228683655184425,
H18,8.0,H,8,18,,,,,,,E192,1,TIKTAALIK,,384 well plate Grainer,m9134733,,2026-02-03,50,,P1,,,0.06228683655184425,
H19,9.0,H,8,19,,,,,,,E192,1,TIKTAALIK,,384 well plate Grainer,m9134733,,2026-02-03,50,,P1,,,0.08288981339686438,
H20,6.0,H,8,20,,,,,,,E192,1,TIKTAALIK,,384 well plate Grainer,m9134733,,2026-02-03,50,,P1,,,0.02108088286180400,
H21,6.0,H,8,21,,,,,,,E192,1,TIKTAALIK,,384 well plate Grainer,m9134733,,2026-02-03,50,,P1,,,0.02108088286180400,
H22,7.0,H,8,22,,,,,,,E192,1,TIKTAALIK,,384 well plate Grainer,m9134733,,2026-02-03,50,,P1,,,0.04168385970682412,
H23,380.0,H,8,23,,Standard - 4,,,8.0,,E192,1,TIKTAALIK,,384 well plate Grainer,m9134733,,2026-02-03,50,,P1,Standard - 4,,7.72659422289933050,
H24,7.0,H,8,24,,,,,,,E192,1,TIKTAALIK,,384 well plate Grainer,m9134733,,2026-02-03,50,,P1,,,0.04168385970682412,
I1,204.0,I,9,1,,,,,,,E192,1,TIKTAALIK,,384 well plate Grainer,m9134733,,2026-02-03,50,,P1,,,4.10047029817578900,
I2,318.0,I,9,2,,,,,,,E192,1,TIKTAALIK,,384 well plate Grainer,m9134733,,2026-02-03,50,,P1,,,6.44920965850808300,
I3,236.0,I,9,3,,,,,,,E192,1,TIKTAALIK,,384 well plate Grainer,m9134733,,2026-02-03,50,,P1,,,4.75976555721643300,
I4,261.0,I,9,4,,,,,,,E192,1,TIKTAALIK,,384 well plate Grainer,m9134733,,2026-02-03,50,,P1,,,5.27483997834193550,
I5,241.0,I,9,5,,,,,,,E192,1,TIKTAALIK,,384 well plate Grainer,m9134733,,2026-02-03,50,,P1,,,4.86278044144153400,
I6,263.0,I,9,6,,,,,,,E192,1,TIKTAALIK,,384 well plate Grainer,m9134733,,2026-02-03,50,,P1,,,5.31604593203197600,
I7,261.0,I,9,7,,,,,,,E192,1,TIKTAALIK,,384 well plate Grainer,m9134733,,2026-02-03,50,,P1,,,5.27483997834193550,
I8,301.0,I,9,8,,,,,,,E192,1,TIKTAALIK,,384 well plate Grainer,m9134733,,2026-02-03,50,,P1,,,6.09895905214274100,
I9,287.0,I,9,9,,,,,,,E192,1,TIKTAALIK,,384 well plate Grainer,m9134733,,2026-02-03,50,,P1,,,5.81051737631245900,
I10,295.0,I,9,10,,,,,,,E192,1,TIKTAALIK,,384 well plate Grainer,m9134733,,2026-02-03,50,,P1,,,5.97534119107262000,
I11,236.0,I,9,11,,,,,,,E192,1,TIKTAALIK,,384 well plate Grainer,m9134733,,2026-02-03,50,,P1,,,4.75976555721643300,
I12,289.0,I,9,12,,,,,,,E192,1,TIKTAALIK,,384 well plate Grainer,m9134733,,2026-02-03,50,,P1,,,5.85172333000250000,
I13,347.0,I,9,13,,,,,,,E192,1,TIKTAALIK,,384 well plate Grainer,m9134733,,2026-02-03,50,,P1,,,7.04669598701366700,
I14,286.0,I,9,14,,,,,,,E192,1,TIKTAALIK,,384 well plate Grainer,m9134733,,2026-02-03,50,,P1,,,5.78991439946743900,
I15,262.0,I,9,15,,,,,,,E192,1,TIKTAALIK,,384 well plate Grainer,m9134733,,2026-02-03,50,,P1,,,5.29544295518695600,
I16,293.0,I,9,16,,,,,,,E192,1,TIKTAALIK,,384 well plate Grainer,m9134733,,2026-02-03,50,,P1,,,5.93413523738258000,
I17,7.0,I,9,17,,,,,,,E192,1,TIKTAALIK,,384 well plate Grainer,m9134733,,2026-02-03,50,,P1,,,0.04168385970682412,
I18,93.0,I,9,18,,,,,,,E192,1,TIKTAALIK,,384 well plate Grainer,m9134733,,2026-02-03,50,,P1,,,1.81353986837855490,
I19,104.0,I,9,19,,,,,,,E192,1,TIKTAALIK,,384 well plate Grainer,m9134733,,2026-02-03,50,,P1,,,2.04017261367377630,
I20,8.0,I,9,20,,,,,,,E192,1,TIKTAALIK,,384 well plate Grainer,m9134733,,2026-02-03,50,,P1,,,0.06228683655184425,
I21,8.0,I,9,21,,,,,,,E192,1,TIKTAALIK,,384 well plate Grainer,m9134733,,2026-02-03,50,,P1,,,0.06228683655184425,
I22,9.0,I,9,22,,,,,,,E192,1,TIKTAALIK,,384 well plate Grainer,m9134733,,2026-02-03,50,,P1,,,0.08288981339686438,
I23,786.0,I,9,23,,Standard - 5,,,16.0,,E192,1,TIKTAALIK,,384 well plate Grainer,m9134733,,2026-02-03,50,,P1,Standard - 5,,16.09140282197750300,
I24,930.0,I,9,24,,Standard - 5,,,16.0,,E192,1,TIKTAALIK,,384 well plate Grainer,m9134733,,2026-02-03,50,,P1,Standard - 5,,19.05823148766040000,
J1,307.0,J,10,1,,,,,,,E192,1,TIKTAALIK,,384 well plate Grainer,m9134733,,2026-02-03,50,,P1,,,6.22257691321286200,
J2,289.0,J,10,2,,,,,,,E192,1,TIKTAALIK,,384 well plate Grainer,m9134733,,2026-02-03,50,,P1,,,5.85172333000250000,
J3,289.0,J,10,3,,,,,,,E192,1,TIKTAALIK,,384 well plate Grainer,m9134733,,2026-02-03,50,,P1,,,5.85172333000250000,
J4,295.0,J,10,4,,,,,,,E192,1,TIKTAALIK,,384 well plate Grainer,m9134733,,2026-02-03,50,,P1,,,5.97534119107262000,
J5,254.0,J,10,5,,,,,,,E192,1,TIKTAALIK,,384 well plate Grainer,m9134733,,2026-02-03,50,,P1,,,5.13061914042679500,
J6,328.0,J,10,6,,,,,,,E192,1,TIKTAALIK,,384 well plate Grainer,m9134733,,2026-02-03,50,,P1,,,6.65523942695828500,
J7,281.0,J,10,7,,,,,,,E192,1,TIKTAALIK,,384 well plate Grainer,m9134733,,2026-02-03,50,,P1,,,5.68689951524233800,
J8,307.0,J,10,8,,,,,,,E192,1,TIKTAALIK,,384 well plate Grainer,m9134733,,2026-02-03,50,,P1,,,6.22257691321286200,
J9,305.0,J,10,9,,,,,,,E192,1,TIKTAALIK,,384 well plate Grainer,m9134733,,2026-02-03,50,,P1,,,6.18137095952282150,
J10,300.0,J,10,10,,,,,,,E192,1,TIKTAALIK,,384 well plate Grainer,m9134733,,2026-02-03,50,,P1,,,6.07835607529772100,
J11,291.0,J,10,11,,,,,,,E192,1,TIKTAALIK,,384 well plate Grainer,m9134733,,2026-02-03,50,,P1,,,5.89292928369253900,
J12,309.0,J,10,12,,,,,,,E192,1,TIKTAALIK,,384 well plate Grainer,m9134733,,2026-02-03,50,,P1,,,6.26378286690290200,
J13,303.0,J,10,13,,,,,,,E192,1,TIKTAALIK,,384 well plate Grainer,m9134733,,2026-02-03,50,,P1,,,6.14016500583278100,
J14,317.0,J,10,14,,,,,,,E192,1,TIKTAALIK,,384 well plate Grainer,m9134733,,2026-02-03,50,,P1,,,6.42860668166306300,
J15,230.0,J,10,15,,,,,,,E192,1,TIKTAALIK,,384 well plate Grainer,m9134733,,2026-02-03,50,,P1,,,4.63614769614631200,
J16,309.0,J,10,16,,,,,,,E192,1,TIKTAALIK,,384 well plate Grainer,m9134733,,2026-02-03,50,,P1,,,6.26378286690290200,
J17,6.0,J,10,17,,,,,,,E192,1,TIKTAALIK,,384 well plate Grainer,m9134733,,2026-02-03,50,,P1,,,0.02108088286180400,
J18,10.0,J,10,18,,,,,,,E192,1,TIKTAALIK,,384 well plate Grainer,m9134733,,2026-02-03,50,,P1,,,0.10349279024188451,
J19,9.0,J,10,19,,,,,,,E192,1,TIKTAALIK,,384 well plate Grainer,m9134733,,2026-02-03,50,,P1,,,0.08288981339686438,
J20,8.0,J,10,20,,,,,,,E192,1,TIKTAALIK,,384 well plate Grainer,m9134733,,2026-02-03,50,,P1,,,0.06228683655184425,
J21,7.0,J,10,21,,,,,,,E192,1,TIKTAALIK,,384 well plate Grainer,m9134733,,2026-02-03,50,,P1,,,0.04168385970682412,
J22,7.0,J,10,22,,,,,,,E192,1,TIKTAALIK,,384 well plate Grainer,m9134733,,2026-02-03,50,,P1,,,0.04168385970682412,
J23,703.0,J,10,23,,Standard - 5,,,16.0,,E192,1,TIKTAALIK,,384 well plate Grainer,m9134733,,2026-02-03,50,,P1,Standard - 5,,14.38135574384083200,
J24,8.0,J,10,24,,,,,,,E192,1,TIKTAALIK,,384 well plate Grainer,m9134733,,2026-02-03,50,,P1,,,0.06228683655184425,
K1,402.0,K,11,1,,,,,,,E192,1,TIKTAALIK,,384 well plate Grainer,m9134733,,2026-02-03,50,,P1,,,8.17985971348977400,
K2,422.0,K,11,2,,,,,,,E192,1,TIKTAALIK,,384 well plate Grainer,m9134733,,2026-02-03,50,,P1,,,8.59191925039017700,
K3,440.0,K,11,3,,,,,,,E192,1,TIKTAALIK,,384 well plate Grainer,m9134733,,2026-02-03,50,,P1,,,8.96277283360053900,
K4,410.0,K,11,4,,,,,,,E192,1,TIKTAALIK,,384 well plate Grainer,m9134733,,2026-02-03,50,,P1,,,8.34468352824993400,
K5,428.0,K,11,5,,,,,,,E192,1,TIKTAALIK,,384 well plate Grainer,m9134733,,2026-02-03,50,,P1,,,8.71553711146029600,
K6,446.0,K,11,6,,,,,,,E192,1,TIKTAALIK,,384 well plate Grainer,m9134733,,2026-02-03,50,,P1,,,9.08639069467065900,
K7,435.0,K,11,7,,,,,,,E192,1,TIKTAALIK,,384 well plate Grainer,m9134733,,2026-02-03,50,,P1,,,8.85975794937543700,
K8,447.0,K,11,8,,,,,,,E192,1,TIKTAALIK,,384 well plate Grainer,m9134733,,2026-02-03,50,,P1,,,9.10699367151568000,
K9,479.0,K,11,9,,,,,,,E192,1,TIKTAALIK,,384 well plate Grainer,m9134733,,2026-02-03,50,,P1,,,9.76628893055632300,
K10,417.0,K,11,10,,,,,,,E192,1,TIKTAALIK,,384 well plate Grainer,m9134733,,2026-02-03,50,,P1,,,8.48890436616507500,
K11,459.0,K,11,11,,,,,,,E192,1,TIKTAALIK,,384 well plate Grainer,m9134733,,2026-02-03,50,,P1,,,9.35422939365592000,
K12,420.0,K,11,12,,,,,,,E192,1,TIKTAALIK,,384 well plate Grainer,m9134733,,2026-02-03,50,,P1,,,8.55071329670013600,
K13,419.0,K,11,13,,,,,,,E192,1,TIKTAALIK,,384 well plate Grainer,m9134733,,2026-02-03,50,,P1,,,8.53011031985511500,
K14,385.0,K,11,14,,,,,,,E192,1,TIKTAALIK,,384 well plate Grainer,m9134733,,2026-02-03,50,,P1,,,7.82960910712443200,
K15,412.0,K,11,15,,,,,,,E192,1,TIKTAALIK,,384 well plate Grainer,m9134733,,2026-02-03,50,,P1,,,8.38588948193997500,
K16,362.0,K,11,16,,,,,,,E192,1,TIKTAALIK,,384 well plate Grainer,m9134733,,2026-02-03,50,,P1,,,7.35574063968896800,
K17,7.0,K,11,17,,,,,,,E192,1,TIKTAALIK,,384 well plate Grainer,m9134733,,2026-02-03,50,,P1,,,0.04168385970682412,
K18,91.0,K,11,18,,,,,,,E192,1,TIKTAALIK,,384 well plate Grainer,m9134733,,2026-02-03,50,,P1,,,1.77233391468851460,
K19,96.0,K,11,19,,,,,,,E192,1,TIKTAALIK,,384 well plate Grainer,m9134733,,2026-02-03,50,,P1,,,1.87534879891361530,
K20,9.0,K,11,20,,,,,,,E192,1,TIKTAALIK,,384 well plate Grainer,m9134733,,2026-02-03,50,,P1,,,0.08288981339686438,
K21,9.0,K,11,21,,,,,,,E192,1,TIKTAALIK,,384 well plate Grainer,m9134733,,2026-02-03,50,,P1,,,0.08288981339686438,
K22,7.0,K,11,22,,,,,,,E192,1,TIKTAALIK,,384 well plate Grainer,m9134733,,2026-02-03,50,,P1,,,0.04168385970682412,
K23,1538.0,K,11,23,,Standard - 6,,,32.0,,E192,1,TIKTAALIK,,384 well plate Grainer,m9134733,,2026-02-03,50,,P1,Standard - 6,,31.58484140943263400,
K24,1865.0,K,11,24,,Standard - 6,,,32.0,,E192,1,TIKTAALIK,,384 well plate Grainer,m9134733,,2026-02-03,50,,P1,Standard - 6,,38.32201483775421000,
L1,170.0,L,12,1,,,,,,,E192,1,TIKTAALIK,,384 well plate Grainer,m9134733,,2026-02-03,50,,P1,,,3.39996908544510430,
L2,159.0,L,12,2,,,,,,,E192,1,TIKTAALIK,,384 well plate Grainer,m9134733,,2026-02-03,50,,P1,,,3.17333634014988330,
L3,160.0,L,12,3,,,,,,,E192,1,TIKTAALIK,,384 well plate Grainer,m9134733,,2026-02-03,50,,P1,,,3.19393931699490350,
L4,155.0,L,12,4,,,,,,,E192,1,TIKTAALIK,,384 well plate Grainer,m9134733,,2026-02-03,50,,P1,,,3.09092443276980300,
L5,138.0,L,12,5,,,,,,,E192,1,TIKTAALIK,,384 well plate Grainer,m9134733,,2026-02-03,50,,P1,,,2.74067382640446060,
L6,154.0,L,12,6,,,,,,,E192,1,TIKTAALIK,,384 well plate Grainer,m9134733,,2026-02-03,50,,P1,,,3.07032145592478270,
L7,135.0,L,12,7,,,,,,,E192,1,TIKTAALIK,,384 well plate Grainer,m9134733,,2026-02-03,50,,P1,,,2.67886489586940040,
L8,142.0,L,12,8,,,,,,,E192,1,TIKTAALIK,,384 well plate Grainer,m9134733,,2026-02-03,50,,P1,,,2.82308573378454100,
L9,148.0,L,12,9,,,,,,,E192,1,TIKTAALIK,,384 well plate Grainer,m9134733,,2026-02-03,50,,P1,,,2.94670359485466200,
L10,154.0,L,12,10,,,,,,,E192,1,TIKTAALIK,,384 well plate Grainer,m9134733,,2026-02-03,50,,P1,,,3.07032145592478270,
L11,178.0,L,12,11,,,,,,,E192,1,TIKTAALIK,,384 well plate Grainer,m9134733,,2026-02-03,50,,P1,,,3.56479290020526560,
L12,161.0,L,12,12,,,,,,,E192,1,TIKTAALIK,,384 well plate Grainer,m9134733,,2026-02-03,50,,P1,,,3.21454229383992330,
L13,154.0,L,12,13,,,,,,,E192,1,TIKTAALIK,,384 well plate Grainer,m9134733,,2026-02-03,50,,P1,,,3.07032145592478270,
L14,152.0,L,12,14,,,,,,,E192,1,TIKTAALIK,,384 well plate Grainer,m9134733,,2026-02-03,50,,P1,,,3.02911550223474220,
L15,159.0,L,12,15,,,,,,,E192,1,TIKTAALIK,,384 well plate Grainer,m9134733,,2026-02-03,50,,P1,,,3.17333634014988330,
L16,165.0,L,12,16,,,,,,,E192,1,TIKTAALIK,,384 well plate Grainer,m9134733,,2026-02-03,50,,P1,,,3.29695420122000370,
L17,7.0,L,12,17,,,,,,,E192,1,TIKTAALIK,,384 well plate Grainer,m9134733,,2026-02-03,50,,P1,,,0.04168385970682412,
L18,8.0,L,12,18,,,,,,,E192,1,TIKTAALIK,,384 well plate Grainer,m9134733,,2026-02-03,50,,P1,,,0.06228683655184425,
L19,9.0,L,12,19,,,,,,,E192,1,TIKTAALIK,,384 well plate Grainer,m9134733,,2026-02-03,50,,P1,,,0.08288981339686438,
L20,7.0,L,12,20,,,,,,,E192,1,TIKTAALIK,,384 well plate Grainer,m9134733,,2026-02-03,50,,P1,,,0.04168385970682412,
L21,9.0,L,12,21,,,,,,,E192,1,TIKTAALIK,,384 well plate Grainer,m9134733,,2026-02-03,50,,P1,,,0.08288981339686438,
L22,10.0,L,12,22,,,,,,,E192,1,TIKTAALIK,,384 well plate Grainer,m9134733,,2026-02-03,50,,P1,,,0.10349279024188451,
L23,1354.0,L,12,23,,Standard - 6,,,32.0,,E192,1,TIKTAALIK,,384 well plate Grainer,m9134733,,2026-02-03,50,,P1,Standard - 6,,27.79389366994893300,
L24,7.0,L,12,24,,,,,,,E192,1,TIKTAALIK,,384 well plate Grainer,m9134733,,2026-02-03,50,,P1,,,0.04168385970682412,
M1,7.0,M,13,1,,,,,,,E192,1,TIKTAALIK,,384 well plate Grainer,m9134733,,2026-02-03,50,,P1,,,0.04168385970682412,
M2,68.0,M,13,2,,,,,,,E192,1,TIKTAALIK,,384 well plate Grainer,m9134733,,2026-02-03,50,,P1,,,1.29846544725305170,
M3,5.0,M,13,3,,,,,,,E192,1,TIKTAALIK,,384 well plate Grainer,m9134733,,2026-02-03,50,,P1,,,0.00047790601678388,
M4,84.0,M,13,4,,,,,,,E192,1,TIKTAALIK,,384 well plate Grainer,m9134733,,2026-02-03,50,,P1,,,1.62811307677337380,
M5,239.0,M,13,5,,,,,,,E192,1,TIKTAALIK,,384 well plate Grainer,m9134733,,2026-02-03,50,,P1,,,4.82157448775149300,
M6,95.0,M,13,6,,,,,,,E192,1,TIKTAALIK,,384 well plate Grainer,m9134733,,2026-02-03,50,,P1,,,1.85474582206859500,
M7,319.0,M,13,7,,,,,,,E192,1,TIKTAALIK,,384 well plate Grainer,m9134733,,2026-02-03,50,,P1,,,6.46981263535310400,
M8,88.0,M,13,8,,,,,,,E192,1,TIKTAALIK,,384 well plate Grainer,m9134733,,2026-02-03,50,,P1,,,1.71052498415345420,
M9,349.0,M,13,9,,,,,,,E192,1,TIKTAALIK,,384 well plate Grainer,m9134733,,2026-02-03,50,,P1,,,7.08790194070370700,
M10,91.0,M,13,10,,,,,,,E192,1,TIKTAALIK,,384 well plate Grainer,m9134733,,2026-02-03,50,,P1,,,1.77233391468851460,
M11,394.0,M,13,11,,,,,,,E192,1,TIKTAALIK,,384 well plate Grainer,m9134733,,2026-02-03,50,,P1,,,8.01503589872961300,
M12,99.0,M,13,12,,,,,,,E192,1,TIKTAALIK,,384 well plate Grainer,m9134733,,2026-02-03,50,,P1,,,1.93715772944867570,
M13,302.0,M,13,13,,,,,,,E192,1,TIKTAALIK,,384 well plate Grainer,m9134733,,2026-02-03,50,,P1,,,6.11956202898776100,
M14,92.0,M,13,14,,,,,,,E192,1,TIKTAALIK,,384 well plate Grainer,m9134733,,2026-02-03,50,,P1,,,1.79293689153353490,
M15,312.0,M,13,15,,,,,,,E192,1,TIKTAALIK,,384 well plate Grainer,m9134733,,2026-02-03,50,,P1,,,6.32559179743796200,
M16,95.0,M,13,16,,,,,,,E192,1,TIKTAALIK,,384 well plate Grainer,m9134733,,2026-02-03,50,,P1,,,1.85474582206859500,
M17,5.0,M,13,17,,,,,,,E192,1,TIKTAALIK,,384 well plate Grainer,m9134733,,2026-02-03,50,,P1,,,0.00047790601678388,
M18,92.0,M,13,18,,,,,,,E192,1,TIKTAALIK,,384 well plate Grainer,m9134733,,2026-02-03,50,,P1,,,1.79293689153353490,
M19,95.0,M,13,19,,,,,,,E192,1,TIKTAALIK,,384 well plate Grainer,m9134733,,2026-02-03,50,,P1,,,1.85474582206859500,
M20,10.0,M,13,20,,,,,,,E192,1,TIKTAALIK,,384 well plate Grainer,m9134733,,2026-02-03,50,,P1,,,0.10349279024188451,
M21,10.0,M,13,21,,,,,,,E192,1,TIKTAALIK,,384 well plate Grainer,m9134733,,2026-02-03,50,,P1,,,0.10349279024188451,
M22,7.0,M,13,22,,,,,,,E192,1,TIKTAALIK,,384 well plate Grainer,m9134733,,2026-02-03,50,,P1,,,0.04168385970682412,
M23,3224.0,M,13,23,,Standard - 7,,,64.0,,E192,1,TIKTAALIK,,384 well plate Grainer,m9134733,,2026-02-03,50,,P1,Standard - 7,,66.32146037013656000,
M24,3294.0,M,13,24,,Standard - 7,,,64.0,,E192,1,TIKTAALIK,,384 well plate Grainer,m9134733,,2026-02-03,50,,P1,Standard - 7,,67.76366874928797000,
N1,8.0,N,14,1,,,,,,,E192,1,TIKTAALIK,,384 well plate Grainer,m9134733,,2026-02-03,50,,P1,,,0.06228683655184425,
N2,8.0,N,14,2,,,,,,,E192,1,TIKTAALIK,,384 well plate Grainer,m9134733,,2026-02-03,50,,P1,,,0.06228683655184425,
N3,6.0,N,14,3,,,,,,,E192,1,TIKTAALIK,,384 well plate Grainer,m9134733,,2026-02-03,50,,P1,,,0.02108088286180400,
N4,10.0,N,14,4,,,,,,,E192,1,TIKTAALIK,,384 well plate Grainer,m9134733,,2026-02-03,50,,P1,,,0.10349279024188451,
N5,286.0,N,14,5,,384_Premium,17-L,MMC_20,,400.0,E192,1,TIKTAALIK,10.0,384 well plate Grainer,m9134733,plasmid,2026-02-03,50,,P1,384,Premium,5.78991439946743900,2315.96575978697550
N6,8.0,N,14,6,,,,,,,E192,1,TIKTAALIK,,384 well plate Grainer,m9134733,,2026-02-03,50,,P1,,,0.06228683655184425,
N7,309.0,N,14,7,,384_Premium,17-L,MMC_20,,400.0,E192,1,TIKTAALIK,10.0,384 well plate Grainer,m9134733,plasmid,2026-02-03,50,,P1,384,Premium,6.26378286690290200,2505.51314676116100
N8,6.0,N,14,8,,,,,,,E192,1,TIKTAALIK,,384 well plate Grainer,m9134733,,2026-02-03,50,,P1,,,0.02108088286180400,
N9,310.0,N,14,9,,384_Premium,17-L,MMC_20,,400.0,E192,1,TIKTAALIK,10.0,384 well plate Grainer,m9134733,plasmid,2026-02-03,50,,P1,384,Premium,6.28438584374792250,2513.75433749916900
N10,6.0,N,14,10,,,,,,,E192,1,TIKTAALIK,,384 well plate Grainer,m9134733,,2026-02-03,50,,P1,,,0.02108088286180400,
N11,297.0,N,14,11,,384_Premium,17-L,MMC_20,,400.0,E192,1,TIKTAALIK,10.0,384 well plate Grainer,m9134733,plasmid,2026-02-03,50,,P1,384,Premium,6.01654714476266100,2406.61885790506400
N12,9.0,N,14,12,,,,,,,E192,1,TIKTAALIK,,384 well plate Grainer,m9134733,,2026-02-03,50,,P1,,,0.08288981339686438,
N13,290.0,N,14,13,,384_Premium,17-L,MMC_20,,400.0,E192,1,TIKTAALIK,10.0,384 well plate Grainer,m9134733,plasmid,2026-02-03,50,,P1,384,Premium,5.87232630684752000,2348.93052273900800
N14,6.0,N,14,14,,,,,,,E192,1,TIKTAALIK,,384 well plate Grainer,m9134733,,2026-02-03,50,,P1,,,0.02108088286180400,
N15,264.0,N,14,15,,384_Premium,17-L,MMC_20,,400.0,E192,1,TIKTAALIK,10.0,384 well plate Grainer,m9134733,plasmid,2026-02-03,50,,P1,384,Premium,5.33664890887699600,2134.65956355079830
N16,7.0,N,14,16,,,,,,,E192,1,TIKTAALIK,,384 well plate Grainer,m9134733,,2026-02-03,50,,P1,,,0.04168385970682412,
N17,8.0,N,14,17,,,,,,,E192,1,TIKTAALIK,,384 well plate Grainer,m9134733,,2026-02-03,50,,P1,,,0.06228683655184425,
N18,7.0,N,14,18,,,,,,,E192,1,TIKTAALIK,,384 well plate Grainer,m9134733,,2026-02-03,50,,P1,,,0.04168385970682412,
N19,5.0,N,14,19,,,,,,,E192,1,TIKTAALIK,,384 well plate Grainer,m9134733,,2026-02-03,50,,P1,,,0.00047790601678388,
N20,7.0,N,14,20,,,,,,,E192,1,TIKTAALIK,,384 well plate Grainer,m9134733,,2026-02-03,50,,P1,,,0.04168385970682412,
N21,9.0,N,14,21,,,,,,,E192,1,TIKTAALIK,,384 well plate Grainer,m9134733,,2026-02-03,50,,P1,,,0.08288981339686438,
N22,6.0,N,14,22,,,,,,,E192,1,TIKTAALIK,,384 well plate Grainer,m9134733,,2026-02-03,50,,P1,,,0.02108088286180400,
N23,2880.0,N,14,23,,Standard - 7,,,64.0,,E192,1,TIKTAALIK,,384 well plate Grainer,m9134733,,2026-02-03,50,,P1,Standard - 7,,59.23403633544964500,
N24,9.0,N,14,24,,,,,,,E192,1,TIKTAALIK,,384 well plate Grainer,m9134733,,2026-02-03,50,,P1,,,0.08288981339686438,
O1,8.0,O,15,1,,,,,,,E192,1,TIKTAALIK,,384 well plate Grainer,m9134733,,2026-02-03,50,,P1,,,0.06228683655184425,
O2,6.0,O,15,2,,,,,,,E192,1,TIKTAALIK,,384 well plate Grainer,m9134733,,2026-02-03,50,,P1,,,0.02108088286180400,
O3,7.0,O,15,3,,,,,,,E192,1,TIKTAALIK,,384 well plate Grainer,m9134733,,2026-02-03,50,,P1,,,0.04168385970682412,
O4,8.0,O,15,4,,,,,,,E192,1,TIKTAALIK,,384 well plate Grainer,m9134733,,2026-02-03,50,,P1,,,0.06228683655184425,
O5,309.0,O,15,5,,384_Premium,17-L,MMC_20,,400.0,E192,1,TIKTAALIK,10.0,384 well plate Grainer,m9134733,linear,2026-02-03,50,,P1,384,Premium,6.26378286690290200,2505.51314676116100
O6,5.0,O,15,6,,,,,,,E192,1,TIKTAALIK,,384 well plate Grainer,m9134733,,2026-02-03,50,,P1,,,0.00047790601678388,
O7,367.0,O,15,7,,384_Premium,17-L,MMC_20,,400.0,E192,1,TIKTAALIK,10.0,384 well plate Grainer,m9134733,linear,2026-02-03,50,,P1,384,Premium,7.45875552391406950,2983.50220956562770
O8,7.0,O,15,8,,,,,,,E192,1,TIKTAALIK,,384 well plate Grainer,m9134733,,2026-02-03,50,,P1,,,0.04168385970682412,
O9,351.0,O,15,9,,384_Premium,17-L,MMC_20,,400.0,E192,1,TIKTAALIK,10.0,384 well plate Grainer,m9134733,linear,2026-02-03,50,,P1,384,Premium,7.12910789439374700,2851.64315775749860
O10,10.0,O,15,10,,,,,,,E192,1,TIKTAALIK,,384 well plate Grainer,m9134733,,2026-02-03,50,,P1,,,0.10349279024188451,
O11,191.0,O,15,11,,384_Premium,17-L,MMC_20,,400.0,E192,1,TIKTAALIK,10.0,384 well plate Grainer,m9134733,linear,2026-02-03,50,,P1,384,Premium,3.83263159919052700,1533.05263967621100
O12,8.0,O,15,12,,,,,,,E192,1,TIKTAALIK,,384 well plate Grainer,m9134733,,2026-02-03,50,,P1,,,0.06228683655184425,
O13,201.0,O,15,13,,384_Premium,17-L,MMC_20,,400.0,E192,1,TIKTAALIK,10.0,384 well plate Grainer,m9134733,linear,2026-02-03,50,,P1,384,Premium,4.03866136764072900,1615.46454705629160
O14,7.0,O,15,14,,,,,,,E192,1,TIKTAALIK,,384 well plate Grainer,m9134733,,2026-02-03,50,,P1,,,0.04168385970682412,
O15,251.0,O,15,15,,384_Premium,17-L,MMC_20,,400.0,E192,1,TIKTAALIK,10.0,384 well plate Grainer,m9134733,linear,2026-02-03,50,,P1,384,Premium,5.06881020989173500,2027.52408395669400
O16,8.0,O,15,16,,,,,,,E192,1,TIKTAALIK,,384 well plate Grainer,m9134733,,2026-02-03,50,,P1,,,0.06228683655184425,
O17,6.0,O,15,17,,,,,,,E192,1,TIKTAALIK,,384 well plate Grainer,m9134733,,2026-02-03,50,,P1,,,0.02108088286180400,
O18,97.0,O,15,18,,,,,,,E192,1,TIKTAALIK,,384 well plate Grainer,m9134733,,2026-02-03,50,,P1,,,1.89595177575863550,
O19,121.0,O,15,19,,,,,,,E192,1,TIKTAALIK,,384 well plate Grainer,m9134733,,2026-02-03,50,,P1,,,2.39042322003911820,
O20,6.0,O,15,20,,,,,,,E192,1,TIKTAALIK,,384 well plate Grainer,m9134733,,2026-02-03,50,,P1,,,0.02108088286180400,
O21,10.0,O,15,21,,,,,,,E192,1,TIKTAALIK,,384 well plate Grainer,m9134733,,2026-02-03,50,,P1,,,0.10349279024188451,
O22,9.0,O,15,22,,,,,,,E192,1,TIKTAALIK,,384 well plate Grainer,m9134733,,2026-02-03,50,,P1,,,0.08288981339686438,
O23,6362.0,O,15,23,,Standard - 8,,,128.0,,E192,1,TIKTAALIK,,384 well plate Grainer,m9134733,,2026-02-03,50,,P1,Standard - 8,,130.97360170980970000,
O24,6229.0,O,15,24,,Standard - 8,,,128.0,,E192,1,TIKTAALIK,,384 well plate Grainer,m9134733,,2026-02-03,50,,P1,Standard - 8,,128.23340578942205000,
P1,7.0,P,16,1,,,,,,,E192,1,TIKTAALIK,,384 well plate Grainer,m9134733,,2026-02-03,50,,P1,,,0.04168385970682412,
P2,7.0,P,16,2,,,,,,,E192,1,TIKTAALIK,,384 well plate Grainer,m9134733,,2026-02-03,50,,P1,,,0.04168385970682412,
P3,6.0,P,16,3,,,,,,,E192,1,TIKTAALIK,,384 well plate Grainer,m9134733,,2026-02-03,50,,P1,,,0.02108088286180400,
P4,8.0,P,16,4,,,,,,,E192,1,TIKTAALIK,,384 well plate Grainer,m9134733,,2026-02-03,50,,P1,,,0.06228683655184425,
P5,7.0,P,16,5,,,,,,,E192,1,TIKTAALIK,,384 well plate Grainer,m9134733,,2026-02-03,50,,P1,,,0.04168385970682412,
P6,6.0,P,16,6,,,,,,,E192,1,TIKTAALIK,,384 well plate Grainer,m9134733,,2026-02-03,50,,P1,,,0.02108088286180400,
P7,5.0,P,16,7,,,,,,,E192,1,TIKTAALIK,,384 well plate Grainer,m9134733,,2026-02-03,50,,P1,,,0.00047790601678388,
P8,9.0,P,16,8,,,,,,,E192,1,TIKTAALIK,,384 well plate Grainer,m9134733,,2026-02-03,50,,P1,,,0.08288981339686438,
P9,7.0,P,16,9,,,,,,,E192,1,TIKTAALIK,,384 well plate Grainer,m9134733,,2026-02-03,50,,P1,,,0.04168385970682412,
P10,6.0,P,16,10,,,,,,,E192,1,TIKTAALIK,,384 well plate Grainer,m9134733,,2026-02-03,50,,P1,,,0.02108088286180400,
P11,5.0,P,16,11,,,,,,,E192,1,TIKTAALIK,,384 well plate Grainer,m9134733,,2026-02-03,50,,P1,,,0.00047790601678388,
P12,8.0,P,16,12,,,,,,,E192,1,TIKTAALIK,,384 well plate Grainer,m9134733,,2026-02-03,50,,P1,,,0.06228683655184425,
P13,7.0,P,16,13,,,,,,,E192,1,TIKTAALIK,,384 well plate Grainer,m9134733,,2026-02-03,50,,P1,,,0.04168385970682412,
P14,8.0,P,16,14,,,,,,,E192,1,TIKTAALIK,,384 well plate Grainer,m9134733,,2026-02-03,50,,P1,,,0.06228683655184425,
P15,6.0,P,16,15,,,,,,,E192,1,TIKTAALIK,,384 well plate Grainer,m9134733,,2026-02-03,50,,P1,,,0.02108088286180400,
P16,7.0,P,16,16,,,,,,,E192,1,TIKTAALIK,,384 well plate Grainer,m9134733,,2026-02-03,50,,P1,,,0.04168385970682412,
P17,7.0,P,16,17,,,,,,,E192,1,TIKTAALIK,,384 well plate Grainer,m9134733,,2026-02-03,50,,P1,,,0.04168385970682412,
P18,10.0,P,16,18,,,,,,,E192,1,TIKTAALIK,,384 well plate Grainer,m9134733,,2026-02-03,50,,P1,,,0.10349279024188451,
P19,10.0,P,16,19,,,,,,,E192,1,TIKTAALIK,,384 well plate Grainer,m9134733,,2026-02-03,50,,P1,,,0.10349279024188451,
P20,9.0,P,16,20,,,,,,,E192,1,TIKTAALIK,,384 well plate Grainer,m9134733,,2026-02-03,50,,P1,,,0.08288981339686438,
P21,12.0,P,16,21,,,,,,,E192,1,TIKTAALIK,,384 well plate Grainer,m9134733,,2026-02-03,50,,P1,,,0.14469874393192475,
P22,9.0,P,16,22,,,,,,,E192,1,TIKTAALIK,,384 well plate Grainer,m9134733,,2026-02-03,50,,P1,,,0.08288981339686438,
P23,5943.0,P,16,23,,Standard - 8,,,128.0,,E192,1,TIKTAALIK,,384 well plate Grainer,m9134733,,2026-02-03,50,,P1,Standard - 8,,122.34095441174628000,
P24,10.0,P,16,24,,,,,,,E192,1,TIKTAALIK,,384 well plate Grainer,m9134733,,2026-02-03,50,,P1,,,0.10349279024188451,
A1,1033.0,A,1,1,,tube_Premium,17-L,MMC_17,,100.0,E195,1,TIKTAALIK,20.0,384 well plate Grainer,m9134733,plasmid,2026-02-03,50,,P1,tube,Premium,19.25715930496371800,1925.71593049637180
A2,231.0,A,1,2,,tube_Premium,17-L,MMC_17,,400.0,E195,1,TIKTAALIK,20.0,384 well plate Grainer,m9134733,plasmid,2026-02-03,50,,P1,tube,Premium,4.27823999461103800,1711.29599784441530
A3,1071.0,A,1,3,,tube_Premium,17-L,MMC_17,,100.0,E195,1,TIKTAALIK,20.0,384 well plate Grainer,m9134733,plasmid,2026-02-03,50,,P1,tube,Premium,19.96688366131459300,1996.68836613145940
A4,243.0,A,1,4,,tube_Premium,17-L,MMC_17,,400.0,E195,1,TIKTAALIK,20.0,384 well plate Grainer,m9134733,plasmid,2026-02-03,50,,P1,tube,Premium,4.50236347556394600,1800.94539022557860
A5,1408.0,A,1,5,,tube_Premium,17-L,MMC_17,,100.0,E195,1,TIKTAALIK,20.0,384 well plate Grainer,m9134733,plasmid,2026-02-03,50,,P1,tube,Premium,26.26101808474209000,2626.10180847420900
A6,317.0,A,1,6,,tube_Premium,17-L,MMC_17,,400.0,E195,1,TIKTAALIK,20.0,384 well plate Grainer,m9134733,plasmid,2026-02-03,50,,P1,tube,Premium,5.88445827477354600,2353.78330990941800
A7,1252.0,A,1,7,,tube_Premium,17-L,MMC_17,,100.0,E195,1,TIKTAALIK,20.0,384 well plate Grainer,m9134733,plasmid,2026-02-03,50,,P1,tube,Premium,23.34741283235428700,2334.74128323542900
A8,277.0,A,1,8,,tube_Premium,17-L,MMC_17,,400.0,E195,1,TIKTAALIK,20.0,384 well plate Grainer,m9134733,plasmid,2026-02-03,50,,P1,tube,Premium,5.13738000493051850,2054.95200197220700
A9,1088.0,A,1,9,,tube_Premium,17-L,MMC_17,,100.0,E195,1,TIKTAALIK,20.0,384 well plate Grainer,m9134733,plasmid,2026-02-03,50,,P1,tube,Premium,20.28439192599788000,2028.43919259978800
A10,234.0,A,1,10,,tube_Premium,17-L,MMC_17,,400.0,E195,1,TIKTAALIK,20.0,384 well plate Grainer,m9134733,plasmid,2026-02-03,50,,P1,tube,Premium,4.33427086484926500,1733.70834593970600
A11,1147.0,A,1,11,,tube_Premium,17-L,MMC_17,,100.0,E195,1,TIKTAALIK,20.0,384 well plate Grainer,m9134733,plasmid,2026-02-03,50,,P1,tube,Premium,21.38633237401634400,2138.63323740163420
A12,278.0,A,1,12,,tube_Premium,17-L,MMC_17,,400.0,E195,1,TIKTAALIK,20.0,384 well plate Grainer,m9134733,plasmid,2026-02-03,50,,P1,tube,Premium,5.15605696167659500,2062.42278467063800
A13,204.0,A,1,13,,spike-in,spike-in,spike-in,,100.0,E195,1,TIKTAALIK,10.0,384 well plate Grainer,m9134733,spike-in,2026-02-03,50,,P1,spike-in,,3.77396216246699550,377.39621624669957
A14,55.0,A,1,14,,spike-in,spike-in,spike-in,,400.0,E195,1,TIKTAALIK,10.0,384 well plate Grainer,m9134733,spike-in,2026-02-03,50,,P1,spike-in,,0.99109560730172210,396.43824292068880
A15,245.0,A,1,15,,spike-in,spike-in,spike-in,,100.0,E195,1,TIKTAALIK,10.0,384 well plate Grainer,m9134733,spike-in,2026-02-03,50,,P1,spike-in,,4.53971738905609800,453.97173890560980
A16,69.0,A,1,16,,spike-in,spike-in,spike-in,,400.0,E195,1,TIKTAALIK,10.0,384 well plate Grainer,m9134733,spike-in,2026-02-03,50,,P1,spike-in,,1.25257300174678130,501.02920069871254
A17,173.0,A,1,17,,spike-in,spike-in,spike-in,,100.0,E195,1,TIKTAALIK,10.0,384 well plate Grainer,m9134733,spike-in,2026-02-03,50,,P1,spike-in,,3.19497650333865000,319.49765033386500
A18,50.0,A,1,18,,spike-in,spike-in,spike-in,,400.0,E195,1,TIKTAALIK,10.0,384 well plate Grainer,m9134733,spike-in,2026-02-03,50,,P1,spike-in,,0.89771082357134380,359.08432942853750
A19,7.0,A,1,19,,,,,,,E195,1,TIKTAALIK,,384 well plate Grainer,m9134733,,2026-02-03,50,,P1,,,0.09460168349009035,
A20,7.0,A,1,20,,,,,,,E195,1,TIKTAALIK,,384 well plate Grainer,m9134733,,2026-02-03,50,,P1,,,0.09460168349009035,
A21,10.0,A,1,21,,,,,,,E195,1,TIKTAALIK,,384 well plate Grainer,m9134733,,2026-02-03,50,,P1,,,0.15063255372831735,
A22,7.0,A,1,22,,,,,,,E195,1,TIKTAALIK,,384 well plate Grainer,m9134733,,2026-02-03,50,,P1,,,0.09460168349009035,
A23,36.0,A,1,23,,Standard - 1,,,1.0,,E195,1,TIKTAALIK,,384 well plate Grainer,m9134733,,2026-02-03,50,,P1,Standard - 1,,0.63623342912628460,
A24,37.0,A,1,24,,Standard - 1,,,1.0,,E195,1,TIKTAALIK,,384 well plate Grainer,m9134733,,2026-02-03,50,,P1,Standard - 1,,0.65491038587236020,
B1,958.0,B,2,1,,tube_Economy,17-L,MMD_18,,100.0,E195,1,TIKTAALIK,20.0,384 well plate Grainer,m9134733,plasmid,2026-02-03,50,,P1,tube,Economy,17.85638754900804400,1785.63875490080430
B2,222.0,B,2,2,,tube_Economy,17-L,MMD_18,,400.0,E195,1,TIKTAALIK,20.0,384 well plate Grainer,m9134733,plasmid,2026-02-03,50,,P1,tube,Economy,4.11014738389635800,1644.05895355854320
B3,1210.0,B,2,3,,tube_Economy,17-L,MMD_18,,100.0,E195,1,TIKTAALIK,20.0,384 well plate Grainer,m9134733,plasmid,2026-02-03,50,,P1,tube,Economy,22.56298064901911000,2256.29806490191100
B4,285.0,B,2,4,,tube_Economy,17-L,MMD_18,,400.0,E195,1,TIKTAALIK,20.0,384 well plate Grainer,m9134733,plasmid,2026-02-03,50,,P1,tube,Economy,5.28679565889912400,2114.71826355964960
B5,1018.0,B,2,5,,tube_Economy,17-L,MMD_18,,100.0,E195,1,TIKTAALIK,20.0,384 well plate Grainer,m9134733,plasmid,2026-02-03,50,,P1,tube,Economy,18.97700495377258500,1897.70049537725840
B6,241.0,B,2,6,,tube_Economy,17-L,MMD_18,,400.0,E195,1,TIKTAALIK,20.0,384 well plate Grainer,m9134733,plasmid,2026-02-03,50,,P1,tube,Economy,4.46500956207179500,1786.00382482871780
B7,1032.0,B,2,7,,tube_Economy,17-L,MMD_18,,100.0,E195,1,TIKTAALIK,20.0,384 well plate Grainer,m9134733,plasmid,2026-02-03,50,,P1,tube,Economy,19.23848234821764400,1923.84823482176440
B8,242.0,B,2,8,,tube_Economy,17-L,MMD_18,,400.0,E195,1,TIKTAALIK,20.0,384 well plate Grainer,m9134733,plasmid,2026-02-03,50,,P1,tube,Economy,4.48368651881787100,1793.47460752714850
B9,882.0,B,2,9,,tube_Economy,17-L,MMD_18,,100.0,E195,1,TIKTAALIK,20.0,384 well plate Grainer,m9134733,plasmid,2026-02-03,50,,P1,tube,Economy,16.43693883630629300,1643.69388363062920
B10,210.0,B,2,10,,tube_Economy,17-L,MMD_18,,400.0,E195,1,TIKTAALIK,20.0,384 well plate Grainer,m9134733,plasmid,2026-02-03,50,,P1,tube,Economy,3.88602390294344960,1554.40956117737980
B11,805.0,B,2,11,,tube_Economy,17-L,MMD_18,,100.0,E195,1,TIKTAALIK,20.0,384 well plate Grainer,m9134733,plasmid,2026-02-03,50,,P1,tube,Economy,14.99881316685846900,1499.88131668584670
B12,208.0,B,2,12,,tube_Economy,17-L,MMD_18,,400.0,E195,1,TIKTAALIK,20.0,384 well plate Grainer,m9134733,plasmid,2026-02-03,50,,P1,tube,Economy,3.84866998945129830,1539.46799578051920
B13,6.0,B,2,13,,,,,,,E195,1,TIKTAALIK,,384 well plate Grainer,m9134733,,2026-02-03,50,,P1,,,0.07592472674401470,
B14,10.0,B,2,14,,,,,,,E195,1,TIKTAALIK,,384 well plate Grainer,m9134733,,2026-02-03,50,,P1,,,0.15063255372831735,
B15,10.0,B,2,15,,,,,,,E195,1,TIKTAALIK,,384 well plate Grainer,m9134733,,2026-02-03,50,,P1,,,0.15063255372831735,
B16,8.0,B,2,16,,,,,,,E195,1,TIKTAALIK,,384 well plate Grainer,m9134733,,2026-02-03,50,,P1,,,0.11327864023616602,
B17,8.0,B,2,17,,,,,,,E195,1,TIKTAALIK,,384 well plate Grainer,m9134733,,2026-02-03,50,,P1,,,0.11327864023616602,
B18,9.0,B,2,18,,,,,,,E195,1,TIKTAALIK,,384 well plate Grainer,m9134733,,2026-02-03,50,,P1,,,0.13195559698224169,
B19,6.0,B,2,19,,,,,,,E195,1,TIKTAALIK,,384 well plate Grainer,m9134733,,2026-02-03,50,,P1,,,0.07592472674401470,
B20,10.0,B,2,20,,,,,,,E195,1,TIKTAALIK,,384 well plate Grainer,m9134733,,2026-02-03,50,,P1,,,0.15063255372831735,
B21,7.0,B,2,21,,,,,,,E195,1,TIKTAALIK,,384 well plate Grainer,m9134733,,2026-02-03,50,,P1,,,0.09460168349009035,
B22,9.0,B,2,22,,,,,,,E195,1,TIKTAALIK,,384 well plate Grainer,m9134733,,2026-02-03,50,,P1,,,0.13195559698224169,
B23,36.0,B,2,23,,Standard - 1,,,1.0,,E195,1,TIKTAALIK,,384 well plate Grainer,m9134733,,2026-02-03,50,,P1,Standard - 1,,0.63623342912628460,
B24,10.0,B,2,24,,,,,,,E195,1,TIKTAALIK,,384 well plate Grainer,m9134733,,2026-02-03,50,,P1,,,0.15063255372831735,
C1,987.0,C,3,1,,tube_Ready96,17-L,MMC_17,,100.0,E195,1,TIKTAALIK,20.0,384 well plate Grainer,m9134733,plasmid,2026-02-03,50,,P1,tube,Ready96,18.39801929464424000,1839.80192946442400
C2,183.0,C,3,2,,tube_Ready96,17-L,MMC_17,,400.0,E195,1,TIKTAALIK,20.0,384 well plate Grainer,m9134733,plasmid,2026-02-03,50,,P1,tube,Ready96,3.38174607079940700,1352.69842831976280
C3,1006.0,C,3,3,,tube_Ready96,17-L,MMC_17,,100.0,E195,1,TIKTAALIK,20.0,384 well plate Grainer,m9134733,plasmid,2026-02-03,50,,P1,tube,Ready96,18.75288147281967700,1875.28814728196770
C4,235.0,C,3,4,,tube_Ready96,17-L,MMC_17,,400.0,E195,1,TIKTAALIK,20.0,384 well plate Grainer,m9134733,plasmid,2026-02-03,50,,P1,tube,Ready96,4.35294782159534100,1741.17912863813650
C5,1300.0,C,3,5,,tube_Ready96,17-L,MMC_17,,100.0,E195,1,TIKTAALIK,20.0,384 well plate Grainer,m9134733,plasmid,2026-02-03,50,,P1,tube,Ready96,24.24390675616592000,2424.39067561659200
C6,308.0,C,3,6,,tube_Ready96,17-L,MMC_17,,400.0,E195,1,TIKTAALIK,20.0,384 well plate Grainer,m9134733,plasmid,2026-02-03,50,,P1,tube,Ready96,5.71636566405886450,2286.54626562354600
C7,1240.0,C,3,7,,tube_Ready96,17-L,MMC_17,,100.0,E195,1,TIKTAALIK,20.0,384 well plate Grainer,m9134733,plasmid,2026-02-03,50,,P1,tube,Ready96,23.12328935140138000,2312.32893514013770
C8,248.0,C,3,8,,tube_Ready96,17-L,MMC_17,,400.0,E195,1,TIKTAALIK,20.0,384 well plate Grainer,m9134733,plasmid,2026-02-03,50,,P1,tube,Ready96,4.59574825929432500,1838.29930371773000
C9,1297.0,C,3,9,,tube_Ready96,17-L,MMC_17,,100.0,E195,1,TIKTAALIK,20.0,384 well plate Grainer,m9134733,plasmid,2026-02-03,50,,P1,tube,Ready96,24.18787588592769200,2418.78758859276900
C10,276.0,C,3,10,,tube_Ready96,17-L,MMC_17,,400.0,E195,1,TIKTAALIK,20.0,384 well plate Grainer,m9134733,plasmid,2026-02-03,50,,P1,tube,Ready96,5.11870304818444300,2047.48121927377720
C11,948.0,C,3,11,,tube_Ready96,17-L,MMC_17,,100.0,E195,1,TIKTAALIK,20.0,384 well plate Grainer,m9134733,plasmid,2026-02-03,50,,P1,tube,Ready96,17.66961798154728700,1766.96179815472870
C12,219.0,C,3,12,,tube_Ready96,17-L,MMC_17,,400.0,E195,1,TIKTAALIK,20.0,384 well plate Grainer,m9134733,plasmid,2026-02-03,50,,P1,tube,Ready96,4.05411651365813100,1621.64660546325240
C13,7.0,C,3,13,,,,,,,E195,1,TIKTAALIK,,384 well plate Grainer,m9134733,,2026-02-03,50,,P1,,,0.09460168349009035,
C14,8.0,C,3,14,,,,,,,E195,1,TIKTAALIK,,384 well plate Grainer,m9134733,,2026-02-03,50,,P1,,,0.11327864023616602,
C15,8.0,C,3,15,,,,,,,E195,1,TIKTAALIK,,384 well plate Grainer,m9134733,,2026-02-03,50,,P1,,,0.11327864023616602,
C16,7.0,C,3,16,,,,,,,E195,1,TIKTAALIK,,384 well plate Grainer,m9134733,,2026-02-03,50,,P1,,,0.09460168349009035,
C17,7.0,C,3,17,,,,,,,E195,1,TIKTAALIK,,384 well plate Grainer,m9134733,,2026-02-03,50,,P1,,,0.09460168349009035,
C18,9.0,C,3,18,,,,,,,E195,1,TIKTAALIK,,384 well plate Grainer,m9134733,,2026-02-03,50,,P1,,,0.13195559698224169,
C19,10.0,C,3,19,,,,,,,E195,1,TIKTAALIK,,384 well plate Grainer,m9134733,,2026-02-03,50,,P1,,,0.15063255372831735,
C20,9.0,C,3,20,,,,,,,E195,1,TIKTAALIK,,384 well plate Grainer,m9134733,,2026-02-03,50,,P1,,,0.13195559698224169,
C21,7.0,C,3,21,,,,,,,E195,1,TIKTAALIK,,384 well plate Grainer,m9134733,,2026-02-03,50,,P1,,,0.09460168349009035,
C22,7.0,C,3,22,,,,,,,E195,1,TIKTAALIK,,384 well plate Grainer,m9134733,,2026-02-03,50,,P1,,,0.09460168349009035,
C23,90.0,C,3,23,,Standard - 2,,,2.0,,E195,1,TIKTAALIK,,384 well plate Grainer,m9134733,,2026-02-03,50,,P1,Standard - 2,,1.64478909341437030,
C24,98.0,C,3,24,,Standard - 2,,,2.0,,E195,1,TIKTAALIK,,384 well plate Grainer,m9134733,,2026-02-03,50,,P1,Standard - 2,,1.79420474738297540,
D1,10.0,D,4,1,,,,,,,E195,1,TIKTAALIK,,384 well plate Grainer,m9134733,,2026-02-03,50,,P1,,,0.15063255372831735,
D2,9.0,D,4,2,,,,,,,E195,1,TIKTAALIK,,384 well plate Grainer,m9134733,,2026-02-03,50,,P1,,,0.13195559698224169,
D3,10.0,D,4,3,,,,,,,E195,1,TIKTAALIK,,384 well plate Grainer,m9134733,,2026-02-03,50,,P1,,,0.15063255372831735,
D4,7.0,D,4,4,,,,,,,E195,1,TIKTAALIK,,384 well plate Grainer,m9134733,,2026-02-03,50,,P1,,,0.09460168349009035,
D5,6.0,D,4,5,,,,,,,E195,1,TIKTAALIK,,384 well plate Grainer,m9134733,,2026-02-03,50,,P1,,,0.07592472674401470,
D6,9.0,D,4,6,,,,,,,E195,1,TIKTAALIK,,384 well plate Grainer,m9134733,,2026-02-03,50,,P1,,,0.13195559698224169,
D7,6.0,D,4,7,,,,,,,E195,1,TIKTAALIK,,384 well plate Grainer,m9134733,,2026-02-03,50,,P1,,,0.07592472674401470,
D8,6.0,D,4,8,,,,,,,E195,1,TIKTAALIK,,384 well plate Grainer,m9134733,,2026-02-03,50,,P1,,,0.07592472674401470,
D9,8.0,D,4,9,,,,,,,E195,1,TIKTAALIK,,384 well plate Grainer,m9134733,,2026-02-03,50,,P1,,,0.11327864023616602,
D10,6.0,D,4,10,,,,,,,E195,1,TIKTAALIK,,384 well plate Grainer,m9134733,,2026-02-03,50,,P1,,,0.07592472674401470,
D11,6.0,D,4,11,,,,,,,E195,1,TIKTAALIK,,384 well plate Grainer,m9134733,,2026-02-03,50,,P1,,,0.07592472674401470,
D12,11.0,D,4,12,,,,,,,E195,1,TIKTAALIK,,384 well plate Grainer,m9134733,,2026-02-03,50,,P1,,,0.16930951047439300,
D13,9.0,D,4,13,,,,,,,E195,1,TIKTAALIK,,384 well plate Grainer,m9134733,,2026-02-03,50,,P1,,,0.13195559698224169,
D14,7.0,D,4,14,,,,,,,E195,1,TIKTAALIK,,384 well plate Grainer,m9134733,,2026-02-03,50,,P1,,,0.09460168349009035,
D15,6.0,D,4,15,,,,,,,E195,1,TIKTAALIK,,384 well plate Grainer,m9134733,,2026-02-03,50,,P1,,,0.07592472674401470,
D16,8.0,D,4,16,,,,,,,E195,1,TIKTAALIK,,384 well plate Grainer,m9134733,,2026-02-03,50,,P1,,,0.11327864023616602,
D17,5.0,D,4,17,,,,,,,E195,1,TIKTAALIK,,384 well plate Grainer,m9134733,,2026-02-03,50,,P1,,,0.05724776999793904,
D18,7.0,D,4,18,,,,,,,E195,1,TIKTAALIK,,384 well plate Grainer,m9134733,,2026-02-03,50,,P1,,,0.09460168349009035,
D19,6.0,D,4,19,,,,,,,E195,1,TIKTAALIK,,384 well plate Grainer,m9134733,,2026-02-03,50,,P1,,,0.07592472674401470,
D20,5.0,D,4,20,,,,,,,E195,1,TIKTAALIK,,384 well plate Grainer,m9134733,,2026-02-03,50,,P1,,,0.05724776999793904,
D21,5.0,D,4,21,,,,,,,E195,1,TIKTAALIK,,384 well plate Grainer,m9134733,,2026-02-03,50,,P1,,,0.05724776999793904,
D22,8.0,D,4,22,,,,,,,E195,1,TIKTAALIK,,384 well plate Grainer,m9134733,,2026-02-03,50,,P1,,,0.11327864023616602,
D23,105.0,D,4,23,,Standard - 2,,,2.0,,E195,1,TIKTAALIK,,384 well plate Grainer,m9134733,,2026-02-03,50,,P1,Standard - 2,,1.92494344460550510,
D24,6.0,D,4,24,,,,,,,E195,1,TIKTAALIK,,384 well plate Grainer,m9134733,,2026-02-03,50,,P1,,,0.07592472674401470,
E1,8.0,E,5,1,,,,,,,E195,1,TIKTAALIK,,384 well plate Grainer,m9134733,,2026-02-03,50,,P1,,,0.11327864023616602,
E2,4.0,E,5,2,,,,,,,E195,1,TIKTAALIK,,384 well plate Grainer,m9134733,,2026-02-03,50,,P1,,,0.03857081325186337,
E3,7.0,E,5,3,,,,,,,E195,1,TIKTAALIK,,384 well plate Grainer,m9134733,,2026-02-03,50,,P1,,,0.09460168349009035,
E4,6.0,E,5,4,,,,,,,E195,1,TIKTAALIK,,384 well plate Grainer,m9134733,,2026-02-03,50,,P1,,,0.07592472674401470,
E5,7.0,E,5,5,,,,,,,E195,1,TIKTAALIK,,384 well plate Grainer,m9134733,,2026-02-03,50,,P1,,,0.09460168349009035,
E6,9.0,E,5,6,,,,,,,E195,1,TIKTAALIK,,384 well plate Grainer,m9134733,,2026-02-03,50,,P1,,,0.13195559698224169,
E7,6.0,E,5,7,,,,,,,E195,1,TIKTAALIK,,384 well plate Grainer,m9134733,,2026-02-03,50,,P1,,,0.07592472674401470,
E8,9.0,E,5,8,,,,,,,E195,1,TIKTAALIK,,384 well plate Grainer,m9134733,,2026-02-03,50,,P1,,,0.13195559698224169,
E9,7.0,E,5,9,,,,,,,E195,1,TIKTAALIK,,384 well plate Grainer,m9134733,,2026-02-03,50,,P1,,,0.09460168349009035,
E10,8.0,E,5,10,,,,,,,E195,1,TIKTAALIK,,384 well plate Grainer,m9134733,,2026-02-03,50,,P1,,,0.11327864023616602,
E11,9.0,E,5,11,,,,,,,E195,1,TIKTAALIK,,384 well plate Grainer,m9134733,,2026-02-03,50,,P1,,,0.13195559698224169,
E12,6.0,E,5,12,,,,,,,E195,1,TIKTAALIK,,384 well plate Grainer,m9134733,,2026-02-03,50,,P1,,,0.07592472674401470,
E13,7.0,E,5,13,,,,,,,E195,1,TIKTAALIK,,384 well plate Grainer,m9134733,,2026-02-03,50,,P1,,,0.09460168349009035,
E14,8.0,E,5,14,,,,,,,E195,1,TIKTAALIK,,384 well plate Grainer,m9134733,,2026-02-03,50,,P1,,,0.11327864023616602,
E15,7.0,E,5,15,,,,,,,E195,1,TIKTAALIK,,384 well plate Grainer,m9134733,,2026-02-03,50,,P1,,,0.09460168349009035,
E16,9.0,E,5,16,,,,,,,E195,1,TIKTAALIK,,384 well plate Grainer,m9134733,,2026-02-03,50,,P1,,,0.13195559698224169,
E17,6.0,E,5,17,,,,,,,E195,1,TIKTAALIK,,384 well plate Grainer,m9134733,,2026-02-03,50,,P1,,,0.07592472674401470,
E18,7.0,E,5,18,,,,,,,E195,1,TIKTAALIK,,384 well plate Grainer,m9134733,,2026-02-03,50,,P1,,,0.09460168349009035,
E19,10.0,E,5,19,,,,,,,E195,1,TIKTAALIK,,384 well plate Grainer,m9134733,,2026-02-03,50,,P1,,,0.15063255372831735,
E20,10.0,E,5,20,,,,,,,E195,1,TIKTAALIK,,384 well plate Grainer,m9134733,,2026-02-03,50,,P1,,,0.15063255372831735,
E21,10.0,E,5,21,,,,,,,E195,1,TIKTAALIK,,384 well plate Grainer,m9134733,,2026-02-03,50,,P1,,,0.15063255372831735,
E22,9.0,E,5,22,,,,,,,E195,1,TIKTAALIK,,384 well plate Grainer,m9134733,,2026-02-03,50,,P1,,,0.13195559698224169,
E23,229.0,E,5,23,,Standard - 3,,,4.0,,E195,1,TIKTAALIK,,384 well plate Grainer,m9134733,,2026-02-03,50,,P1,Standard - 3,,4.24088608111888700,
E24,178.0,E,5,24,,Standard - 3,,,4.0,,E195,1,TIKTAALIK,,384 well plate Grainer,m9134733,,2026-02-03,50,,P1,Standard - 3,,3.28836128706902800,
F1,8.0,F,6,1,,,,,,,E195,1,TIKTAALIK,,384 well plate Grainer,m9134733,,2026-02-03,50,,P1,,,0.11327864023616602,
F2,7.0,F,6,2,,,,,,,E195,1,TIKTAALIK,,384 well plate Grainer,m9134733,,2026-02-03,50,,P1,,,0.09460168349009035,
F3,6.0,F,6,3,,,,,,,E195,1,TIKTAALIK,,384 well plate Grainer,m9134733,,2026-02-03,50,,P1,,,0.07592472674401470,
F4,7.0,F,6,4,,,,,,,E195,1,TIKTAALIK,,384 well plate Grainer,m9134733,,2026-02-03,50,,P1,,,0.09460168349009035,
F5,6.0,F,6,5,,,,,,,E195,1,TIKTAALIK,,384 well plate Grainer,m9134733,,2026-02-03,50,,P1,,,0.07592472674401470,
F6,8.0,F,6,6,,,,,,,E195,1,TIKTAALIK,,384 well plate Grainer,m9134733,,2026-02-03,50,,P1,,,0.11327864023616602,
F7,11.0,F,6,7,,,,,,,E195,1,TIKTAALIK,,384 well plate Grainer,m9134733,,2026-02-03,50,,P1,,,0.16930951047439300,
F8,9.0,F,6,8,,,,,,,E195,1,TIKTAALIK,,384 well plate Grainer,m9134733,,2026-02-03,50,,P1,,,0.13195559698224169,
F9,9.0,F,6,9,,,,,,,E195,1,TIKTAALIK,,384 well plate Grainer,m9134733,,2026-02-03,50,,P1,,,0.13195559698224169,
F10,8.0,F,6,10,,,,,,,E195,1,TIKTAALIK,,384 well plate Grainer,m9134733,,2026-02-03,50,,P1,,,0.11327864023616602,
F11,11.0,F,6,11,,,,,,,E195,1,TIKTAALIK,,384 well plate Grainer,m9134733,,2026-02-03,50,,P1,,,0.16930951047439300,
F12,8.0,F,6,12,,,,,,,E195,1,TIKTAALIK,,384 well plate Grainer,m9134733,,2026-02-03,50,,P1,,,0.11327864023616602,
F13,7.0,F,6,13,,,,,,,E195,1,TIKTAALIK,,384 well plate Grainer,m9134733,,2026-02-03,50,,P1,,,0.09460168349009035,
F14,7.0,F,6,14,,,,,,,E195,1,TIKTAALIK,,384 well plate Grainer,m9134733,,2026-02-03,50,,P1,,,0.09460168349009035,
F15,9.0,F,6,15,,,,,,,E195,1,TIKTAALIK,,384 well plate Grainer,m9134733,,2026-02-03,50,,P1,,,0.13195559698224169,
F16,10.0,F,6,16,,,,,,,E195,1,TIKTAALIK,,384 well plate Grainer,m9134733,,2026-02-03,50,,P1,,,0.15063255372831735,
F17,7.0,F,6,17,,,,,,,E195,1,TIKTAALIK,,384 well plate Grainer,m9134733,,2026-02-03,50,,P1,,,0.09460168349009035,
F18,8.0,F,6,18,,,,,,,E195,1,TIKTAALIK,,384 well plate Grainer,m9134733,,2026-02-03,50,,P1,,,0.11327864023616602,
F19,9.0,F,6,19,,,,,,,E195,1,TIKTAALIK,,384 well plate Grainer,m9134733,,2026-02-03,50,,P1,,,0.13195559698224169,
F20,8.0,F,6,20,,,,,,,E195,1,TIKTAALIK,,384 well plate Grainer,m9134733,,2026-02-03,50,,P1,,,0.11327864023616602,
F21,8.0,F,6,21,,,,,,,E195,1,TIKTAALIK,,384 well plate Grainer,m9134733,,2026-02-03,50,,P1,,,0.11327864023616602,
F22,6.0,F,6,22,,,,,,,E195,1,TIKTAALIK,,384 well plate Grainer,m9134733,,2026-02-03,50,,P1,,,0.07592472674401470,
F23,233.0,F,6,23,,Standard - 3,,,4.0,,E195,1,TIKTAALIK,,384 well plate Grainer,m9134733,,2026-02-03,50,,P1,Standard - 3,,4.31559390810319000,
F24,6.0,F,6,24,,,,,,,E195,1,TIKTAALIK,,384 well plate Grainer,m9134733,,2026-02-03,50,,P1,,,0.07592472674401470,
G1,8.0,G,7,1,,,,,,,E195,1,TIKTAALIK,,384 well plate Grainer,m9134733,,2026-02-03,50,,P1,,,0.11327864023616602,
G2,6.0,G,7,2,,,,,,,E195,1,TIKTAALIK,,384 well plate Grainer,m9134733,,2026-02-03,50,,P1,,,0.07592472674401470,
G3,7.0,G,7,3,,,,,,,E195,1,TIKTAALIK,,384 well plate Grainer,m9134733,,2026-02-03,50,,P1,,,0.09460168349009035,
G4,10.0,G,7,4,,,,,,,E195,1,TIKTAALIK,,384 well plate Grainer,m9134733,,2026-02-03,50,,P1,,,0.15063255372831735,
G5,8.0,G,7,5,,,,,,,E195,1,TIKTAALIK,,384 well plate Grainer,m9134733,,2026-02-03,50,,P1,,,0.11327864023616602,
G6,8.0,G,7,6,,,,,,,E195,1,TIKTAALIK,,384 well plate Grainer,m9134733,,2026-02-03,50,,P1,,,0.11327864023616602,
G7,8.0,G,7,7,,,,,,,E195,1,TIKTAALIK,,384 well plate Grainer,m9134733,,2026-02-03,50,,P1,,,0.11327864023616602,
G8,7.0,G,7,8,,,,,,,E195,1,TIKTAALIK,,384 well plate Grainer,m9134733,,2026-02-03,50,,P1,,,0.09460168349009035,
G9,11.0,G,7,9,,,,,,,E195,1,TIKTAALIK,,384 well plate Grainer,m9134733,,2026-02-03,50,,P1,,,0.16930951047439300,
G10,9.0,G,7,10,,,,,,,E195,1,TIKTAALIK,,384 well plate Grainer,m9134733,,2026-02-03,50,,P1,,,0.13195559698224169,
G11,10.0,G,7,11,,,,,,,E195,1,TIKTAALIK,,384 well plate Grainer,m9134733,,2026-02-03,50,,P1,,,0.15063255372831735,
G12,10.0,G,7,12,,,,,,,E195,1,TIKTAALIK,,384 well plate Grainer,m9134733,,2026-02-03,50,,P1,,,0.15063255372831735,
G13,6.0,G,7,13,,,,,,,E195,1,TIKTAALIK,,384 well plate Grainer,m9134733,,2026-02-03,50,,P1,,,0.07592472674401470,
G14,9.0,G,7,14,,,,,,,E195,1,TIKTAALIK,,384 well plate Grainer,m9134733,,2026-02-03,50,,P1,,,0.13195559698224169,
G15,8.0,G,7,15,,,,,,,E195,1,TIKTAALIK,,384 well plate Grainer,m9134733,,2026-02-03,50,,P1,,,0.11327864023616602,
G16,8.0,G,7,16,,,,,,,E195,1,TIKTAALIK,,384 well plate Grainer,m9134733,,2026-02-03,50,,P1,,,0.11327864023616602,
G17,7.0,G,7,17,,,,,,,E195,1,TIKTAALIK,,384 well plate Grainer,m9134733,,2026-02-03,50,,P1,,,0.09460168349009035,
G18,8.0,G,7,18,,,,,,,E195,1,TIKTAALIK,,384 well plate Grainer,m9134733,,2026-02-03,50,,P1,,,0.11327864023616602,
G19,9.0,G,7,19,,,,,,,E195,1,TIKTAALIK,,384 well plate Grainer,m9134733,,2026-02-03,50,,P1,,,0.13195559698224169,
G20,8.0,G,7,20,,,,,,,E195,1,TIKTAALIK,,384 well plate Grainer,m9134733,,2026-02-03,50,,P1,,,0.11327864023616602,
G21,9.0,G,7,21,,,,,,,E195,1,TIKTAALIK,,384 well plate Grainer,m9134733,,2026-02-03,50,,P1,,,0.13195559698224169,
G22,9.0,G,7,22,,,,,,,E195,1,TIKTAALIK,,384 well plate Grainer,m9134733,,2026-02-03,50,,P1,,,0.13195559698224169,
G23,430.0,G,7,23,,Standard - 4,,,8.0,,E195,1,TIKTAALIK,,384 well plate Grainer,m9134733,,2026-02-03,50,,P1,Standard - 4,,7.99495438708009600,
G24,379.0,G,7,24,,Standard - 4,,,8.0,,E195,1,TIKTAALIK,,384 well plate Grainer,m9134733,,2026-02-03,50,,P1,Standard - 4,,7.04242959303023600,
H1,6.0,H,8,1,,,,,,,E195,1,TIKTAALIK,,384 well plate Grainer,m9134733,,2026-02-03,50,,P1,,,0.07592472674401470,
H2,7.0,H,8,2,,,,,,,E195,1,TIKTAALIK,,384 well plate Grainer,m9134733,,2026-02-03,50,,P1,,,0.09460168349009035,
H3,9.0,H,8,3,,,,,,,E195,1,TIKTAALIK,,384 well plate Grainer,m9134733,,2026-02-03,50,,P1,,,0.13195559698224169,
H4,7.0,H,8,4,,,,,,,E195,1,TIKTAALIK,,384 well plate Grainer,m9134733,,2026-02-03,50,,P1,,,0.09460168349009035,
H5,8.0,H,8,5,,,,,,,E195,1,TIKTAALIK,,384 well plate Grainer,m9134733,,2026-02-03,50,,P1,,,0.11327864023616602,
H6,8.0,H,8,6,,,,,,,E195,1,TIKTAALIK,,384 well plate Grainer,m9134733,,2026-02-03,50,,P1,,,0.11327864023616602,
H7,9.0,H,8,7,,,,,,,E195,1,TIKTAALIK,,384 well plate Grainer,m9134733,,2026-02-03,50,,P1,,,0.13195559698224169,
H8,8.0,H,8,8,,,,,,,E195,1,TIKTAALIK,,384 well plate Grainer,m9134733,,2026-02-03,50,,P1,,,0.11327864023616602,
H9,8.0,H,8,9,,,,,,,E195,1,TIKTAALIK,,384 well plate Grainer,m9134733,,2026-02-03,50,,P1,,,0.11327864023616602,
H10,7.0,H,8,10,,,,,,,E195,1,TIKTAALIK,,384 well plate Grainer,m9134733,,2026-02-03,50,,P1,,,0.09460168349009035,
H11,8.0,H,8,11,,,,,,,E195,1,TIKTAALIK,,384 well plate Grainer,m9134733,,2026-02-03,50,,P1,,,0.11327864023616602,
H12,8.0,H,8,12,,,,,,,E195,1,TIKTAALIK,,384 well plate Grainer,m9134733,,2026-02-03,50,,P1,,,0.11327864023616602,
H13,7.0,H,8,13,,,,,,,E195,1,TIKTAALIK,,384 well plate Grainer,m9134733,,2026-02-03,50,,P1,,,0.09460168349009035,
H14,9.0,H,8,14,,,,,,,E195,1,TIKTAALIK,,384 well plate Grainer,m9134733,,2026-02-03,50,,P1,,,0.13195559698224169,
H15,9.0,H,8,15,,,,,,,E195,1,TIKTAALIK,,384 well plate Grainer,m9134733,,2026-02-03,50,,P1,,,0.13195559698224169,
H16,8.0,H,8,16,,,,,,,E195,1,TIKTAALIK,,384 well plate Grainer,m9134733,,2026-02-03,50,,P1,,,0.11327864023616602,
H17,8.0,H,8,17,,,,,,,E195,1,TIKTAALIK,,384 well plate Grainer,m9134733,,2026-02-03,50,,P1,,,0.11327864023616602,
H18,9.0,H,8,18,,,,,,,E195,1,TIKTAALIK,,384 well plate Grainer,m9134733,,2026-02-03,50,,P1,,,0.13195559698224169,
H19,11.0,H,8,19,,,,,,,E195,1,TIKTAALIK,,384 well plate Grainer,m9134733,,2026-02-03,50,,P1,,,0.16930951047439300,
H20,9.0,H,8,20,,,,,,,E195,1,TIKTAALIK,,384 well plate Grainer,m9134733,,2026-02-03,50,,P1,,,0.13195559698224169,
H21,11.0,H,8,21,,,,,,,E195,1,TIKTAALIK,,384 well plate Grainer,m9134733,,2026-02-03,50,,P1,,,0.16930951047439300,
H22,9.0,H,8,22,,,,,,,E195,1,TIKTAALIK,,384 well plate Grainer,m9134733,,2026-02-03,50,,P1,,,0.13195559698224169,
H23,471.0,H,8,23,,Standard - 4,,,8.0,,E195,1,TIKTAALIK,,384 well plate Grainer,m9134733,,2026-02-03,50,,P1,Standard - 4,,8.76070961366919800,
H24,7.0,H,8,24,,,,,,,E195,1,TIKTAALIK,,384 well plate Grainer,m9134733,,2026-02-03,50,,P1,,,0.09460168349009035,
I1,6.0,I,9,1,,,,,,,E195,1,TIKTAALIK,,384 well plate Grainer,m9134733,,2026-02-03,50,,P1,,,0.07592472674401470,
I2,8.0,I,9,2,,,,,,,E195,1,TIKTAALIK,,384 well plate Grainer,m9134733,,2026-02-03,50,,P1,,,0.11327864023616602,
I3,8.0,I,9,3,,,,,,,E195,1,TIKTAALIK,,384 well plate Grainer,m9134733,,2026-02-03,50,,P1,,,0.11327864023616602,
I4,8.0,I,9,4,,,,,,,E195,1,TIKTAALIK,,384 well plate Grainer,m9134733,,2026-02-03,50,,P1,,,0.11327864023616602,
I5,6.0,I,9,5,,,,,,,E195,1,TIKTAALIK,,384 well plate Grainer,m9134733,,2026-02-03,50,,P1,,,0.07592472674401470,
I6,5.0,I,9,6,,,,,,,E195,1,TIKTAALIK,,384 well plate Grainer,m9134733,,2026-02-03,50,,P1,,,0.05724776999793904,
I7,6.0,I,9,7,,,,,,,E195,1,TIKTAALIK,,384 well plate Grainer,m9134733,,2026-02-03,50,,P1,,,0.07592472674401470,
I8,8.0,I,9,8,,,,,,,E195,1,TIKTAALIK,,384 well plate Grainer,m9134733,,2026-02-03,50,,P1,,,0.11327864023616602,
I9,8.0,I,9,9,,,,,,,E195,1,TIKTAALIK,,384 well plate Grainer,m9134733,,2026-02-03,50,,P1,,,0.11327864023616602,
I10,8.0,I,9,10,,,,,,,E195,1,TIKTAALIK,,384 well plate Grainer,m9134733,,2026-02-03,50,,P1,,,0.11327864023616602,
I11,8.0,I,9,11,,,,,,,E195,1,TIKTAALIK,,384 well plate Grainer,m9134733,,2026-02-03,50,,P1,,,0.11327864023616602,
I12,10.0,I,9,12,,,,,,,E195,1,TIKTAALIK,,384 well plate Grainer,m9134733,,2026-02-03,50,,P1,,,0.15063255372831735,
I13,7.0,I,9,13,,,,,,,E195,1,TIKTAALIK,,384 well plate Grainer,m9134733,,2026-02-03,50,,P1,,,0.09460168349009035,
I14,6.0,I,9,14,,,,,,,E195,1,TIKTAALIK,,384 well plate Grainer,m9134733,,2026-02-03,50,,P1,,,0.07592472674401470,
I15,7.0,I,9,15,,,,,,,E195,1,TIKTAALIK,,384 well plate Grainer,m9134733,,2026-02-03,50,,P1,,,0.09460168349009035,
I16,8.0,I,9,16,,,,,,,E195,1,TIKTAALIK,,384 well plate Grainer,m9134733,,2026-02-03,50,,P1,,,0.11327864023616602,
I17,9.0,I,9,17,,,,,,,E195,1,TIKTAALIK,,384 well plate Grainer,m9134733,,2026-02-03,50,,P1,,,0.13195559698224169,
I18,6.0,I,9,18,,,,,,,E195,1,TIKTAALIK,,384 well plate Grainer,m9134733,,2026-02-03,50,,P1,,,0.07592472674401470,
I19,10.0,I,9,19,,,,,,,E195,1,TIKTAALIK,,384 well plate Grainer,m9134733,,2026-02-03,50,,P1,,,0.15063255372831735,
I20,11.0,I,9,20,,,,,,,E195,1,TIKTAALIK,,384 well plate Grainer,m9134733,,2026-02-03,50,,P1,,,0.16930951047439300,
I21,9.0,I,9,21,,,,,,,E195,1,TIKTAALIK,,384 well plate Grainer,m9134733,,2026-02-03,50,,P1,,,0.13195559698224169,
I22,10.0,I,9,22,,,,,,,E195,1,TIKTAALIK,,384 well plate Grainer,m9134733,,2026-02-03,50,,P1,,,0.15063255372831735,
I23,1101.0,I,9,23,,Standard - 5,,,16.0,,E195,1,TIKTAALIK,,384 well plate Grainer,m9134733,,2026-02-03,50,,P1,Standard - 5,,20.52719236369686200,
I24,790.0,I,9,24,,Standard - 5,,,16.0,,E195,1,TIKTAALIK,,384 well plate Grainer,m9134733,,2026-02-03,50,,P1,Standard - 5,,14.71865881566733200,
J1,8.0,J,10,1,,,,,,,E195,1,TIKTAALIK,,384 well plate Grainer,m9134733,,2026-02-03,50,,P1,,,0.11327864023616602,
J2,8.0,J,10,2,,,,,,,E195,1,TIKTAALIK,,384 well plate Grainer,m9134733,,2026-02-03,50,,P1,,,0.11327864023616602,
J3,8.0,J,10,3,,,,,,,E195,1,TIKTAALIK,,384 well plate Grainer,m9134733,,2026-02-03,50,,P1,,,0.11327864023616602,
J4,9.0,J,10,4,,,,,,,E195,1,TIKTAALIK,,384 well plate Grainer,m9134733,,2026-02-03,50,,P1,,,0.13195559698224169,
J5,7.0,J,10,5,,,,,,,E195,1,TIKTAALIK,,384 well plate Grainer,m9134733,,2026-02-03,50,,P1,,,0.09460168349009035,
J6,6.0,J,10,6,,,,,,,E195,1,TIKTAALIK,,384 well plate Grainer,m9134733,,2026-02-03,50,,P1,,,0.07592472674401470,
J7,9.0,J,10,7,,,,,,,E195,1,TIKTAALIK,,384 well plate Grainer,m9134733,,2026-02-03,50,,P1,,,0.13195559698224169,
J8,7.0,J,10,8,,,,,,,E195,1,TIKTAALIK,,384 well plate Grainer,m9134733,,2026-02-03,50,,P1,,,0.09460168349009035,
J9,9.0,J,10,9,,,,,,,E195,1,TIKTAALIK,,384 well plate Grainer,m9134733,,2026-02-03,50,,P1,,,0.13195559698224169,
J10,8.0,J,10,10,,,,,,,E195,1,TIKTAALIK,,384 well plate Grainer,m9134733,,2026-02-03,50,,P1,,,0.11327864023616602,
J11,9.0,J,10,11,,,,,,,E195,1,TIKTAALIK,,384 well plate Grainer,m9134733,,2026-02-03,50,,P1,,,0.13195559698224169,
J12,7.0,J,10,12,,,,,,,E195,1,TIKTAALIK,,384 well plate Grainer,m9134733,,2026-02-03,50,,P1,,,0.09460168349009035,
J13,6.0,J,10,13,,,,,,,E195,1,TIKTAALIK,,384 well plate Grainer,m9134733,,2026-02-03,50,,P1,,,0.07592472674401470,
J14,9.0,J,10,14,,,,,,,E195,1,TIKTAALIK,,384 well plate Grainer,m9134733,,2026-02-03,50,,P1,,,0.13195559698224169,
J15,7.0,J,10,15,,,,,,,E195,1,TIKTAALIK,,384 well plate Grainer,m9134733,,2026-02-03,50,,P1,,,0.09460168349009035,
J16,8.0,J,10,16,,,,,,,E195,1,TIKTAALIK,,384 well plate Grainer,m9134733,,2026-02-03,50,,P1,,,0.11327864023616602,
J17,7.0,J,10,17,,,,,,,E195,1,TIKTAALIK,,384 well plate Grainer,m9134733,,2026-02-03,50,,P1,,,0.09460168349009035,
J18,9.0,J,10,18,,,,,,,E195,1,TIKTAALIK,,384 well plate Grainer,m9134733,,2026-02-03,50,,P1,,,0.13195559698224169,
J19,8.0,J,10,19,,,,,,,E195,1,TIKTAALIK,,384 well plate Grainer,m9134733,,2026-02-03,50,,P1,,,0.11327864023616602,
J20,9.0,J,10,20,,,,,,,E195,1,TIKTAALIK,,384 well plate Grainer,m9134733,,2026-02-03,50,,P1,,,0.13195559698224169,
J21,9.0,J,10,21,,,,,,,E195,1,TIKTAALIK,,384 well plate Grainer,m9134733,,2026-02-03,50,,P1,,,0.13195559698224169,
J22,10.0,J,10,22,,,,,,,E195,1,TIKTAALIK,,384 well plate Grainer,m9134733,,2026-02-03,50,,P1,,,0.15063255372831735,
J23,904.0,J,10,23,,Standard - 5,,,16.0,,E195,1,TIKTAALIK,,384 well plate Grainer,m9134733,,2026-02-03,50,,P1,Standard - 5,,16.84783188471996000,
J24,10.0,J,10,24,,,,,,,E195,1,TIKTAALIK,,384 well plate Grainer,m9134733,,2026-02-03,50,,P1,,,0.15063255372831735,
K1,8.0,K,11,1,,,,,,,E195,1,TIKTAALIK,,384 well plate Grainer,m9134733,,2026-02-03,50,,P1,,,0.11327864023616602,
K2,9.0,K,11,2,,,,,,,E195,1,TIKTAALIK,,384 well plate Grainer,m9134733,,2026-02-03,50,,P1,,,0.13195559698224169,
K3,8.0,K,11,3,,,,,,,E195,1,TIKTAALIK,,384 well plate Grainer,m9134733,,2026-02-03,50,,P1,,,0.11327864023616602,
K4,8.0,K,11,4,,,,,,,E195,1,TIKTAALIK,,384 well plate Grainer,m9134733,,2026-02-03,50,,P1,,,0.11327864023616602,
K5,9.0,K,11,5,,,,,,,E195,1,TIKTAALIK,,384 well plate Grainer,m9134733,,2026-02-03,50,,P1,,,0.13195559698224169,
K6,7.0,K,11,6,,,,,,,E195,1,TIKTAALIK,,384 well plate Grainer,m9134733,,2026-02-03,50,,P1,,,0.09460168349009035,
K7,8.0,K,11,7,,,,,,,E195,1,TIKTAALIK,,384 well plate Grainer,m9134733,,2026-02-03,50,,P1,,,0.11327864023616602,
K8,8.0,K,11,8,,,,,,,E195,1,TIKTAALIK,,384 well plate Grainer,m9134733,,2026-02-03,50,,P1,,,0.11327864023616602,
K9,7.0,K,11,9,,,,,,,E195,1,TIKTAALIK,,384 well plate Grainer,m9134733,,2026-02-03,50,,P1,,,0.09460168349009035,
K10,10.0,K,11,10,,,,,,,E195,1,TIKTAALIK,,384 well plate Grainer,m9134733,,2026-02-03,50,,P1,,,0.15063255372831735,
K11,5.0,K,11,11,,,,,,,E195,1,TIKTAALIK,,384 well plate Grainer,m9134733,,2026-02-03,50,,P1,,,0.05724776999793904,
K12,9.0,K,11,12,,,,,,,E195,1,TIKTAALIK,,384 well plate Grainer,m9134733,,2026-02-03,50,,P1,,,0.13195559698224169,
K13,8.0,K,11,13,,,,,,,E195,1,TIKTAALIK,,384 well plate Grainer,m9134733,,2026-02-03,50,,P1,,,0.11327864023616602,
K14,8.0,K,11,14,,,,,,,E195,1,TIKTAALIK,,384 well plate Grainer,m9134733,,2026-02-03,50,,P1,,,0.11327864023616602,
K15,8.0,K,11,15,,,,,,,E195,1,TIKTAALIK,,384 well plate Grainer,m9134733,,2026-02-03,50,,P1,,,0.11327864023616602,
K16,8.0,K,11,16,,,,,,,E195,1,TIKTAALIK,,384 well plate Grainer,m9134733,,2026-02-03,50,,P1,,,0.11327864023616602,
K17,7.0,K,11,17,,,,,,,E195,1,TIKTAALIK,,384 well plate Grainer,m9134733,,2026-02-03,50,,P1,,,0.09460168349009035,
K18,11.0,K,11,18,,,,,,,E195,1,TIKTAALIK,,384 well plate Grainer,m9134733,,2026-02-03,50,,P1,,,0.16930951047439300,
K19,8.0,K,11,19,,,,,,,E195,1,TIKTAALIK,,384 well plate Grainer,m9134733,,2026-02-03,50,,P1,,,0.11327864023616602,
K20,8.0,K,11,20,,,,,,,E195,1,TIKTAALIK,,384 well plate Grainer,m9134733,,2026-02-03,50,,P1,,,0.11327864023616602,
K21,8.0,K,11,21,,,,,,,E195,1,TIKTAALIK,,384 well plate Grainer,m9134733,,2026-02-03,50,,P1,,,0.11327864023616602,
K22,12.0,K,11,22,,,,,,,E195,1,TIKTAALIK,,384 well plate Grainer,m9134733,,2026-02-03,50,,P1,,,0.18798646722046866,
K23,1993.0,K,11,23,,Standard - 6,,,32.0,,E195,1,TIKTAALIK,,384 well plate Grainer,m9134733,,2026-02-03,50,,P1,Standard - 6,,37.18703778119635000,
K24,1485.0,K,11,24,,Standard - 6,,,32.0,,E195,1,TIKTAALIK,,384 well plate Grainer,m9134733,,2026-02-03,50,,P1,Standard - 6,,27.69914375418992000,
L1,6.0,L,12,1,,,,,,,E195,1,TIKTAALIK,,384 well plate Grainer,m9134733,,2026-02-03,50,,P1,,,0.07592472674401470,
L2,9.0,L,12,2,,,,,,,E195,1,TIKTAALIK,,384 well plate Grainer,m9134733,,2026-02-03,50,,P1,,,0.13195559698224169,
L3,6.0,L,12,3,,,,,,,E195,1,TIKTAALIK,,384 well plate Grainer,m9134733,,2026-02-03,50,,P1,,,0.07592472674401470,
L4,7.0,L,12,4,,,,,,,E195,1,TIKTAALIK,,384 well plate Grainer,m9134733,,2026-02-03,50,,P1,,,0.09460168349009035,
L5,9.0,L,12,5,,,,,,,E195,1,TIKTAALIK,,384 well plate Grainer,m9134733,,2026-02-03,50,,P1,,,0.13195559698224169,
L6,6.0,L,12,6,,,,,,,E195,1,TIKTAALIK,,384 well plate Grainer,m9134733,,2026-02-03,50,,P1,,,0.07592472674401470,
L7,9.0,L,12,7,,,,,,,E195,1,TIKTAALIK,,384 well plate Grainer,m9134733,,2026-02-03,50,,P1,,,0.13195559698224169,
L8,8.0,L,12,8,,,,,,,E195,1,TIKTAALIK,,384 well plate Grainer,m9134733,,2026-02-03,50,,P1,,,0.11327864023616602,
L9,8.0,L,12,9,,,,,,,E195,1,TIKTAALIK,,384 well plate Grainer,m9134733,,2026-02-03,50,,P1,,,0.11327864023616602,
L10,10.0,L,12,10,,,,,,,E195,1,TIKTAALIK,,384 well plate Grainer,m9134733,,2026-02-03,50,,P1,,,0.15063255372831735,
L11,10.0,L,12,11,,,,,,,E195,1,TIKTAALIK,,384 well plate Grainer,m9134733,,2026-02-03,50,,P1,,,0.15063255372831735,
L12,9.0,L,12,12,,,,,,,E195,1,TIKTAALIK,,384 well plate Grainer,m9134733,,2026-02-03,50,,P1,,,0.13195559698224169,
L13,9.0,L,12,13,,,,,,,E195,1,TIKTAALIK,,384 well plate Grainer,m9134733,,2026-02-03,50,,P1,,,0.13195559698224169,
L14,9.0,L,12,14,,,,,,,E195,1,TIKTAALIK,,384 well plate Grainer,m9134733,,2026-02-03,50,,P1,,,0.13195559698224169,
L15,8.0,L,12,15,,,,,,,E195,1,TIKTAALIK,,384 well plate Grainer,m9134733,,2026-02-03,50,,P1,,,0.11327864023616602,
L16,10.0,L,12,16,,,,,,,E195,1,TIKTAALIK,,384 well plate Grainer,m9134733,,2026-02-03,50,,P1,,,0.15063255372831735,
L17,5.0,L,12,17,,,,,,,E195,1,TIKTAALIK,,384 well plate Grainer,m9134733,,2026-02-03,50,,P1,,,0.05724776999793904,
L18,10.0,L,12,18,,,,,,,E195,1,TIKTAALIK,,384 well plate Grainer,m9134733,,2026-02-03,50,,P1,,,0.15063255372831735,
L19,8.0,L,12,19,,,,,,,E195,1,TIKTAALIK,,384 well plate Grainer,m9134733,,2026-02-03,50,,P1,,,0.11327864023616602,
L20,6.0,L,12,20,,,,,,,E195,1,TIKTAALIK,,384 well plate Grainer,m9134733,,2026-02-03,50,,P1,,,0.07592472674401470,
L21,10.0,L,12,21,,,,,,,E195,1,TIKTAALIK,,384 well plate Grainer,m9134733,,2026-02-03,50,,P1,,,0.15063255372831735,
L22,9.0,L,12,22,,,,,,,E195,1,TIKTAALIK,,384 well plate Grainer,m9134733,,2026-02-03,50,,P1,,,0.13195559698224169,
L23,1726.0,L,12,23,,Standard - 6,,,32.0,,E195,1,TIKTAALIK,,384 well plate Grainer,m9134733,,2026-02-03,50,,P1,Standard - 6,,32.20029032999415000,
L24,9.0,L,12,24,,,,,,,E195,1,TIKTAALIK,,384 well plate Grainer,m9134733,,2026-02-03,50,,P1,,,0.13195559698224169,
M1,8.0,M,13,1,,,,,,,E195,1,TIKTAALIK,,384 well plate Grainer,m9134733,,2026-02-03,50,,P1,,,0.11327864023616602,
M2,8.0,M,13,2,,,,,,,E195,1,TIKTAALIK,,384 well plate Grainer,m9134733,,2026-02-03,50,,P1,,,0.11327864023616602,
M3,8.0,M,13,3,,,,,,,E195,1,TIKTAALIK,,384 well plate Grainer,m9134733,,2026-02-03,50,,P1,,,0.11327864023616602,
M4,7.0,M,13,4,,,,,,,E195,1,TIKTAALIK,,384 well plate Grainer,m9134733,,2026-02-03,50,,P1,,,0.09460168349009035,
M5,7.0,M,13,5,,,,,,,E195,1,TIKTAALIK,,384 well plate Grainer,m9134733,,2026-02-03,50,,P1,,,0.09460168349009035,
M6,9.0,M,13,6,,,,,,,E195,1,TIKTAALIK,,384 well plate Grainer,m9134733,,2026-02-03,50,,P1,,,0.13195559698224169,
M7,10.0,M,13,7,,,,,,,E195,1,TIKTAALIK,,384 well plate Grainer,m9134733,,2026-02-03,50,,P1,,,0.15063255372831735,
M8,7.0,M,13,8,,,,,,,E195,1,TIKTAALIK,,384 well plate Grainer,m9134733,,2026-02-03,50,,P1,,,0.09460168349009035,
M9,7.0,M,13,9,,,,,,,E195,1,TIKTAALIK,,384 well plate Grainer,m9134733,,2026-02-03,50,,P1,,,0.09460168349009035,
M10,7.0,M,13,10,,,,,,,E195,1,TIKTAALIK,,384 well plate Grainer,m9134733,,2026-02-03,50,,P1,,,0.09460168349009035,
M11,10.0,M,13,11,,,,,,,E195,1,TIKTAALIK,,384 well plate Grainer,m9134733,,2026-02-03,50,,P1,,,0.15063255372831735,
M12,9.0,M,13,12,,,,,,,E195,1,TIKTAALIK,,384 well plate Grainer,m9134733,,2026-02-03,50,,P1,,,0.13195559698224169,
M13,10.0,M,13,13,,,,,,,E195,1,TIKTAALIK,,384 well plate Grainer,m9134733,,2026-02-03,50,,P1,,,0.15063255372831735,
M14,7.0,M,13,14,,,,,,,E195,1,TIKTAALIK,,384 well plate Grainer,m9134733,,2026-02-03,50,,P1,,,0.09460168349009035,
M15,9.0,M,13,15,,,,,,,E195,1,TIKTAALIK,,384 well plate Grainer,m9134733,,2026-02-03,50,,P1,,,0.13195559698224169,
M16,7.0,M,13,16,,,,,,,E195,1,TIKTAALIK,,384 well plate Grainer,m9134733,,2026-02-03,50,,P1,,,0.09460168349009035,
M17,8.0,M,13,17,,,,,,,E195,1,TIKTAALIK,,384 well plate Grainer,m9134733,,2026-02-03,50,,P1,,,0.11327864023616602,
M18,9.0,M,13,18,,,,,,,E195,1,TIKTAALIK,,384 well plate Grainer,m9134733,,2026-02-03,50,,P1,,,0.13195559698224169,
M19,9.0,M,13,19,,,,,,,E195,1,TIKTAALIK,,384 well plate Grainer,m9134733,,2026-02-03,50,,P1,,,0.13195559698224169,
M20,9.0,M,13,20,,,,,,,E195,1,TIKTAALIK,,384 well plate Grainer,m9134733,,2026-02-03,50,,P1,,,0.13195559698224169,
M21,9.0,M,13,21,,,,,,,E195,1,TIKTAALIK,,384 well plate Grainer,m9134733,,2026-02-03,50,,P1,,,0.13195559698224169,
M22,8.0,M,13,22,,,,,,,E195,1,TIKTAALIK,,384 well plate Grainer,m9134733,,2026-02-03,50,,P1,,,0.11327864023616602,
M23,4386.0,M,13,23,,Standard - 7,,,64.0,,E195,1,TIKTAALIK,,384 well plate Grainer,m9134733,,2026-02-03,50,,P1,Standard - 7,,81.88099527455540000,
M24,2630.0,M,13,24,,Standard - 7,,,64.0,,E195,1,TIKTAALIK,,384 well plate Grainer,m9134733,,2026-02-03,50,,P1,Standard - 7,,49.08425922844655500,
N1,5.0,N,14,1,,,,,,,E195,1,TIKTAALIK,,384 well plate Grainer,m9134733,,2026-02-03,50,,P1,,,0.05724776999793904,
N2,8.0,N,14,2,,,,,,,E195,1,TIKTAALIK,,384 well plate Grainer,m9134733,,2026-02-03,50,,P1,,,0.11327864023616602,
N3,7.0,N,14,3,,,,,,,E195,1,TIKTAALIK,,384 well plate Grainer,m9134733,,2026-02-03,50,,P1,,,0.09460168349009035,
N4,8.0,N,14,4,,,,,,,E195,1,TIKTAALIK,,384 well plate Grainer,m9134733,,2026-02-03,50,,P1,,,0.11327864023616602,
N5,5.0,N,14,5,,,,,,,E195,1,TIKTAALIK,,384 well plate Grainer,m9134733,,2026-02-03,50,,P1,,,0.05724776999793904,
N6,6.0,N,14,6,,,,,,,E195,1,TIKTAALIK,,384 well plate Grainer,m9134733,,2026-02-03,50,,P1,,,0.07592472674401470,
N7,9.0,N,14,7,,,,,,,E195,1,TIKTAALIK,,384 well plate Grainer,m9134733,,2026-02-03,50,,P1,,,0.13195559698224169,
N8,10.0,N,14,8,,,,,,,E195,1,TIKTAALIK,,384 well plate Grainer,m9134733,,2026-02-03,50,,P1,,,0.15063255372831735,
N9,9.0,N,14,9,,,,,,,E195,1,TIKTAALIK,,384 well plate Grainer,m9134733,,2026-02-03,50,,P1,,,0.13195559698224169,
N10,7.0,N,14,10,,,,,,,E195,1,TIKTAALIK,,384 well plate Grainer,m9134733,,2026-02-03,50,,P1,,,0.09460168349009035,
N11,8.0,N,14,11,,,,,,,E195,1,TIKTAALIK,,384 well plate Grainer,m9134733,,2026-02-03,50,,P1,,,0.11327864023616602,
N12,7.0,N,14,12,,,,,,,E195,1,TIKTAALIK,,384 well plate Grainer,m9134733,,2026-02-03,50,,P1,,,0.09460168349009035,
N13,7.0,N,14,13,,,,,,,E195,1,TIKTAALIK,,384 well plate Grainer,m9134733,,2026-02-03,50,,P1,,,0.09460168349009035,
N14,8.0,N,14,14,,,,,,,E195,1,TIKTAALIK,,384 well plate Grainer,m9134733,,2026-02-03,50,,P1,,,0.11327864023616602,
N15,8.0,N,14,15,,,,,,,E195,1,TIKTAALIK,,384 well plate Grainer,m9134733,,2026-02-03,50,,P1,,,0.11327864023616602,
N16,7.0,N,14,16,,,,,,,E195,1,TIKTAALIK,,384 well plate Grainer,m9134733,,2026-02-03,50,,P1,,,0.09460168349009035,
N17,9.0,N,14,17,,,,,,,E195,1,TIKTAALIK,,384 well plate Grainer,m9134733,,2026-02-03,50,,P1,,,0.13195559698224169,
N18,9.0,N,14,18,,,,,,,E195,1,TIKTAALIK,,384 well plate Grainer,m9134733,,2026-02-03,50,,P1,,,0.13195559698224169,
N19,9.0,N,14,19,,,,,,,E195,1,TIKTAALIK,,384 well plate Grainer,m9134733,,2026-02-03,50,,P1,,,0.13195559698224169,
N20,10.0,N,14,20,,,,,,,E195,1,TIKTAALIK,,384 well plate Grainer,m9134733,,2026-02-03,50,,P1,,,0.15063255372831735,
N21,8.0,N,14,21,,,,,,,E195,1,TIKTAALIK,,384 well plate Grainer,m9134733,,2026-02-03,50,,P1,,,0.11327864023616602,
N22,9.0,N,14,22,,,,,,,E195,1,TIKTAALIK,,384 well plate Grainer,m9134733,,2026-02-03,50,,P1,,,0.13195559698224169,
N23,3673.0,N,14,23,,Standard - 7,,,64.0,,E195,1,TIKTAALIK,,384 well plate Grainer,m9134733,,2026-02-03,50,,P1,Standard - 7,,68.56432511460346000,
N24,7.0,N,14,24,,,,,,,E195,1,TIKTAALIK,,384 well plate Grainer,m9134733,,2026-02-03,50,,P1,,,0.09460168349009035,
O1,10.0,O,15,1,,,,,,,E195,1,TIKTAALIK,,384 well plate Grainer,m9134733,,2026-02-03,50,,P1,,,0.15063255372831735,
O2,7.0,O,15,2,,,,,,,E195,1,TIKTAALIK,,384 well plate Grainer,m9134733,,2026-02-03,50,,P1,,,0.09460168349009035,
O3,6.0,O,15,3,,,,,,,E195,1,TIKTAALIK,,384 well plate Grainer,m9134733,,2026-02-03,50,,P1,,,0.07592472674401470,
O4,9.0,O,15,4,,,,,,,E195,1,TIKTAALIK,,384 well plate Grainer,m9134733,,2026-02-03,50,,P1,,,0.13195559698224169,
O5,7.0,O,15,5,,,,,,,E195,1,TIKTAALIK,,384 well plate Grainer,m9134733,,2026-02-03,50,,P1,,,0.09460168349009035,
O6,9.0,O,15,6,,,,,,,E195,1,TIKTAALIK,,384 well plate Grainer,m9134733,,2026-02-03,50,,P1,,,0.13195559698224169,
O7,7.0,O,15,7,,,,,,,E195,1,TIKTAALIK,,384 well plate Grainer,m9134733,,2026-02-03,50,,P1,,,0.09460168349009035,
O8,7.0,O,15,8,,,,,,,E195,1,TIKTAALIK,,384 well plate Grainer,m9134733,,2026-02-03,50,,P1,,,0.09460168349009035,
O9,7.0,O,15,9,,,,,,,E195,1,TIKTAALIK,,384 well plate Grainer,m9134733,,2026-02-03,50,,P1,,,0.09460168349009035,
O10,7.0,O,15,10,,,,,,,E195,1,TIKTAALIK,,384 well plate Grainer,m9134733,,2026-02-03,50,,P1,,,0.09460168349009035,
O11,8.0,O,15,11,,,,,,,E195,1,TIKTAALIK,,384 well plate Grainer,m9134733,,2026-02-03,50,,P1,,,0.11327864023616602,
O12,7.0,O,15,12,,,,,,,E195,1,TIKTAALIK,,384 well plate Grainer,m9134733,,2026-02-03,50,,P1,,,0.09460168349009035,
O13,12.0,O,15,13,,,,,,,E195,1,TIKTAALIK,,384 well plate Grainer,m9134733,,2026-02-03,50,,P1,,,0.18798646722046866,
O14,8.0,O,15,14,,,,,,,E195,1,TIKTAALIK,,384 well plate Grainer,m9134733,,2026-02-03,50,,P1,,,0.11327864023616602,
O15,10.0,O,15,15,,,,,,,E195,1,TIKTAALIK,,384 well plate Grainer,m9134733,,2026-02-03,50,,P1,,,0.15063255372831735,
O16,8.0,O,15,16,,,,,,,E195,1,TIKTAALIK,,384 well plate Grainer,m9134733,,2026-02-03,50,,P1,,,0.11327864023616602,
O17,9.0,O,15,17,,,,,,,E195,1,TIKTAALIK,,384 well plate Grainer,m9134733,,2026-02-03,50,,P1,,,0.13195559698224169,
O18,8.0,O,15,18,,,,,,,E195,1,TIKTAALIK,,384 well plate Grainer,m9134733,,2026-02-03,50,,P1,,,0.11327864023616602,
O19,8.0,O,15,19,,,,,,,E195,1,TIKTAALIK,,384 well plate Grainer,m9134733,,2026-02-03,50,,P1,,,0.11327864023616602,
O20,10.0,O,15,20,,,,,,,E195,1,TIKTAALIK,,384 well plate Grainer,m9134733,,2026-02-03,50,,P1,,,0.15063255372831735,
O21,11.0,O,15,21,,,,,,,E195,1,TIKTAALIK,,384 well plate Grainer,m9134733,,2026-02-03,50,,P1,,,0.16930951047439300,
O22,8.0,O,15,22,,,,,,,E195,1,TIKTAALIK,,384 well plate Grainer,m9134733,,2026-02-03,50,,P1,,,0.11327864023616602,
O23,6915.0,O,15,23,,Standard - 8,,,128.0,,E195,1,TIKTAALIK,,384 well plate Grainer,m9134733,,2026-02-03,50,,P1,Standard - 8,,129.11501888538078000,
O24,6201.0,O,15,24,,Standard - 8,,,128.0,,E195,1,TIKTAALIK,,384 well plate Grainer,m9134733,,2026-02-03,50,,P1,Standard - 8,,115.77967176868273000,
P1,7.0,P,16,1,,,,,,,E195,1,TIKTAALIK,,384 well plate Grainer,m9134733,,2026-02-03,50,,P1,,,0.09460168349009035,
P2,9.0,P,16,2,,,,,,,E195,1,TIKTAALIK,,384 well plate Grainer,m9134733,,2026-02-03,50,,P1,,,0.13195559698224169,
P3,9.0,P,16,3,,,,,,,E195,1,TIKTAALIK,,384 well plate Grainer,m9134733,,2026-02-03,50,,P1,,,0.13195559698224169,
P4,9.0,P,16,4,,,,,,,E195,1,TIKTAALIK,,384 well plate Grainer,m9134733,,2026-02-03,50,,P1,,,0.13195559698224169,
P5,5.0,P,16,5,,,,,,,E195,1,TIKTAALIK,,384 well plate Grainer,m9134733,,2026-02-03,50,,P1,,,0.05724776999793904,
P6,8.0,P,16,6,,,,,,,E195,1,TIKTAALIK,,384 well plate Grainer,m9134733,,2026-02-03,50,,P1,,,0.11327864023616602,
P7,8.0,P,16,7,,,,,,,E195,1,TIKTAALIK,,384 well plate Grainer,m9134733,,2026-02-03,50,,P1,,,0.11327864023616602,
P8,7.0,P,16,8,,,,,,,E195,1,TIKTAALIK,,384 well plate Grainer,m9134733,,2026-02-03,50,,P1,,,0.09460168349009035,
P9,7.0,P,16,9,,,,,,,E195,1,TIKTAALIK,,384 well plate Grainer,m9134733,,2026-02-03,50,,P1,,,0.09460168349009035,
P10,9.0,P,16,10,,,,,,,E195,1,TIKTAALIK,,384 well plate Grainer,m9134733,,2026-02-03,50,,P1,,,0.13195559698224169,
P11,6.0,P,16,11,,,,,,,E195,1,TIKTAALIK,,384 well plate Grainer,m9134733,,2026-02-03,50,,P1,,,0.07592472674401470,
P12,9.0,P,16,12,,,,,,,E195,1,TIKTAALIK,,384 well plate Grainer,m9134733,,2026-02-03,50,,P1,,,0.13195559698224169,
P13,11.0,P,16,13,,,,,,,E195,1,TIKTAALIK,,384 well plate Grainer,m9134733,,2026-02-03,50,,P1,,,0.16930951047439300,
P14,9.0,P,16,14,,,,,,,E195,1,TIKTAALIK,,384 well plate Grainer,m9134733,,2026-02-03,50,,P1,,,0.13195559698224169,
P15,7.0,P,16,15,,,,,,,E195,1,TIKTAALIK,,384 well plate Grainer,m9134733,,2026-02-03,50,,P1,,,0.09460168349009035,
P16,7.0,P,16,16,,,,,,,E195,1,TIKTAALIK,,384 well plate Grainer,m9134733,,2026-02-03,50,,P1,,,0.09460168349009035,
P17,8.0,P,16,17,,,,,,,E195,1,TIKTAALIK,,384 well plate Grainer,m9134733,,2026-02-03,50,,P1,,,0.11327864023616602,
P18,9.0,P,16,18,,,,,,,E195,1,TIKTAALIK,,384 well plate Grainer,m9134733,,2026-02-03,50,,P1,,,0.13195559698224169,
P19,7.0,P,16,19,,,,,,,E195,1,TIKTAALIK,,384 well plate Grainer,m9134733,,2026-02-03,50,,P1,,,0.09460168349009035,
P20,8.0,P,16,20,,,,,,,E195,1,TIKTAALIK,,384 well plate Grainer,m9134733,,2026-02-03,50,,P1,,,0.11327864023616602,
P21,10.0,P,16,21,,,,,,,E195,1,TIKTAALIK,,384 well plate Grainer,m9134733,,2026-02-03,50,,P1,,,0.15063255372831735,
P22,10.0,P,16,22,,,,,,,E195,1,TIKTAALIK,,384 well plate Grainer,m9134733,,2026-02-03,50,,P1,,,0.15063255372831735,
P23,6880.0,P,16,23,,Standard - 8,,,128.0,,E195,1,TIKTAALIK,,384 well plate Grainer,m9134733,,2026-02-03,50,,P1,Standard - 8,,128.46132539926813000,
P24,9.0,P,16,24,,,,,,,E195,1,TIKTAALIK,,384 well plate Grainer,m9134733,,2026-02-03,50,,P1,,,0.13195559698224169,
A1,864.0,A,1,1,,kingfisher_Ready96,17-L,MMC_17,,200.0,E185,1,TIKTAALIK,20.0,384 well plate Grainer,m9134733,plasmid,2026-02-03,50,,P2,kingfisher,Ready96,17.59603950842797500,3519.20790168559500
A2,758.0,A,1,2,,kingfisher_Ready96,17-L,MMC_17,,200.0,E185,1,TIKTAALIK,20.0,384 well plate Grainer,m9134733,plasmid,2026-02-03,50,,P2,kingfisher,Ready96,15.38119434712322200,3076.23886942464420
A3,997.0,A,1,3,,kingfisher_Ready96,17-L,MMC_17,,200.0,E185,1,TIKTAALIK,20.0,384 well plate Grainer,m9134733,plasmid,2026-02-03,50,,P2,kingfisher,Ready96,20.37504334289525700,4075.00866857905160
A4,702.0,A,1,4,,kingfisher_Ready96,17-L,MMC_17,,200.0,E185,1,TIKTAALIK,20.0,384 well plate Grainer,m9134733,plasmid,2026-02-03,50,,P2,kingfisher,Ready96,14.21108746945278700,2842.21749389055730
A5,776.0,A,1,5,,kingfisher_Ready96,17-L,MMC_17,,200.0,E185,1,TIKTAALIK,20.0,384 well plate Grainer,m9134733,plasmid,2026-02-03,50,,P2,kingfisher,Ready96,15.75730012923157700,3151.46002584631560
A6,696.0,A,1,6,,kingfisher_Ready96,17-L,MMC_17,,200.0,E185,1,TIKTAALIK,20.0,384 well plate Grainer,m9134733,plasmid,2026-02-03,50,,P2,kingfisher,Ready96,14.08571887541666900,2817.14377508333400
A7,875.0,A,1,7,,kingfisher_Ready96,17-L,MMC_17,,200.0,E185,1,TIKTAALIK,20.0,384 well plate Grainer,m9134733,plasmid,2026-02-03,50,,P2,kingfisher,Ready96,17.82588193082752400,3565.17638616550500
A8,683.0,A,1,8,,kingfisher_Ready96,17-L,MMC_17,,200.0,E185,1,TIKTAALIK,20.0,384 well plate Grainer,m9134733,plasmid,2026-02-03,50,,P2,kingfisher,Ready96,13.81408692167174700,2762.81738433434930
A9,938.0,A,1,9,,kingfisher_Ready96,17-L,MMC_17,,200.0,E185,1,TIKTAALIK,20.0,384 well plate Grainer,m9134733,plasmid,2026-02-03,50,,P2,kingfisher,Ready96,19.14225216820676300,3828.45043364135240
A10,649.0,A,1,10,,kingfisher_Ready96,17-L,MMC_17,,200.0,E185,1,TIKTAALIK,20.0,384 well plate Grainer,m9134733,plasmid,2026-02-03,50,,P2,kingfisher,Ready96,13.10366488880041100,2620.73297776008200
A11,587.0,A,1,11,,kingfisher_Ready96,17-L,MMC_17,,200.0,E185,1,TIKTAALIK,20.0,384 well plate Grainer,m9134733,plasmid,2026-02-03,50,,P2,kingfisher,Ready96,11.80818941709385900,2361.63788341877170
A12,706.0,A,1,12,,kingfisher_Ready96,17-L,MMC_17,,200.0,E185,1,TIKTAALIK,20.0,384 well plate Grainer,m9134733,plasmid,2026-02-03,50,,P2,kingfisher,Ready96,14.29466653214353200,2858.93330642870660
A13,680.0,A,1,13,,kingfisher_Ready96,17-L,MMC_17,,200.0,E185,1,TIKTAALIK,20.0,384 well plate Grainer,m9134733,plasmid,2026-02-03,50,,P2,kingfisher,Ready96,13.75140262465368800,2750.28052493073760
A14,704.0,A,1,14,,kingfisher_Ready96,17-L,MMC_17,,200.0,E185,1,TIKTAALIK,20.0,384 well plate Grainer,m9134733,plasmid,2026-02-03,50,,P2,kingfisher,Ready96,14.25287700079816000,2850.57540015963200
A15,656.0,A,1,15,,kingfisher_Ready96,17-L,MMC_17,,200.0,E185,1,TIKTAALIK,20.0,384 well plate Grainer,m9134733,plasmid,2026-02-03,50,,P2,kingfisher,Ready96,13.24992824850921600,2649.98564970184300
A16,676.0,A,1,16,,kingfisher_Ready96,17-L,MMC_17,,200.0,E185,1,TIKTAALIK,20.0,384 well plate Grainer,m9134733,plasmid,2026-02-03,50,,P2,kingfisher,Ready96,13.66782356196294200,2733.56471239258830
A17,500.0,A,1,17,,kingfisher_Ready96,17-L,MMC_17,,200.0,E185,1,TIKTAALIK,20.0,384 well plate Grainer,m9134733,plasmid,2026-02-03,50,,P2,kingfisher,Ready96,9.99034480357014800,1998.06896071402960
A18,706.0,A,1,18,,kingfisher_Ready96,17-L,MMC_17,,200.0,E185,1,TIKTAALIK,20.0,384 well plate Grainer,m9134733,plasmid,2026-02-03,50,,P2,kingfisher,Ready96,14.29466653214353200,2858.93330642870660
A19,567.0,A,1,19,,kingfisher_Ready96,17-L,MMC_17,,200.0,E185,1,TIKTAALIK,20.0,384 well plate Grainer,m9134733,plasmid,2026-02-03,50,,P2,kingfisher,Ready96,11.39029410364013200,2278.05882072802660
A20,476.0,A,1,20,,kingfisher_Ready96,17-L,MMC_17,,200.0,E185,1,TIKTAALIK,20.0,384 well plate Grainer,m9134733,plasmid,2026-02-03,50,,P2,kingfisher,Ready96,9.48887042742567600,1897.77408548513520
A21,633.0,A,1,21,,kingfisher_Ready96,17-L,MMC_17,,200.0,E185,1,TIKTAALIK,20.0,384 well plate Grainer,m9134733,plasmid,2026-02-03,50,,P2,kingfisher,Ready96,12.76934863803743000,2553.86972760748600
A22,741.0,A,1,22,,kingfisher_Ready96,17-L,MMC_17,,200.0,E185,1,TIKTAALIK,20.0,384 well plate Grainer,m9134733,plasmid,2026-02-03,50,,P2,kingfisher,Ready96,15.02598333068755400,3005.19666613751100
A23,445.0,A,1,23,,kingfisher_Ready96,17-L,MMC_17,,200.0,E185,1,TIKTAALIK,20.0,384 well plate Grainer,m9134733,plasmid,2026-02-03,50,,P2,kingfisher,Ready96,8.84113269157240000,1768.22653831448000
A24,638.0,A,1,24,,kingfisher_Ready96,17-L,MMC_17,,200.0,E185,1,TIKTAALIK,20.0,384 well plate Grainer,m9134733,plasmid,2026-02-03,50,,P2,kingfisher,Ready96,12.87382246640086200,2574.76449328017220
B1,415.0,B,2,1,,kingfisher_Ready96,17-L,MMC_17,,400.0,E185,1,TIKTAALIK,20.0,384 well plate Grainer,m9134733,plasmid,2026-02-03,50,,P2,kingfisher,Ready96,8.21428972139181000,3285.71588855672370
B2,372.0,B,2,2,,kingfisher_Ready96,17-L,MMC_17,,400.0,E185,1,TIKTAALIK,20.0,384 well plate Grainer,m9134733,plasmid,2026-02-03,50,,P2,kingfisher,Ready96,7.31581479746629600,2926.32591898651840
B3,468.0,B,2,3,,kingfisher_Ready96,17-L,MMC_17,,400.0,E185,1,TIKTAALIK,20.0,384 well plate Grainer,m9134733,plasmid,2026-02-03,50,,P2,kingfisher,Ready96,9.32171230204418500,3728.68492081767400
B4,359.0,B,2,4,,kingfisher_Ready96,17-L,MMC_17,,400.0,E185,1,TIKTAALIK,20.0,384 well plate Grainer,m9134733,plasmid,2026-02-03,50,,P2,kingfisher,Ready96,7.04418284372137400,2817.67313748854940
B5,394.0,B,2,5,,kingfisher_Ready96,17-L,MMC_17,,400.0,E185,1,TIKTAALIK,20.0,384 well plate Grainer,m9134733,plasmid,2026-02-03,50,,P2,kingfisher,Ready96,7.77549964226539600,3110.19985690615840
B6,356.0,B,2,6,,kingfisher_Ready96,17-L,MMC_17,,400.0,E185,1,TIKTAALIK,20.0,384 well plate Grainer,m9134733,plasmid,2026-02-03,50,,P2,kingfisher,Ready96,6.98149854670331500,2792.59941868132600
B7,425.0,B,2,7,,kingfisher_Ready96,17-L,MMC_17,,400.0,E185,1,TIKTAALIK,20.0,384 well plate Grainer,m9134733,plasmid,2026-02-03,50,,P2,kingfisher,Ready96,8.42323737811867300,3369.29495124746930
B8,355.0,B,2,8,,kingfisher_Ready96,17-L,MMC_17,,400.0,E185,1,TIKTAALIK,20.0,384 well plate Grainer,m9134733,plasmid,2026-02-03,50,,P2,kingfisher,Ready96,6.96060378103062850,2784.24151241225130
B9,410.0,B,2,9,,kingfisher_Ready96,17-L,MMC_17,,400.0,E185,1,TIKTAALIK,20.0,384 well plate Grainer,m9134733,plasmid,2026-02-03,50,,P2,kingfisher,Ready96,8.10981589302837800,3243.92635721135100
B10,333.0,B,2,10,,kingfisher_Ready96,17-L,MMC_17,,400.0,E185,1,TIKTAALIK,20.0,384 well plate Grainer,m9134733,plasmid,2026-02-03,50,,P2,kingfisher,Ready96,6.50091893623152900,2600.36757449261180
B11,315.0,B,2,11,,kingfisher_Ready96,17-L,MMC_17,,400.0,E185,1,TIKTAALIK,20.0,384 well plate Grainer,m9134733,plasmid,2026-02-03,50,,P2,kingfisher,Ready96,6.12481315412317500,2449.92526164927000
B12,346.0,B,2,12,,kingfisher_Ready96,17-L,MMC_17,,400.0,E185,1,TIKTAALIK,20.0,384 well plate Grainer,m9134733,plasmid,2026-02-03,50,,P2,kingfisher,Ready96,6.77255088997645150,2709.02035599058100
B13,371.0,B,2,13,,kingfisher_Ready96,17-L,MMC_17,,400.0,E185,1,TIKTAALIK,20.0,384 well plate Grainer,m9134733,plasmid,2026-02-03,50,,P2,kingfisher,Ready96,7.29492003179361000,2917.96801271744400
B14,332.0,B,2,14,,kingfisher_Ready96,17-L,MMC_17,,400.0,E185,1,TIKTAALIK,20.0,384 well plate Grainer,m9134733,plasmid,2026-02-03,50,,P2,kingfisher,Ready96,6.48002417055884300,2592.00966822353700
B15,315.0,B,2,15,,kingfisher_Ready96,17-L,MMC_17,,400.0,E185,1,TIKTAALIK,20.0,384 well plate Grainer,m9134733,plasmid,2026-02-03,50,,P2,kingfisher,Ready96,6.12481315412317500,2449.92526164927000
B16,334.0,B,2,16,,kingfisher_Ready96,17-L,MMC_17,,400.0,E185,1,TIKTAALIK,20.0,384 well plate Grainer,m9134733,plasmid,2026-02-03,50,,P2,kingfisher,Ready96,6.52181370190421550,2608.72548076168640
B17,282.0,B,2,17,,kingfisher_Ready96,17-L,MMC_17,,400.0,E185,1,TIKTAALIK,20.0,384 well plate Grainer,m9134733,plasmid,2026-02-03,50,,P2,kingfisher,Ready96,5.43528588692452600,2174.11435476981070
B18,308.0,B,2,18,,kingfisher_Ready96,17-L,MMC_17,,400.0,E185,1,TIKTAALIK,20.0,384 well plate Grainer,m9134733,plasmid,2026-02-03,50,,P2,kingfisher,Ready96,5.97854979441437100,2391.41991776574830
B19,293.0,B,2,19,,kingfisher_Ready96,17-L,MMC_17,,400.0,E185,1,TIKTAALIK,20.0,384 well plate Grainer,m9134733,plasmid,2026-02-03,50,,P2,kingfisher,Ready96,5.66512830932407600,2266.05132372963040
B20,256.0,B,2,20,,kingfisher_Ready96,17-L,MMC_17,,400.0,E185,1,TIKTAALIK,20.0,384 well plate Grainer,m9134733,plasmid,2026-02-03,50,,P2,kingfisher,Ready96,4.89202197943468150,1956.80879177387260
B21,339.0,B,2,21,,kingfisher_Ready96,17-L,MMC_17,,400.0,E185,1,TIKTAALIK,20.0,384 well plate Grainer,m9134733,plasmid,2026-02-03,50,,P2,kingfisher,Ready96,6.62628753026764700,2650.51501210705870
B22,343.0,B,2,22,,kingfisher_Ready96,17-L,MMC_17,,400.0,E185,1,TIKTAALIK,20.0,384 well plate Grainer,m9134733,plasmid,2026-02-03,50,,P2,kingfisher,Ready96,6.70986659295839250,2683.94663718335700
B23,246.0,B,2,23,,kingfisher_Ready96,17-L,MMC_17,,400.0,E185,1,TIKTAALIK,20.0,384 well plate Grainer,m9134733,plasmid,2026-02-03,50,,P2,kingfisher,Ready96,4.68307432270781800,1873.22972908312730
B24,314.0,B,2,24,,kingfisher_Ready96,17-L,MMC_17,,400.0,E185,1,TIKTAALIK,20.0,384 well plate Grainer,m9134733,plasmid,2026-02-03,50,,P2,kingfisher,Ready96,6.10391838845048900,2441.56735538019570
C1,687.0,C,3,1,,kingfisher_Premium,17-L,MMC_17,,200.0,E185,1,TIKTAALIK,20.0,384 well plate Grainer,m9134733,plasmid,2026-02-03,50,,P2,kingfisher,Premium,13.89766598436249200,2779.53319687249860
C2,694.0,C,3,2,,kingfisher_Premium,17-L,MMC_17,,200.0,E185,1,TIKTAALIK,20.0,384 well plate Grainer,m9134733,plasmid,2026-02-03,50,,P2,kingfisher,Premium,14.04392934407129600,2808.78586881425900
C3,790.0,C,3,3,,kingfisher_Premium,17-L,MMC_17,,200.0,E185,1,TIKTAALIK,20.0,384 well plate Grainer,m9134733,plasmid,2026-02-03,50,,P2,kingfisher,Premium,16.04982684864918600,3209.96536972983700
C4,671.0,C,3,4,,kingfisher_Premium,17-L,MMC_17,,200.0,E185,1,TIKTAALIK,20.0,384 well plate Grainer,m9134733,plasmid,2026-02-03,50,,P2,kingfisher,Premium,13.56334973359951000,2712.66994671990230
C5,906.0,C,3,5,,kingfisher_Premium,17-L,MMC_17,,200.0,E185,1,TIKTAALIK,20.0,384 well plate Grainer,m9134733,plasmid,2026-02-03,50,,P2,kingfisher,Premium,18.47361966668080000,3694.72393333616000
C6,500.0,C,3,6,,kingfisher_Premium,17-L,MMC_17,,200.0,E185,1,TIKTAALIK,20.0,384 well plate Grainer,m9134733,plasmid,2026-02-03,50,,P2,kingfisher,Premium,9.99034480357014800,1998.06896071402960
C7,558.0,C,3,7,,kingfisher_Premium,17-L,MMC_17,,200.0,E185,1,TIKTAALIK,20.0,384 well plate Grainer,m9134733,plasmid,2026-02-03,50,,P2,kingfisher,Premium,11.20224121258595500,2240.44824251719100
C8,665.0,C,3,8,,kingfisher_Premium,17-L,MMC_17,,200.0,E185,1,TIKTAALIK,20.0,384 well plate Grainer,m9134733,plasmid,2026-02-03,50,,P2,kingfisher,Premium,13.43798113956339300,2687.59622791267840
C9,651.0,C,3,9,,kingfisher_Premium,17-L,MMC_17,,200.0,E185,1,TIKTAALIK,20.0,384 well plate Grainer,m9134733,plasmid,2026-02-03,50,,P2,kingfisher,Premium,13.14545442014578400,2629.09088402915680
C10,639.0,C,3,10,,kingfisher_Premium,17-L,MMC_17,,200.0,E185,1,TIKTAALIK,20.0,384 well plate Grainer,m9134733,plasmid,2026-02-03,50,,P2,kingfisher,Premium,12.89471723207354800,2578.94344641471000
C11,733.0,C,3,11,,kingfisher_Premium,17-L,MMC_17,,200.0,E185,1,TIKTAALIK,20.0,384 well plate Grainer,m9134733,plasmid,2026-02-03,50,,P2,kingfisher,Premium,14.85882520530606300,2971.76504106121270
C12,761.0,C,3,12,,kingfisher_Premium,17-L,MMC_17,,200.0,E185,1,TIKTAALIK,20.0,384 well plate Grainer,m9134733,plasmid,2026-02-03,50,,P2,kingfisher,Premium,15.44387864414128000,3088.77572882825600
C13,434.0,C,3,13,,kingfisher_Premium,17-L,MMC_17,,200.0,E185,1,TIKTAALIK,20.0,384 well plate Grainer,m9134733,plasmid,2026-02-03,50,,P2,kingfisher,Premium,8.61129026917285000,1722.25805383456990
C14,693.0,C,3,14,,kingfisher_Premium,17-L,MMC_17,,200.0,E185,1,TIKTAALIK,20.0,384 well plate Grainer,m9134733,plasmid,2026-02-03,50,,P2,kingfisher,Premium,14.02303457839861000,2804.60691567972200
C15,489.0,C,3,15,,kingfisher_Premium,17-L,MMC_17,,200.0,E185,1,TIKTAALIK,20.0,384 well plate Grainer,m9134733,plasmid,2026-02-03,50,,P2,kingfisher,Premium,9.76050238117059800,1952.10047623411970
C16,547.0,C,3,16,,kingfisher_Premium,17-L,MMC_17,,200.0,E185,1,TIKTAALIK,20.0,384 well plate Grainer,m9134733,plasmid,2026-02-03,50,,P2,kingfisher,Premium,10.97239879018640500,2194.47975803728100
C17,458.0,C,3,17,,kingfisher_Premium,17-L,MMC_17,,200.0,E185,1,TIKTAALIK,20.0,384 well plate Grainer,m9134733,plasmid,2026-02-03,50,,P2,kingfisher,Premium,9.11276464531732200,1822.55292906346430
C18,662.0,C,3,18,,kingfisher_Premium,17-L,MMC_17,,200.0,E185,1,TIKTAALIK,20.0,384 well plate Grainer,m9134733,plasmid,2026-02-03,50,,P2,kingfisher,Premium,13.37529684254533400,2675.05936850906660
C19,69.0,C,3,19,,kingfisher_Premium,17-L,MMC_17,,200.0,E185,1,TIKTAALIK,20.0,384 well plate Grainer,m9134733,plasmid,2026-02-03,50,,P2,kingfisher,Premium,0.98470079864233660,196.94015972846734
C20,424.0,C,3,20,,kingfisher_Premium,17-L,MMC_17,,200.0,E185,1,TIKTAALIK,20.0,384 well plate Grainer,m9134733,plasmid,2026-02-03,50,,P2,kingfisher,Premium,8.40234261244598600,1680.46852248919730
C21,586.0,C,3,21,,kingfisher_Premium,17-L,MMC_17,,200.0,E185,1,TIKTAALIK,20.0,384 well plate Grainer,m9134733,plasmid,2026-02-03,50,,P2,kingfisher,Premium,11.78729465142117200,2357.45893028423460
C22,496.0,C,3,22,,kingfisher_Premium,17-L,MMC_17,,200.0,E185,1,TIKTAALIK,20.0,384 well plate Grainer,m9134733,plasmid,2026-02-03,50,,P2,kingfisher,Premium,9.90676574087940200,1981.35314817588050
C23,656.0,C,3,23,,kingfisher_Premium,17-L,MMC_17,,200.0,E185,1,TIKTAALIK,20.0,384 well plate Grainer,m9134733,plasmid,2026-02-03,50,,P2,kingfisher,Premium,13.24992824850921600,2649.98564970184300
C24,435.0,C,3,24,,kingfisher_Premium,17-L,MMC_17,,200.0,E185,1,TIKTAALIK,20.0,384 well plate Grainer,m9134733,plasmid,2026-02-03,50,,P2,kingfisher,Premium,8.63218503484553600,1726.43700696910720
D1,322.0,D,4,1,,kingfisher_Premium,17-L,MMC_17,,400.0,E185,1,TIKTAALIK,20.0,384 well plate Grainer,m9134733,plasmid,2026-02-03,50,,P2,kingfisher,Premium,6.27107651383197950,2508.43060553279200
D2,342.0,D,4,2,,kingfisher_Premium,17-L,MMC_17,,400.0,E185,1,TIKTAALIK,20.0,384 well plate Grainer,m9134733,plasmid,2026-02-03,50,,P2,kingfisher,Premium,6.68897182728570600,2675.58873091428270
D3,391.0,D,4,3,,kingfisher_Premium,17-L,MMC_17,,400.0,E185,1,TIKTAALIK,20.0,384 well plate Grainer,m9134733,plasmid,2026-02-03,50,,P2,kingfisher,Premium,7.71281534524733700,3085.12613809893500
D4,340.0,D,4,4,,kingfisher_Premium,17-L,MMC_17,,400.0,E185,1,TIKTAALIK,20.0,384 well plate Grainer,m9134733,plasmid,2026-02-03,50,,P2,kingfisher,Premium,6.64718229594033350,2658.87291837613340
D5,399.0,D,4,5,,kingfisher_Premium,17-L,MMC_17,,400.0,E185,1,TIKTAALIK,20.0,384 well plate Grainer,m9134733,plasmid,2026-02-03,50,,P2,kingfisher,Premium,7.87997347062882800,3151.98938825153100
D6,333.0,D,4,6,,kingfisher_Premium,17-L,MMC_17,,400.0,E185,1,TIKTAALIK,20.0,384 well plate Grainer,m9134733,plasmid,2026-02-03,50,,P2,kingfisher,Premium,6.50091893623152900,2600.36757449261180
D7,273.0,D,4,7,,kingfisher_Premium,17-L,MMC_17,,400.0,E185,1,TIKTAALIK,20.0,384 well plate Grainer,m9134733,plasmid,2026-02-03,50,,P2,kingfisher,Premium,5.24723299587034900,2098.89319834814000
D8,335.0,D,4,8,,kingfisher_Premium,17-L,MMC_17,,400.0,E185,1,TIKTAALIK,20.0,384 well plate Grainer,m9134733,plasmid,2026-02-03,50,,P2,kingfisher,Premium,6.54270846757690200,2617.08338703076060
D9,295.0,D,4,9,,kingfisher_Premium,17-L,MMC_17,,400.0,E185,1,TIKTAALIK,20.0,384 well plate Grainer,m9134733,plasmid,2026-02-03,50,,P2,kingfisher,Premium,5.70691784066944850,2282.76713626777930
D10,373.0,D,4,10,,kingfisher_Premium,17-L,MMC_17,,400.0,E185,1,TIKTAALIK,20.0,384 well plate Grainer,m9134733,plasmid,2026-02-03,50,,P2,kingfisher,Premium,7.33670956313898250,2934.68382525559300
D11,328.0,D,4,11,,kingfisher_Premium,17-L,MMC_17,,400.0,E185,1,TIKTAALIK,20.0,384 well plate Grainer,m9134733,plasmid,2026-02-03,50,,P2,kingfisher,Premium,6.39644510786809750,2558.57804314723900
D12,410.0,D,4,12,,kingfisher_Premium,17-L,MMC_17,,400.0,E185,1,TIKTAALIK,20.0,384 well plate Grainer,m9134733,plasmid,2026-02-03,50,,P2,kingfisher,Premium,8.10981589302837800,3243.92635721135100
D13,200.0,D,4,13,,kingfisher_Premium,17-L,MMC_17,,400.0,E185,1,TIKTAALIK,20.0,384 well plate Grainer,m9134733,plasmid,2026-02-03,50,,P2,kingfisher,Premium,3.72191510176424700,1488.76604070569870
D14,394.0,D,4,14,,kingfisher_Premium,17-L,MMC_17,,400.0,E185,1,TIKTAALIK,20.0,384 well plate Grainer,m9134733,plasmid,2026-02-03,50,,P2,kingfisher,Premium,7.77549964226539600,3110.19985690615840
D15,205.0,D,4,15,,kingfisher_Premium,17-L,MMC_17,,400.0,E185,1,TIKTAALIK,20.0,384 well plate Grainer,m9134733,plasmid,2026-02-03,50,,P2,kingfisher,Premium,3.82638893012767860,1530.55557205107150
D16,318.0,D,4,16,,kingfisher_Premium,17-L,MMC_17,,400.0,E185,1,TIKTAALIK,20.0,384 well plate Grainer,m9134733,plasmid,2026-02-03,50,,P2,kingfisher,Premium,6.18749745114123400,2474.99898045649400
D17,210.0,D,4,17,,kingfisher_Premium,17-L,MMC_17,,400.0,E185,1,TIKTAALIK,20.0,384 well plate Grainer,m9134733,plasmid,2026-02-03,50,,P2,kingfisher,Premium,3.93086275849111000,1572.34510339644400
D18,364.0,D,4,18,,kingfisher_Premium,17-L,MMC_17,,400.0,E185,1,TIKTAALIK,20.0,384 well plate Grainer,m9134733,plasmid,2026-02-03,50,,P2,kingfisher,Premium,7.14865667208480550,2859.46266883392200
D19,37.0,D,4,19,,kingfisher_Premium,17-L,MMC_17,,400.0,E185,1,TIKTAALIK,20.0,384 well plate Grainer,m9134733,plasmid,2026-02-03,50,,P2,kingfisher,Premium,0.31606829711637385,126.42731884654954
D20,215.0,D,4,20,,kingfisher_Premium,17-L,MMC_17,,400.0,E185,1,TIKTAALIK,20.0,384 well plate Grainer,m9134733,plasmid,2026-02-03,50,,P2,kingfisher,Premium,4.03533658685454200,1614.13463474181690
D21,273.0,D,4,21,,kingfisher_Premium,17-L,MMC_17,,400.0,E185,1,TIKTAALIK,20.0,384 well plate Grainer,m9134733,plasmid,2026-02-03,50,,P2,kingfisher,Premium,5.24723299587034900,2098.89319834814000
D22,240.0,D,4,22,,kingfisher_Premium,17-L,MMC_17,,400.0,E185,1,TIKTAALIK,20.0,384 well plate Grainer,m9134733,plasmid,2026-02-03,50,,P2,kingfisher,Premium,4.55770572867170000,1823.08229146868000
D23,294.0,D,4,23,,kingfisher_Premium,17-L,MMC_17,,400.0,E185,1,TIKTAALIK,20.0,384 well plate Grainer,m9134733,plasmid,2026-02-03,50,,P2,kingfisher,Premium,5.68602307499676200,2274.40922999870500
D24,234.0,D,4,24,,kingfisher_Premium,17-L,MMC_17,,400.0,E185,1,TIKTAALIK,20.0,384 well plate Grainer,m9134733,plasmid,2026-02-03,50,,P2,kingfisher,Premium,4.43233713463558200,1772.93485385423290
E1,800.0,E,5,1,,kingfisher_Economy,17-L,MMD_18,,200.0,E185,1,TIKTAALIK,20.0,384 well plate Grainer,m9134733,plasmid,2026-02-03,50,,P2,kingfisher,Economy,16.25877450537605000,3251.75490107521000
E2,795.0,E,5,2,,kingfisher_Economy,17-L,MMD_18,,200.0,E185,1,TIKTAALIK,20.0,384 well plate Grainer,m9134733,plasmid,2026-02-03,50,,P2,kingfisher,Economy,16.15430067701261800,3230.86013540252360
E3,838.0,E,5,3,,kingfisher_Economy,17-L,MMD_18,,200.0,E185,1,TIKTAALIK,20.0,384 well plate Grainer,m9134733,plasmid,2026-02-03,50,,P2,kingfisher,Economy,17.05277560093813000,3410.55512018762600
E4,733.0,E,5,4,,kingfisher_Economy,17-L,MMD_18,,200.0,E185,1,TIKTAALIK,20.0,384 well plate Grainer,m9134733,plasmid,2026-02-03,50,,P2,kingfisher,Economy,14.85882520530606300,2971.76504106121270
E5,808.0,E,5,5,,kingfisher_Economy,17-L,MMD_18,,200.0,E185,1,TIKTAALIK,20.0,384 well plate Grainer,m9134733,plasmid,2026-02-03,50,,P2,kingfisher,Economy,16.42593263075754000,3285.18652615150800
E6,118.0,E,5,6,,kingfisher_Economy,17-L,MMD_18,,200.0,E185,1,TIKTAALIK,20.0,384 well plate Grainer,m9134733,plasmid,2026-02-03,50,,P2,kingfisher,Economy,2.00854431660396700,401.70886332079345
E7,693.0,E,5,7,,kingfisher_Economy,17-L,MMD_18,,200.0,E185,1,TIKTAALIK,20.0,384 well plate Grainer,m9134733,plasmid,2026-02-03,50,,P2,kingfisher,Economy,14.02303457839861000,2804.60691567972200
E8,837.0,E,5,8,,kingfisher_Economy,17-L,MMD_18,,200.0,E185,1,TIKTAALIK,20.0,384 well plate Grainer,m9134733,plasmid,2026-02-03,50,,P2,kingfisher,Economy,17.03188083526544400,3406.37616705308900
E9,896.0,E,5,9,,kingfisher_Economy,17-L,MMD_18,,200.0,E185,1,TIKTAALIK,20.0,384 well plate Grainer,m9134733,plasmid,2026-02-03,50,,P2,kingfisher,Economy,18.26467200995393700,3652.93440199078760
E10,793.0,E,5,10,,kingfisher_Economy,17-L,MMD_18,,200.0,E185,1,TIKTAALIK,20.0,384 well plate Grainer,m9134733,plasmid,2026-02-03,50,,P2,kingfisher,Economy,16.11251114566724500,3222.50222913344900
E11,832.0,E,5,11,,kingfisher_Economy,17-L,MMD_18,,200.0,E185,1,TIKTAALIK,20.0,384 well plate Grainer,m9134733,plasmid,2026-02-03,50,,P2,kingfisher,Economy,16.92740700690201200,3385.48140138040250
E12,783.0,E,5,12,,kingfisher_Economy,17-L,MMD_18,,200.0,E185,1,TIKTAALIK,20.0,384 well plate Grainer,m9134733,plasmid,2026-02-03,50,,P2,kingfisher,Economy,15.90356348894038200,3180.71269778807600
E13,833.0,E,5,13,,kingfisher_Economy,17-L,MMD_18,,200.0,E185,1,TIKTAALIK,20.0,384 well plate Grainer,m9134733,plasmid,2026-02-03,50,,P2,kingfisher,Economy,16.94830177257470000,3389.66035451493960
E14,587.0,E,5,14,,kingfisher_Economy,17-L,MMD_18,,200.0,E185,1,TIKTAALIK,20.0,384 well plate Grainer,m9134733,plasmid,2026-02-03,50,,P2,kingfisher,Economy,11.80818941709385900,2361.63788341877170
E15,516.0,E,5,15,,kingfisher_Economy,17-L,MMD_18,,200.0,E185,1,TIKTAALIK,20.0,384 well plate Grainer,m9134733,plasmid,2026-02-03,50,,P2,kingfisher,Economy,10.32466105433312900,2064.93221086662560
E16,484.0,E,5,16,,kingfisher_Economy,17-L,MMD_18,,200.0,E185,1,TIKTAALIK,20.0,384 well plate Grainer,m9134733,plasmid,2026-02-03,50,,P2,kingfisher,Economy,9.65602855280716600,1931.20571056143330
E17,423.0,E,5,17,,kingfisher_Economy,17-L,MMD_18,,200.0,E185,1,TIKTAALIK,20.0,384 well plate Grainer,m9134733,plasmid,2026-02-03,50,,P2,kingfisher,Economy,8.38144784677330000,1676.28956935466000
E18,688.0,E,5,18,,kingfisher_Economy,17-L,MMD_18,,200.0,E185,1,TIKTAALIK,20.0,384 well plate Grainer,m9134733,plasmid,2026-02-03,50,,P2,kingfisher,Economy,13.91856075003517800,2783.71215000703570
E19,725.0,E,5,19,,kingfisher_Economy,17-L,MMD_18,,200.0,E185,1,TIKTAALIK,20.0,384 well plate Grainer,m9134733,plasmid,2026-02-03,50,,P2,kingfisher,Economy,14.69166707992457300,2938.33341598491460
E20,584.0,E,5,20,,kingfisher_Economy,17-L,MMD_18,,200.0,E185,1,TIKTAALIK,20.0,384 well plate Grainer,m9134733,plasmid,2026-02-03,50,,P2,kingfisher,Economy,11.74550512007580000,2349.10102401516000
E21,626.0,E,5,21,,kingfisher_Economy,17-L,MMD_18,,200.0,E185,1,TIKTAALIK,20.0,384 well plate Grainer,m9134733,plasmid,2026-02-03,50,,P2,kingfisher,Economy,12.62308527832862600,2524.61705566572530
E22,165.0,E,5,22,,kingfisher_Economy,17-L,MMD_18,,200.0,E185,1,TIKTAALIK,20.0,384 well plate Grainer,m9134733,plasmid,2026-02-03,50,,P2,kingfisher,Economy,2.99059830322022500,598.11966064404500
E23,316.0,E,5,23,,kingfisher_Economy,17-L,MMD_18,,200.0,E185,1,TIKTAALIK,20.0,384 well plate Grainer,m9134733,plasmid,2026-02-03,50,,P2,kingfisher,Economy,6.14570791979586150,1229.14158395917230
E24,338.0,E,5,24,,kingfisher_Economy,17-L,MMD_18,,200.0,E185,1,TIKTAALIK,20.0,384 well plate Grainer,m9134733,plasmid,2026-02-03,50,,P2,kingfisher,Economy,6.60539276459496100,1321.07855291899230
F1,396.0,F,6,1,,kingfisher_Economy,17-L,MMD_18,,400.0,E185,1,TIKTAALIK,20.0,384 well plate Grainer,m9134733,plasmid,2026-02-03,50,,P2,kingfisher,Economy,7.81728917361076900,3126.91566944430770
F2,432.0,F,6,2,,kingfisher_Economy,17-L,MMD_18,,400.0,E185,1,TIKTAALIK,20.0,384 well plate Grainer,m9134733,plasmid,2026-02-03,50,,P2,kingfisher,Economy,8.56950073782747700,3427.80029513099100
F3,397.0,F,6,3,,kingfisher_Economy,17-L,MMD_18,,400.0,E185,1,TIKTAALIK,20.0,384 well plate Grainer,m9134733,plasmid,2026-02-03,50,,P2,kingfisher,Economy,7.83818393928345500,3135.27357571338230
F4,388.0,F,6,4,,kingfisher_Economy,17-L,MMD_18,,400.0,E185,1,TIKTAALIK,20.0,384 well plate Grainer,m9134733,plasmid,2026-02-03,50,,P2,kingfisher,Economy,7.65013104822927800,3060.05241929171140
F5,388.0,F,6,5,,kingfisher_Economy,17-L,MMD_18,,400.0,E185,1,TIKTAALIK,20.0,384 well plate Grainer,m9134733,plasmid,2026-02-03,50,,P2,kingfisher,Economy,7.65013104822927800,3060.05241929171140
F6,61.0,F,6,6,,kingfisher_Economy,17-L,MMD_18,,400.0,E185,1,TIKTAALIK,20.0,384 well plate Grainer,m9134733,plasmid,2026-02-03,50,,P2,kingfisher,Economy,0.81754267326084600,327.01706930433840
F7,351.0,F,6,7,,kingfisher_Economy,17-L,MMD_18,,400.0,E185,1,TIKTAALIK,20.0,384 well plate Grainer,m9134733,plasmid,2026-02-03,50,,P2,kingfisher,Economy,6.87702471833988300,2750.80988733595300
F8,399.0,F,6,8,,kingfisher_Economy,17-L,MMD_18,,400.0,E185,1,TIKTAALIK,20.0,384 well plate Grainer,m9134733,plasmid,2026-02-03,50,,P2,kingfisher,Economy,7.87997347062882800,3151.98938825153100
F9,431.0,F,6,9,,kingfisher_Economy,17-L,MMD_18,,400.0,E185,1,TIKTAALIK,20.0,384 well plate Grainer,m9134733,plasmid,2026-02-03,50,,P2,kingfisher,Economy,8.54860597215479000,3419.44238886191620
F10,404.0,F,6,10,,kingfisher_Economy,17-L,MMD_18,,400.0,E185,1,TIKTAALIK,20.0,384 well plate Grainer,m9134733,plasmid,2026-02-03,50,,P2,kingfisher,Economy,7.98444729899226000,3193.77891959690400
F11,421.0,F,6,11,,kingfisher_Economy,17-L,MMD_18,,400.0,E185,1,TIKTAALIK,20.0,384 well plate Grainer,m9134733,plasmid,2026-02-03,50,,P2,kingfisher,Economy,8.33965831542792700,3335.86332617117100
F12,392.0,F,6,12,,kingfisher_Economy,17-L,MMD_18,,400.0,E185,1,TIKTAALIK,20.0,384 well plate Grainer,m9134733,plasmid,2026-02-03,50,,P2,kingfisher,Economy,7.73371011092002400,3093.48404436800960
F13,397.0,F,6,13,,kingfisher_Economy,17-L,MMD_18,,400.0,E185,1,TIKTAALIK,20.0,384 well plate Grainer,m9134733,plasmid,2026-02-03,50,,P2,kingfisher,Economy,7.83818393928345500,3135.27357571338230
F14,313.0,F,6,14,,kingfisher_Economy,17-L,MMD_18,,400.0,E185,1,TIKTAALIK,20.0,384 well plate Grainer,m9134733,plasmid,2026-02-03,50,,P2,kingfisher,Economy,6.08302362277780250,2433.20944911112100
F15,262.0,F,6,15,,kingfisher_Economy,17-L,MMD_18,,400.0,E185,1,TIKTAALIK,20.0,384 well plate Grainer,m9134733,plasmid,2026-02-03,50,,P2,kingfisher,Economy,5.01739057347079950,2006.95622938831980
F16,258.0,F,6,16,,kingfisher_Economy,17-L,MMD_18,,400.0,E185,1,TIKTAALIK,20.0,384 well plate Grainer,m9134733,plasmid,2026-02-03,50,,P2,kingfisher,Economy,4.93381151078005400,1973.52460431202170
F17,205.0,F,6,17,,kingfisher_Economy,17-L,MMD_18,,400.0,E185,1,TIKTAALIK,20.0,384 well plate Grainer,m9134733,plasmid,2026-02-03,50,,P2,kingfisher,Economy,3.82638893012767860,1530.55557205107150
F18,379.0,F,6,18,,kingfisher_Economy,17-L,MMD_18,,400.0,E185,1,TIKTAALIK,20.0,384 well plate Grainer,m9134733,plasmid,2026-02-03,50,,P2,kingfisher,Economy,7.46207815717510050,2984.83126287004000
F19,356.0,F,6,19,,kingfisher_Economy,17-L,MMD_18,,400.0,E185,1,TIKTAALIK,20.0,384 well plate Grainer,m9134733,plasmid,2026-02-03,50,,P2,kingfisher,Economy,6.98149854670331500,2792.59941868132600
F20,311.0,F,6,20,,kingfisher_Economy,17-L,MMD_18,,400.0,E185,1,TIKTAALIK,20.0,384 well plate Grainer,m9134733,plasmid,2026-02-03,50,,P2,kingfisher,Economy,6.04123409143243000,2416.49363657297200
F21,326.0,F,6,21,,kingfisher_Economy,17-L,MMD_18,,400.0,E185,1,TIKTAALIK,20.0,384 well plate Grainer,m9134733,plasmid,2026-02-03,50,,P2,kingfisher,Economy,6.35465557652272500,2541.86223060909000
F22,86.0,F,6,22,,kingfisher_Economy,17-L,MMD_18,,400.0,E185,1,TIKTAALIK,20.0,384 well plate Grainer,m9134733,plasmid,2026-02-03,50,,P2,kingfisher,Economy,1.33991181507800430,535.96472603120170
F23,154.0,F,6,23,,kingfisher_Economy,17-L,MMD_18,,400.0,E185,1,TIKTAALIK,20.0,384 well plate Grainer,m9134733,plasmid,2026-02-03,50,,P2,kingfisher,Economy,2.76075588082067500,1104.30235232827000
F24,170.0,F,6,24,,kingfisher_Economy,17-L,MMD_18,,400.0,E185,1,TIKTAALIK,20.0,384 well plate Grainer,m9134733,plasmid,2026-02-03,50,,P2,kingfisher,Economy,3.09507213158365650,1238.02885263346250
G1,417.0,G,7,1,,kingfisher_control,12-L,MMA_7,,200.0,E185,1,TIKTAALIK,20.0,384 well plate Grainer,m9134733,plasmid,2026-02-03,50,,P2,kingfisher,control,8.25607925273718200,1651.21585054743650
G2,216.0,G,7,2,,kingfisher_control,12-L,MMA_7,,400.0,E185,1,TIKTAALIK,20.0,384 well plate Grainer,m9134733,plasmid,2026-02-03,50,,P2,kingfisher,control,4.05623135252722800,1622.49254101089130
G3,486.0,G,7,3,,kingfisher_control,12-L,MMA_7,,200.0,E185,1,TIKTAALIK,20.0,384 well plate Grainer,m9134733,plasmid,2026-02-03,50,,P2,kingfisher,control,9.69781808415253900,1939.56361683050770
G4,263.0,G,7,4,,kingfisher_control,12-L,MMA_7,,400.0,E185,1,TIKTAALIK,20.0,384 well plate Grainer,m9134733,plasmid,2026-02-03,50,,P2,kingfisher,control,5.03828533914348600,2015.31413565739440
G5,443.0,G,7,5,,kingfisher_control,12-L,MMA_7,,200.0,E185,1,TIKTAALIK,20.0,384 well plate Grainer,m9134733,plasmid,2026-02-03,50,,P2,kingfisher,control,8.79934316022702700,1759.86863204540530
G6,246.0,G,7,6,,kingfisher_control,12-L,MMA_7,,400.0,E185,1,TIKTAALIK,20.0,384 well plate Grainer,m9134733,plasmid,2026-02-03,50,,P2,kingfisher,control,4.68307432270781800,1873.22972908312730
G7,442.0,G,7,7,,kingfisher_control,12-L,MMA_7,,200.0,E185,1,TIKTAALIK,20.0,384 well plate Grainer,m9134733,plasmid,2026-02-03,50,,P2,kingfisher,control,8.77844839455434000,1755.68967891086800
G8,229.0,G,7,8,,kingfisher_control,12-L,MMA_7,,400.0,E185,1,TIKTAALIK,20.0,384 well plate Grainer,m9134733,plasmid,2026-02-03,50,,P2,kingfisher,control,4.32786330627215050,1731.14532250886030
G9,492.0,G,7,9,,kingfisher_control,12-L,MMA_7,,200.0,E185,1,TIKTAALIK,20.0,384 well plate Grainer,m9134733,plasmid,2026-02-03,50,,P2,kingfisher,control,9.82318667818865700,1964.63733563773140
G10,251.0,G,7,10,,kingfisher_control,12-L,MMA_7,,400.0,E185,1,TIKTAALIK,20.0,384 well plate Grainer,m9134733,plasmid,2026-02-03,50,,P2,kingfisher,control,4.78754815107125000,1915.01926042850000
G11,534.0,G,7,11,,kingfisher_control,12-L,MMA_7,,200.0,E185,1,TIKTAALIK,20.0,384 well plate Grainer,m9134733,plasmid,2026-02-03,50,,P2,kingfisher,control,10.70076683644148300,2140.15336728829650
G12,275.0,G,7,12,,kingfisher_control,12-L,MMA_7,,400.0,E185,1,TIKTAALIK,20.0,384 well plate Grainer,m9134733,plasmid,2026-02-03,50,,P2,kingfisher,control,5.28902252721572200,2115.60901088628860
G13,483.0,G,7,13,,kingfisher_control,12-L,MMA_7,,200.0,E185,1,TIKTAALIK,20.0,384 well plate Grainer,m9134733,plasmid,2026-02-03,50,,P2,kingfisher,control,9.63513378713448000,1927.02675742689600
G14,252.0,G,7,14,,kingfisher_control,12-L,MMA_7,,400.0,E185,1,TIKTAALIK,20.0,384 well plate Grainer,m9134733,plasmid,2026-02-03,50,,P2,kingfisher,control,4.80844291674393600,1923.37716669757450
G15,524.0,G,7,15,,kingfisher_control,12-L,MMA_7,,200.0,E185,1,TIKTAALIK,20.0,384 well plate Grainer,m9134733,plasmid,2026-02-03,50,,P2,kingfisher,control,10.49181917971462000,2098.36383594292370
G16,276.0,G,7,16,,kingfisher_control,12-L,MMA_7,,400.0,E185,1,TIKTAALIK,20.0,384 well plate Grainer,m9134733,plasmid,2026-02-03,50,,P2,kingfisher,control,5.30991729288840800,2123.96691715536330
G17,524.0,G,7,17,,kingfisher_control,12-L,MMA_7,,200.0,E185,1,TIKTAALIK,20.0,384 well plate Grainer,m9134733,plasmid,2026-02-03,50,,P2,kingfisher,control,10.49181917971462000,2098.36383594292370
G18,261.0,G,7,18,,kingfisher_control,12-L,MMA_7,,400.0,E185,1,TIKTAALIK,20.0,384 well plate Grainer,m9134733,plasmid,2026-02-03,50,,P2,kingfisher,control,4.99649580779811300,1998.59832311924540
G19,542.0,G,7,19,,kingfisher_control,12-L,MMA_7,,200.0,E185,1,TIKTAALIK,20.0,384 well plate Grainer,m9134733,plasmid,2026-02-03,50,,P2,kingfisher,control,10.86792496182297400,2173.58499236459470
G20,264.0,G,7,20,,kingfisher_control,12-L,MMA_7,,400.0,E185,1,TIKTAALIK,20.0,384 well plate Grainer,m9134733,plasmid,2026-02-03,50,,P2,kingfisher,control,5.05918010481617200,2023.67204192646890
G21,504.0,G,7,21,,kingfisher_control,12-L,MMA_7,,200.0,E185,1,TIKTAALIK,20.0,384 well plate Grainer,m9134733,plasmid,2026-02-03,50,,P2,kingfisher,control,10.07392386626089300,2014.78477325217860
G22,260.0,G,7,22,,kingfisher_control,12-L,MMA_7,,400.0,E185,1,TIKTAALIK,20.0,384 well plate Grainer,m9134733,plasmid,2026-02-03,50,,P2,kingfisher,control,4.97560104212542700,1990.24041685017070
G23,632.0,G,7,23,,kingfisher_control,12-L,MMA_7,,200.0,E185,1,TIKTAALIK,20.0,384 well plate Grainer,m9134733,plasmid,2026-02-03,50,,P2,kingfisher,control,12.74845387236474400,2549.69077447294880
G24,289.0,G,7,24,,kingfisher_control,12-L,MMA_7,,400.0,E185,1,TIKTAALIK,20.0,384 well plate Grainer,m9134733,plasmid,2026-02-03,50,,P2,kingfisher,control,5.58154924663333050,2232.61969865333230
H1,620.0,H,8,1,,secondary_Ready96,15-L,MMC_19,,200.0,E185,1,TIKTAALIK,20.0,384 well plate Grainer,m9134733,plasmid,2026-02-03,50,,P2,secondary,Ready96,12.49771668429250800,2499.54333685850130
H2,325.0,H,8,2,,secondary_Ready96,15-L,MMC_19,,400.0,E185,1,TIKTAALIK,20.0,384 well plate Grainer,m9134733,plasmid,2026-02-03,50,,P2,secondary,Ready96,6.33376081085003850,2533.50432434001550
H3,632.0,H,8,3,,secondary_Ready96,15-L,MMC_19,,200.0,E185,1,TIKTAALIK,20.0,384 well plate Grainer,m9134733,plasmid,2026-02-03,50,,P2,secondary,Ready96,12.74845387236474400,2549.69077447294880
H4,300.0,H,8,4,,secondary_Ready96,15-L,MMC_19,,400.0,E185,1,TIKTAALIK,20.0,384 well plate Grainer,m9134733,plasmid,2026-02-03,50,,P2,secondary,Ready96,5.81139166903288000,2324.55666761315200
H5,626.0,H,8,5,,secondary_Ready96,15-L,MMC_19,,200.0,E185,1,TIKTAALIK,20.0,384 well plate Grainer,m9134733,plasmid,2026-02-03,50,,P2,secondary,Ready96,12.62308527832862600,2524.61705566572530
H6,312.0,H,8,6,,secondary_Ready96,15-L,MMC_19,,400.0,E185,1,TIKTAALIK,20.0,384 well plate Grainer,m9134733,plasmid,2026-02-03,50,,P2,secondary,Ready96,6.06212885710511600,2424.85154284204650
H7,701.0,H,8,7,,secondary_Ready96,15-L,MMC_19,,200.0,E185,1,TIKTAALIK,20.0,384 well plate Grainer,m9134733,plasmid,2026-02-03,50,,P2,secondary,Ready96,14.19019270378010000,2838.03854075602000
H8,338.0,H,8,8,,secondary_Ready96,15-L,MMC_19,,400.0,E185,1,TIKTAALIK,20.0,384 well plate Grainer,m9134733,plasmid,2026-02-03,50,,P2,secondary,Ready96,6.60539276459496100,2642.15710583798450
H9,637.0,H,8,9,,secondary_Ready96,15-L,MMC_19,,200.0,E185,1,TIKTAALIK,20.0,384 well plate Grainer,m9134733,plasmid,2026-02-03,50,,P2,secondary,Ready96,12.85292770072817500,2570.58554014563500
H10,319.0,H,8,10,,secondary_Ready96,15-L,MMC_19,,400.0,E185,1,TIKTAALIK,20.0,384 well plate Grainer,m9134733,plasmid,2026-02-03,50,,P2,secondary,Ready96,6.20839221681392050,2483.35688672556800
H11,623.0,H,8,11,,secondary_Ready96,15-L,MMC_19,,200.0,E185,1,TIKTAALIK,20.0,384 well plate Grainer,m9134733,plasmid,2026-02-03,50,,P2,secondary,Ready96,12.56040098131056700,2512.08019626211350
H12,312.0,H,8,12,,secondary_Ready96,15-L,MMC_19,,400.0,E185,1,TIKTAALIK,20.0,384 well plate Grainer,m9134733,plasmid,2026-02-03,50,,P2,secondary,Ready96,6.06212885710511600,2424.85154284204650
H13,614.0,H,8,13,,secondary_Ready96,15-L,MMC_19,,200.0,E185,1,TIKTAALIK,20.0,384 well plate Grainer,m9134733,plasmid,2026-02-03,50,,P2,secondary,Ready96,12.37234809025639000,2474.46961805127800
H14,313.0,H,8,14,,secondary_Ready96,15-L,MMC_19,,400.0,E185,1,TIKTAALIK,20.0,384 well plate Grainer,m9134733,plasmid,2026-02-03,50,,P2,secondary,Ready96,6.08302362277780250,2433.20944911112100
H15,588.0,H,8,15,,secondary_Ready96,15-L,MMC_19,,200.0,E185,1,TIKTAALIK,20.0,384 well plate Grainer,m9134733,plasmid,2026-02-03,50,,P2,secondary,Ready96,11.82908418276654500,2365.81683655330900
H16,306.0,H,8,16,,secondary_Ready96,15-L,MMC_19,,400.0,E185,1,TIKTAALIK,20.0,384 well plate Grainer,m9134733,plasmid,2026-02-03,50,,P2,secondary,Ready96,5.93676026306899800,2374.70410522759950
H17,631.0,H,8,17,,secondary_Ready96,15-L,MMC_19,,200.0,E185,1,TIKTAALIK,20.0,384 well plate Grainer,m9134733,plasmid,2026-02-03,50,,P2,secondary,Ready96,12.72755910669205700,2545.51182133841170
H18,304.0,H,8,18,,secondary_Ready96,15-L,MMC_19,,400.0,E185,1,TIKTAALIK,20.0,384 well plate Grainer,m9134733,plasmid,2026-02-03,50,,P2,secondary,Ready96,5.89497073172362550,2357.98829268945000
H19,634.0,H,8,19,,secondary_Ready96,15-L,MMC_19,,200.0,E185,1,TIKTAALIK,20.0,384 well plate Grainer,m9134733,plasmid,2026-02-03,50,,P2,secondary,Ready96,12.79024340371011600,2558.04868074202340
H20,319.0,H,8,20,,secondary_Ready96,15-L,MMC_19,,400.0,E185,1,TIKTAALIK,20.0,384 well plate Grainer,m9134733,plasmid,2026-02-03,50,,P2,secondary,Ready96,6.20839221681392050,2483.35688672556800
H21,644.0,H,8,21,,secondary_Ready96,15-L,MMC_19,,200.0,E185,1,TIKTAALIK,20.0,384 well plate Grainer,m9134733,plasmid,2026-02-03,50,,P2,secondary,Ready96,12.99919106043698000,2599.83821208739570
H22,323.0,H,8,22,,secondary_Ready96,15-L,MMC_19,,400.0,E185,1,TIKTAALIK,20.0,384 well plate Grainer,m9134733,plasmid,2026-02-03,50,,P2,secondary,Ready96,6.29197127950466600,2516.78851180186600
H23,515.0,H,8,23,,secondary_Ready96,15-L,MMC_19,,200.0,E185,1,TIKTAALIK,20.0,384 well plate Grainer,m9134733,plasmid,2026-02-03,50,,P2,secondary,Ready96,10.30376628866044300,2060.75325773208850
H24,277.0,H,8,24,,secondary_Ready96,15-L,MMC_19,,400.0,E185,1,TIKTAALIK,20.0,384 well plate Grainer,m9134733,plasmid,2026-02-03,50,,P2,secondary,Ready96,5.33081205856109450,2132.32482342443800
I1,654.0,I,9,1,,tube_Ready96,17-L,MMC_17,,200.0,E185,1,TIKTAALIK,20.0,384 well plate Grainer,m9134733,plasmid,2026-02-03,50,,P2,tube,Ready96,13.20813871716384300,2641.62774343276850
I2,8.0,I,9,2,,,,,,,E185,1,TIKTAALIK,,384 well plate Grainer,m9134733,,2026-02-03,50,,P2,,,-0.28987990739152990,
I3,737.0,I,9,3,,tube_Ready96,17-L,MMC_17,,200.0,E185,1,TIKTAALIK,20.0,384 well plate Grainer,m9134733,plasmid,2026-02-03,50,,P2,tube,Ready96,14.94240426799680900,2988.48085359936160
I4,6.0,I,9,4,,,,,,,E185,1,TIKTAALIK,,384 well plate Grainer,m9134733,,2026-02-03,50,,P2,,,-0.33166943873690260,
I5,739.0,I,9,5,,tube_Ready96,17-L,MMC_17,,200.0,E185,1,TIKTAALIK,20.0,384 well plate Grainer,m9134733,plasmid,2026-02-03,50,,P2,tube,Ready96,14.98419379934218100,2996.83875986843620
I6,13.0,I,9,6,,,,,,,E185,1,TIKTAALIK,,384 well plate Grainer,m9134733,,2026-02-03,50,,P2,,,-0.18540607902809820,
I7,729.0,I,9,7,,tube_Ready96,17-L,MMC_17,,200.0,E185,1,TIKTAALIK,20.0,384 well plate Grainer,m9134733,plasmid,2026-02-03,50,,P2,tube,Ready96,14.77524614261531800,2955.04922852306340
I8,7.0,I,9,8,,,,,,,E185,1,TIKTAALIK,,384 well plate Grainer,m9134733,,2026-02-03,50,,P2,,,-0.31077467306421624,
I9,670.0,I,9,9,,tube_Ready96,17-L,MMC_17,,200.0,E185,1,TIKTAALIK,20.0,384 well plate Grainer,m9134733,plasmid,2026-02-03,50,,P2,tube,Ready96,13.54245496792682400,2708.49099358536500
I10,8.0,I,9,10,,,,,,,E185,1,TIKTAALIK,,384 well plate Grainer,m9134733,,2026-02-03,50,,P2,,,-0.28987990739152990,
I11,664.0,I,9,11,,tube_Ready96,17-L,MMC_17,,200.0,E185,1,TIKTAALIK,20.0,384 well plate Grainer,m9134733,plasmid,2026-02-03,50,,P2,tube,Ready96,13.41708637389070600,2683.41727477814130
I12,9.0,I,9,12,,,,,,,E185,1,TIKTAALIK,,384 well plate Grainer,m9134733,,2026-02-03,50,,P2,,,-0.26898514171884360,
I13,10.0,I,9,13,,,,,,,E185,1,TIKTAALIK,,384 well plate Grainer,m9134733,,2026-02-03,50,,P2,,,-0.24809037604615722,
I14,7.0,I,9,14,,,,,,,E185,1,TIKTAALIK,,384 well plate Grainer,m9134733,,2026-02-03,50,,P2,,,-0.31077467306421624,
I15,9.0,I,9,15,,,,,,,E185,1,TIKTAALIK,,384 well plate Grainer,m9134733,,2026-02-03,50,,P2,,,-0.26898514171884360,
I16,12.0,I,9,16,,,,,,,E185,1,TIKTAALIK,,384 well plate Grainer,m9134733,,2026-02-03,50,,P2,,,-0.20630084470078452,
I17,7.0,I,9,17,,,,,,,E185,1,TIKTAALIK,,384 well plate Grainer,m9134733,,2026-02-03,50,,P2,,,-0.31077467306421624,
I18,8.0,I,9,18,,,,,,,E185,1,TIKTAALIK,,384 well plate Grainer,m9134733,,2026-02-03,50,,P2,,,-0.28987990739152990,
I19,7.0,I,9,19,,,,,,,E185,1,TIKTAALIK,,384 well plate Grainer,m9134733,,2026-02-03,50,,P2,,,-0.31077467306421624,
I20,10.0,I,9,20,,,,,,,E185,1,TIKTAALIK,,384 well plate Grainer,m9134733,,2026-02-03,50,,P2,,,-0.24809037604615722,
I21,7.0,I,9,21,,,,,,,E185,1,TIKTAALIK,,384 well plate Grainer,m9134733,,2026-02-03,50,,P2,,,-0.31077467306421624,
I22,11.0,I,9,22,,,,,,,E185,1,TIKTAALIK,,384 well plate Grainer,m9134733,,2026-02-03,50,,P2,,,-0.22719561037347089,
I23,5795.0,I,9,23,,Standard - 8,,,128.0,1.0,E185,1,TIKTAALIK,,384 well plate Grainer,m9134733,,2026-02-03,50,,P2,Standard - 8,,120.62812904044429000,120.62812904044429
I24,6323.0,I,9,24,,Standard - 8,,,128.0,1.0,E185,1,TIKTAALIK,,384 well plate Grainer,m9134733,,2026-02-03,50,,P2,Standard - 8,,131.66056531562268000,131.66056531562268
J1,328.0,J,10,1,,tube_Ready96,17-L,MMC_17,,400.0,E185,1,TIKTAALIK,20.0,384 well plate Grainer,m9134733,plasmid,2026-02-03,50,,P2,tube,Ready96,6.39644510786809750,2558.57804314723900
J2,9.0,J,10,2,,,,,,,E185,1,TIKTAALIK,,384 well plate Grainer,m9134733,,2026-02-03,50,,P2,,,-0.26898514171884360,
J3,367.0,J,10,3,,tube_Ready96,17-L,MMC_17,,400.0,E185,1,TIKTAALIK,20.0,384 well plate Grainer,m9134733,plasmid,2026-02-03,50,,P2,tube,Ready96,7.21134096910286450,2884.53638764114570
J4,7.0,J,10,4,,,,,,,E185,1,TIKTAALIK,,384 well plate Grainer,m9134733,,2026-02-03,50,,P2,,,-0.31077467306421624,
J5,378.0,J,10,5,,tube_Ready96,17-L,MMC_17,,400.0,E185,1,TIKTAALIK,20.0,384 well plate Grainer,m9134733,plasmid,2026-02-03,50,,P2,tube,Ready96,7.44118339150241400,2976.47335660096600
J6,11.0,J,10,6,,,,,,,E185,1,TIKTAALIK,,384 well plate Grainer,m9134733,,2026-02-03,50,,P2,,,-0.22719561037347089,
J7,382.0,J,10,7,,tube_Ready96,17-L,MMC_17,,400.0,E185,1,TIKTAALIK,20.0,384 well plate Grainer,m9134733,plasmid,2026-02-03,50,,P2,tube,Ready96,7.52476245419315950,3009.90498167726400
J8,9.0,J,10,8,,,,,,,E185,1,TIKTAALIK,,384 well plate Grainer,m9134733,,2026-02-03,50,,P2,,,-0.26898514171884360,
J9,378.0,J,10,9,,tube_Ready96,17-L,MMC_17,,400.0,E185,1,TIKTAALIK,20.0,384 well plate Grainer,m9134733,plasmid,2026-02-03,50,,P2,tube,Ready96,7.44118339150241400,2976.47335660096600
J10,9.0,J,10,10,,,,,,,E185,1,TIKTAALIK,,384 well plate Grainer,m9134733,,2026-02-03,50,,P2,,,-0.26898514171884360,
J11,345.0,J,10,11,,tube_Ready96,17-L,MMC_17,,400.0,E185,1,TIKTAALIK,20.0,384 well plate Grainer,m9134733,plasmid,2026-02-03,50,,P2,tube,Ready96,6.75165612430376500,2700.66244972150600
J12,9.0,J,10,12,,,,,,,E185,1,TIKTAALIK,,384 well plate Grainer,m9134733,,2026-02-03,50,,P2,,,-0.26898514171884360,
J13,11.0,J,10,13,,kingfisher_12-l neg ctrl,12-L,MMA_7,,200.0,E185,1,TIKTAALIK,,384 well plate Grainer,m9134733,,2026-02-03,50,,P2,kingfisher,12-l neg ctrl,-0.22719561037347089,0.00000000000000
J14,10.0,J,10,14,,kingfisher_12-l neg ctrl,12-L,MMA_7,,400.0,E185,1,TIKTAALIK,,384 well plate Grainer,m9134733,,2026-02-03,50,,P2,kingfisher,12-l neg ctrl,-0.24809037604615722,0.00000000000000
J15,10.0,J,10,15,,,,,,,E185,1,TIKTAALIK,,384 well plate Grainer,m9134733,,2026-02-03,50,,P2,,,-0.24809037604615722,
J16,10.0,J,10,16,,,,,,,E185,1,TIKTAALIK,,384 well plate Grainer,m9134733,,2026-02-03,50,,P2,,,-0.24809037604615722,
J17,6.0,J,10,17,,,,,,,E185,1,TIKTAALIK,,384 well plate Grainer,m9134733,,2026-02-03,50,,P2,,,-0.33166943873690260,
J18,8.0,J,10,18,,,,,,,E185,1,TIKTAALIK,,384 well plate Grainer,m9134733,,2026-02-03,50,,P2,,,-0.28987990739152990,
J19,6.0,J,10,19,,,,,,,E185,1,TIKTAALIK,,384 well plate Grainer,m9134733,,2026-02-03,50,,P2,,,-0.33166943873690260,
J20,8.0,J,10,20,,,,,,,E185,1,TIKTAALIK,,384 well plate Grainer,m9134733,,2026-02-03,50,,P2,,,-0.28987990739152990,
J21,8.0,J,10,21,,,,,,,E185,1,TIKTAALIK,,384 well plate Grainer,m9134733,,2026-02-03,50,,P2,,,-0.28987990739152990,
J22,9.0,J,10,22,,,,,,,E185,1,TIKTAALIK,,384 well plate Grainer,m9134733,,2026-02-03,50,,P2,,,-0.26898514171884360,
J23,2784.0,J,10,23,,Standard - 7,,,64.0,1.0,E185,1,TIKTAALIK,,384 well plate Grainer,m9134733,,2026-02-03,50,,P2,Standard - 7,,57.71398959998574000,57.71398959998574
J24,3490.0,J,10,24,,Standard - 7,,,64.0,1.0,E185,1,TIKTAALIK,,384 well plate Grainer,m9134733,,2026-02-03,50,,P2,Standard - 7,,72.46569416490229000,72.46569416490229
K1,891.0,K,11,1,,tube_Premium,17-L,MMC_17,,200.0,E185,1,TIKTAALIK,20.0,384 well plate Grainer,m9134733,plasmid,2026-02-03,50,,P2,tube,Premium,18.16019818159050600,3632.03963631810100
K2,9.0,K,11,2,,,,,,,E185,1,TIKTAALIK,,384 well plate Grainer,m9134733,,2026-02-03,50,,P2,,,-0.26898514171884360,
K3,1016.0,K,11,3,,tube_Premium,17-L,MMC_17,,200.0,E185,1,TIKTAALIK,20.0,384 well plate Grainer,m9134733,plasmid,2026-02-03,50,,P2,tube,Premium,20.77204389067629700,4154.40877813525900
K4,9.0,K,11,4,,,,,,,E185,1,TIKTAALIK,,384 well plate Grainer,m9134733,,2026-02-03,50,,P2,,,-0.26898514171884360,
K5,1024.0,K,11,5,,tube_Premium,17-L,MMC_17,,200.0,E185,1,TIKTAALIK,20.0,384 well plate Grainer,m9134733,plasmid,2026-02-03,50,,P2,tube,Premium,20.93920201605778800,4187.84040321155800
K6,8.0,K,11,6,,,,,,,E185,1,TIKTAALIK,,384 well plate Grainer,m9134733,,2026-02-03,50,,P2,,,-0.28987990739152990,
K7,990.0,K,11,7,,tube_Premium,17-L,MMC_17,,200.0,E185,1,TIKTAALIK,20.0,384 well plate Grainer,m9134733,plasmid,2026-02-03,50,,P2,tube,Premium,20.22877998318645300,4045.75599663729050
K8,9.0,K,11,8,,,,,,,E185,1,TIKTAALIK,,384 well plate Grainer,m9134733,,2026-02-03,50,,P2,,,-0.26898514171884360,
K9,876.0,K,11,9,,tube_Premium,17-L,MMC_17,,200.0,E185,1,TIKTAALIK,20.0,384 well plate Grainer,m9134733,plasmid,2026-02-03,50,,P2,tube,Premium,17.84677669650021000,3569.35533930004200
K10,6.0,K,11,10,,,,,,,E185,1,TIKTAALIK,,384 well plate Grainer,m9134733,,2026-02-03,50,,P2,,,-0.33166943873690260,
K11,808.0,K,11,11,,tube_Premium,17-L,MMC_17,,200.0,E185,1,TIKTAALIK,20.0,384 well plate Grainer,m9134733,plasmid,2026-02-03,50,,P2,tube,Premium,16.42593263075754000,3285.18652615150800
K12,8.0,K,11,12,,,,,,,E185,1,TIKTAALIK,,384 well plate Grainer,m9134733,,2026-02-03,50,,P2,,,-0.28987990739152990,
K13,11.0,K,11,13,,kingfisher_12-l neg ctrl,12-L,MMA_7,,200.0,E185,1,TIKTAALIK,,384 well plate Grainer,m9134733,,2026-02-03,50,,P2,kingfisher,12-l neg ctrl,-0.22719561037347089,0.00000000000000
K14,11.0,K,11,14,,kingfisher_12-l neg ctrl,12-L,MMA_7,,400.0,E185,1,TIKTAALIK,,384 well plate Grainer,m9134733,,2026-02-03,50,,P2,kingfisher,12-l neg ctrl,-0.22719561037347089,0.00000000000000
K15,9.0,K,11,15,,,,,,,E185,1,TIKTAALIK,,384 well plate Grainer,m9134733,,2026-02-03,50,,P2,,,-0.26898514171884360,
K16,10.0,K,11,16,,,,,,,E185,1,TIKTAALIK,,384 well plate Grainer,m9134733,,2026-02-03,50,,P2,,,-0.24809037604615722,
K17,9.0,K,11,17,,,,,,,E185,1,TIKTAALIK,,384 well plate Grainer,m9134733,,2026-02-03,50,,P2,,,-0.26898514171884360,
K18,10.0,K,11,18,,,,,,,E185,1,TIKTAALIK,,384 well plate Grainer,m9134733,,2026-02-03,50,,P2,,,-0.24809037604615722,
K19,8.0,K,11,19,,,,,,,E185,1,TIKTAALIK,,384 well plate Grainer,m9134733,,2026-02-03,50,,P2,,,-0.28987990739152990,
K20,5.0,K,11,20,,,,,,,E185,1,TIKTAALIK,,384 well plate Grainer,m9134733,,2026-02-03,50,,P2,,,-0.35256420440958890,
K21,8.0,K,11,21,,,,,,,E185,1,TIKTAALIK,,384 well plate Grainer,m9134733,,2026-02-03,50,,P2,,,-0.28987990739152990,
K22,10.0,K,11,22,,,,,,,E185,1,TIKTAALIK,,384 well plate Grainer,m9134733,,2026-02-03,50,,P2,,,-0.24809037604615722,
K23,1341.0,K,11,23,,Standard - 6,,,32.0,1.0,E185,1,TIKTAALIK,,384 well plate Grainer,m9134733,,2026-02-03,50,,P2,Standard - 6,,27.56284273429935500,27.56284273429936
K24,1760.0,K,11,24,,Standard - 6,,,32.0,1.0,E185,1,TIKTAALIK,,384 well plate Grainer,m9134733,,2026-02-03,50,,P2,Standard - 6,,36.31774955115493000,36.31774955115493
L1,466.0,L,12,1,,tube_Premium,17-L,MMC_17,,400.0,E185,1,TIKTAALIK,20.0,384 well plate Grainer,m9134733,plasmid,2026-02-03,50,,P2,tube,Premium,9.27992277069881200,3711.96910827952500
L2,8.0,L,12,2,,,,,,,E185,1,TIKTAALIK,,384 well plate Grainer,m9134733,,2026-02-03,50,,P2,,,-0.28987990739152990,
L3,445.0,L,12,3,,tube_Premium,17-L,MMC_17,,400.0,E185,1,TIKTAALIK,20.0,384 well plate Grainer,m9134733,plasmid,2026-02-03,50,,P2,tube,Premium,8.84113269157240000,3536.45307662896000
L4,9.0,L,12,4,,,,,,,E185,1,TIKTAALIK,,384 well plate Grainer,m9134733,,2026-02-03,50,,P2,,,-0.26898514171884360,
L5,480.0,L,12,5,,tube_Premium,17-L,MMC_17,,400.0,E185,1,TIKTAALIK,20.0,384 well plate Grainer,m9134733,plasmid,2026-02-03,50,,P2,tube,Premium,9.57244949011642100,3828.97979604656850
L6,6.0,L,12,6,,,,,,,E185,1,TIKTAALIK,,384 well plate Grainer,m9134733,,2026-02-03,50,,P2,,,-0.33166943873690260,
L7,437.0,L,12,7,,tube_Premium,17-L,MMC_17,,400.0,E185,1,TIKTAALIK,20.0,384 well plate Grainer,m9134733,plasmid,2026-02-03,50,,P2,tube,Premium,8.67397456619090900,3469.58982647636370
L8,8.0,L,12,8,,,,,,,E185,1,TIKTAALIK,,384 well plate Grainer,m9134733,,2026-02-03,50,,P2,,,-0.28987990739152990,
L9,456.0,L,12,9,,tube_Premium,17-L,MMC_17,,400.0,E185,1,TIKTAALIK,20.0,384 well plate Grainer,m9134733,plasmid,2026-02-03,50,,P2,tube,Premium,9.07097511397194900,3628.39004558877970
L10,8.0,L,12,10,,,,,,,E185,1,TIKTAALIK,,384 well plate Grainer,m9134733,,2026-02-03,50,,P2,,,-0.28987990739152990,
L11,398.0,L,12,11,,tube_Premium,17-L,MMC_17,,400.0,E185,1,TIKTAALIK,20.0,384 well plate Grainer,m9134733,plasmid,2026-02-03,50,,P2,tube,Premium,7.85907870495614200,3143.63148198245650
L12,8.0,L,12,12,,,,,,,E185,1,TIKTAALIK,,384 well plate Grainer,m9134733,,2026-02-03,50,,P2,,,-0.28987990739152990,
L13,13.0,L,12,13,,kingfisher_12-l neg ctrl,12-L,MMA_7,,200.0,E185,1,TIKTAALIK,,384 well plate Grainer,m9134733,,2026-02-03,50,,P2,kingfisher,12-l neg ctrl,-0.18540607902809820,0.00000000000000
L14,8.0,L,12,14,,kingfisher_12-l neg ctrl,12-L,MMA_7,,400.0,E185,1,TIKTAALIK,,384 well plate Grainer,m9134733,,2026-02-03,50,,P2,kingfisher,12-l neg ctrl,-0.28987990739152990,0.00000000000000
L15,8.0,L,12,15,,,,,,,E185,1,TIKTAALIK,,384 well plate Grainer,m9134733,,2026-02-03,50,,P2,,,-0.28987990739152990,
L16,9.0,L,12,16,,,,,,,E185,1,TIKTAALIK,,384 well plate Grainer,m9134733,,2026-02-03,50,,P2,,,-0.26898514171884360,
L17,10.0,L,12,17,,,,,,,E185,1,TIKTAALIK,,384 well plate Grainer,m9134733,,2026-02-03,50,,P2,,,-0.24809037604615722,
L18,8.0,L,12,18,,,,,,,E185,1,TIKTAALIK,,384 well plate Grainer,m9134733,,2026-02-03,50,,P2,,,-0.28987990739152990,
L19,9.0,L,12,19,,,,,,,E185,1,TIKTAALIK,,384 well plate Grainer,m9134733,,2026-02-03,50,,P2,,,-0.26898514171884360,
L20,9.0,L,12,20,,,,,,,E185,1,TIKTAALIK,,384 well plate Grainer,m9134733,,2026-02-03,50,,P2,,,-0.26898514171884360,
L21,7.0,L,12,21,,,,,,,E185,1,TIKTAALIK,,384 well plate Grainer,m9134733,,2026-02-03,50,,P2,,,-0.31077467306421624,
L22,9.0,L,12,22,,,,,,,E185,1,TIKTAALIK,,384 well plate Grainer,m9134733,,2026-02-03,50,,P2,,,-0.26898514171884360,
L23,892.0,L,12,23,,Standard - 5,,,16.0,1.0,E185,1,TIKTAALIK,,384 well plate Grainer,m9134733,,2026-02-03,50,,P2,Standard - 5,,18.18109294726319200,18.18109294726319
L24,1010.0,L,12,24,,Standard - 5,,,16.0,1.0,E185,1,TIKTAALIK,,384 well plate Grainer,m9134733,,2026-02-03,50,,P2,Standard - 5,,20.64667529664018000,20.64667529664018
M1,839.0,M,13,1,,tube_Economy,17-L,MMD_18,,200.0,E185,1,TIKTAALIK,20.0,384 well plate Grainer,m9134733,plasmid,2026-02-03,50,,P2,tube,Economy,17.07367036661081600,3414.73407332216300
M2,8.0,M,13,2,,,,,,,E185,1,TIKTAALIK,,384 well plate Grainer,m9134733,,2026-02-03,50,,P2,,,-0.28987990739152990,
M3,851.0,M,13,3,,tube_Economy,17-L,MMD_18,,200.0,E185,1,TIKTAALIK,20.0,384 well plate Grainer,m9134733,plasmid,2026-02-03,50,,P2,tube,Economy,17.32440755468305200,3464.88151093661050
M4,11.0,M,13,4,,,,,,,E185,1,TIKTAALIK,,384 well plate Grainer,m9134733,,2026-02-03,50,,P2,,,-0.22719561037347089,
M5,823.0,M,13,5,,tube_Economy,17-L,MMD_18,,200.0,E185,1,TIKTAALIK,20.0,384 well plate Grainer,m9134733,plasmid,2026-02-03,50,,P2,tube,Economy,16.73935411584783500,3347.87082316956700
M6,7.0,M,13,6,,,,,,,E185,1,TIKTAALIK,,384 well plate Grainer,m9134733,,2026-02-03,50,,P2,,,-0.31077467306421624,
M7,913.0,M,13,7,,tube_Economy,17-L,MMD_18,,200.0,E185,1,TIKTAALIK,20.0,384 well plate Grainer,m9134733,plasmid,2026-02-03,50,,P2,tube,Economy,18.61988302638960500,3723.97660527792100
M8,8.0,M,13,8,,,,,,,E185,1,TIKTAALIK,,384 well plate Grainer,m9134733,,2026-02-03,50,,P2,,,-0.28987990739152990,
M9,765.0,M,13,9,,tube_Economy,17-L,MMD_18,,200.0,E185,1,TIKTAALIK,20.0,384 well plate Grainer,m9134733,plasmid,2026-02-03,50,,P2,tube,Economy,15.52745770683202600,3105.49154136640530
M10,7.0,M,13,10,,,,,,,E185,1,TIKTAALIK,,384 well plate Grainer,m9134733,,2026-02-03,50,,P2,,,-0.31077467306421624,
M11,871.0,M,13,11,,tube_Economy,17-L,MMD_18,,200.0,E185,1,TIKTAALIK,20.0,384 well plate Grainer,m9134733,plasmid,2026-02-03,50,,P2,tube,Economy,17.74230286813678000,3548.46057362735560
M12,6.0,M,13,12,,,,,,,E185,1,TIKTAALIK,,384 well plate Grainer,m9134733,,2026-02-03,50,,P2,,,-0.33166943873690260,
M13,8.0,M,13,13,,,,,,,E185,1,TIKTAALIK,,384 well plate Grainer,m9134733,,2026-02-03,50,,P2,,,-0.28987990739152990,
M14,9.0,M,13,14,,,,,,,E185,1,TIKTAALIK,,384 well plate Grainer,m9134733,,2026-02-03,50,,P2,,,-0.26898514171884360,
M15,9.0,M,13,15,,,,,,,E185,1,TIKTAALIK,,384 well plate Grainer,m9134733,,2026-02-03,50,,P2,,,-0.26898514171884360,
M16,10.0,M,13,16,,,,,,,E185,1,TIKTAALIK,,384 well plate Grainer,m9134733,,2026-02-03,50,,P2,,,-0.24809037604615722,
M17,9.0,M,13,17,,,,,,,E185,1,TIKTAALIK,,384 well plate Grainer,m9134733,,2026-02-03,50,,P2,,,-0.26898514171884360,
M18,9.0,M,13,18,,,,,,,E185,1,TIKTAALIK,,384 well plate Grainer,m9134733,,2026-02-03,50,,P2,,,-0.26898514171884360,
M19,10.0,M,13,19,,,,,,,E185,1,TIKTAALIK,,384 well plate Grainer,m9134733,,2026-02-03,50,,P2,,,-0.24809037604615722,
M20,8.0,M,13,20,,,,,,,E185,1,TIKTAALIK,,384 well plate Grainer,m9134733,,2026-02-03,50,,P2,,,-0.28987990739152990,
M21,10.0,M,13,21,,,,,,,E185,1,TIKTAALIK,,384 well plate Grainer,m9134733,,2026-02-03,50,,P2,,,-0.24809037604615722,
M22,9.0,M,13,22,,,,,,,E185,1,TIKTAALIK,,384 well plate Grainer,m9134733,,2026-02-03,50,,P2,,,-0.26898514171884360,
M23,321.0,M,13,23,,Standard - 4,,,8.0,1.0,E185,1,TIKTAALIK,,384 well plate Grainer,m9134733,,2026-02-03,50,,P2,Standard - 4,,6.25018174815929300,6.25018174815929
M24,427.0,M,13,24,,Standard - 4,,,8.0,1.0,E185,1,TIKTAALIK,,384 well plate Grainer,m9134733,,2026-02-03,50,,P2,Standard - 4,,8.46502690946404500,8.46502690946405
N1,409.0,N,14,1,,tube_Economy,17-L,MMD_18,,400.0,E185,1,TIKTAALIK,20.0,384 well plate Grainer,m9134733,plasmid,2026-02-03,50,,P2,tube,Economy,8.08892112735569100,3235.56845094227670
N2,8.0,N,14,2,,,,,,,E185,1,TIKTAALIK,,384 well plate Grainer,m9134733,,2026-02-03,50,,P2,,,-0.28987990739152990,
N3,420.0,N,14,3,,tube_Economy,17-L,MMD_18,,400.0,E185,1,TIKTAALIK,20.0,384 well plate Grainer,m9134733,plasmid,2026-02-03,50,,P2,tube,Economy,8.31876354975524100,3327.50541990209650
N4,9.0,N,14,4,,,,,,,E185,1,TIKTAALIK,,384 well plate Grainer,m9134733,,2026-02-03,50,,P2,,,-0.26898514171884360,
N5,409.0,N,14,5,,tube_Economy,17-L,MMD_18,,400.0,E185,1,TIKTAALIK,20.0,384 well plate Grainer,m9134733,plasmid,2026-02-03,50,,P2,tube,Economy,8.08892112735569100,3235.56845094227670
N6,8.0,N,14,6,,,,,,,E185,1,TIKTAALIK,,384 well plate Grainer,m9134733,,2026-02-03,50,,P2,,,-0.28987990739152990,
N7,419.0,N,14,7,,tube_Economy,17-L,MMD_18,,400.0,E185,1,TIKTAALIK,20.0,384 well plate Grainer,m9134733,plasmid,2026-02-03,50,,P2,tube,Economy,8.29786878408255500,3319.14751363302200
N8,9.0,N,14,8,,,,,,,E185,1,TIKTAALIK,,384 well plate Grainer,m9134733,,2026-02-03,50,,P2,,,-0.26898514171884360,
N9,404.0,N,14,9,,tube_Economy,17-L,MMD_18,,400.0,E185,1,TIKTAALIK,20.0,384 well plate Grainer,m9134733,plasmid,2026-02-03,50,,P2,tube,Economy,7.98444729899226000,3193.77891959690400
N10,10.0,N,14,10,,,,,,,E185,1,TIKTAALIK,,384 well plate Grainer,m9134733,,2026-02-03,50,,P2,,,-0.24809037604615722,
N11,417.0,N,14,11,,tube_Economy,17-L,MMD_18,,400.0,E185,1,TIKTAALIK,20.0,384 well plate Grainer,m9134733,plasmid,2026-02-03,50,,P2,tube,Economy,8.25607925273718200,3302.43170109487300
N12,10.0,N,14,12,,,,,,,E185,1,TIKTAALIK,,384 well plate Grainer,m9134733,,2026-02-03,50,,P2,,,-0.24809037604615722,
N13,12.0,N,14,13,,tube_12-l neg ctrl,12-L,MMA_7,,200.0,E185,1,TIKTAALIK,,384 well plate Grainer,m9134733,,2026-02-03,50,,P2,tube,12-l neg ctrl,-0.20630084470078452,0.00000000000000
N14,8.0,N,14,14,,tube_12-l neg ctrl,12-L,MMA_7,,400.0,E185,1,TIKTAALIK,,384 well plate Grainer,m9134733,,2026-02-03,50,,P2,tube,12-l neg ctrl,-0.28987990739152990,0.00000000000000
N15,8.0,N,14,15,,,,,,,E185,1,TIKTAALIK,,384 well plate Grainer,m9134733,,2026-02-03,50,,P2,,,-0.28987990739152990,
N16,8.0,N,14,16,,,,,,,E185,1,TIKTAALIK,,384 well plate Grainer,m9134733,,2026-02-03,50,,P2,,,-0.28987990739152990,
N17,9.0,N,14,17,,,,,,,E185,1,TIKTAALIK,,384 well plate Grainer,m9134733,,2026-02-03,50,,P2,,,-0.26898514171884360,
N18,9.0,N,14,18,,,,,,,E185,1,TIKTAALIK,,384 well plate Grainer,m9134733,,2026-02-03,50,,P2,,,-0.26898514171884360,
N19,10.0,N,14,19,,,,,,,E185,1,TIKTAALIK,,384 well plate Grainer,m9134733,,2026-02-03,50,,P2,,,-0.24809037604615722,
N20,9.0,N,14,20,,,,,,,E185,1,TIKTAALIK,,384 well plate Grainer,m9134733,,2026-02-03,50,,P2,,,-0.26898514171884360,
N21,1131.0,N,14,21,,spike-in,spike-in,spike-in,,20.0,E185,1,TIKTAALIK,,384 well plate Grainer,m9134733,,2026-02-03,50,,P2,spike-in,,23.17494194303522500,463.49883886070450
N22,167.0,N,14,22,,spike-in,spike-in,spike-in,,100.0,E185,1,TIKTAALIK,,384 well plate Grainer,m9134733,,2026-02-03,50,,P2,spike-in,,3.03238783456559750,303.23878345655976
N23,165.0,N,14,23,,Standard - 3,,,4.0,1.0,E185,1,TIKTAALIK,,384 well plate Grainer,m9134733,,2026-02-03,50,,P2,Standard - 3,,2.99059830322022500,2.99059830322023
N24,198.0,N,14,24,,Standard - 3,,,4.0,1.0,E185,1,TIKTAALIK,,384 well plate Grainer,m9134733,,2026-02-03,50,,P2,Standard - 3,,3.68012557041887420,3.68012557041887
O1,518.0,O,15,1,,tube_control,12-L,MMA_7,,200.0,E185,1,TIKTAALIK,20.0,384 well plate Grainer,m9134733,plasmid,2026-02-03,50,,P2,tube,control,10.36645058567850200,2073.29011713570030
O2,8.0,O,15,2,,,,,,,E185,1,TIKTAALIK,,384 well plate Grainer,m9134733,,2026-02-03,50,,P2,,,-0.28987990739152990,
O3,489.0,O,15,3,,tube_control,12-L,MMA_7,,200.0,E185,1,TIKTAALIK,20.0,384 well plate Grainer,m9134733,plasmid,2026-02-03,50,,P2,tube,control,9.76050238117059800,1952.10047623411970
O4,10.0,O,15,4,,,,,,,E185,1,TIKTAALIK,,384 well plate Grainer,m9134733,,2026-02-03,50,,P2,,,-0.24809037604615722,
O5,465.0,O,15,5,,tube_control,12-L,MMA_7,,200.0,E185,1,TIKTAALIK,20.0,384 well plate Grainer,m9134733,plasmid,2026-02-03,50,,P2,tube,control,9.25902800502612600,1851.80560100522530
O6,10.0,O,15,6,,,,,,,E185,1,TIKTAALIK,,384 well plate Grainer,m9134733,,2026-02-03,50,,P2,,,-0.24809037604615722,
O7,464.0,O,15,7,,tube_control,12-L,MMA_7,,200.0,E185,1,TIKTAALIK,20.0,384 well plate Grainer,m9134733,plasmid,2026-02-03,50,,P2,tube,control,9.23813323935344000,1847.62664787068800
O8,6.0,O,15,8,,,,,,,E185,1,TIKTAALIK,,384 well plate Grainer,m9134733,,2026-02-03,50,,P2,,,-0.33166943873690260,
O9,452.0,O,15,9,,tube_control,12-L,MMA_7,,200.0,E185,1,TIKTAALIK,20.0,384 well plate Grainer,m9134733,plasmid,2026-02-03,50,,P2,tube,control,8.98739605128120400,1797.47921025624080
O10,10.0,O,15,10,,,,,,,E185,1,TIKTAALIK,,384 well plate Grainer,m9134733,,2026-02-03,50,,P2,,,-0.24809037604615722,
O11,433.0,O,15,11,,tube_control,12-L,MMA_7,,200.0,E185,1,TIKTAALIK,20.0,384 well plate Grainer,m9134733,plasmid,2026-02-03,50,,P2,tube,control,8.59039550350016300,1718.07910070003280
O12,10.0,O,15,12,,,,,,,E185,1,TIKTAALIK,,384 well plate Grainer,m9134733,,2026-02-03,50,,P2,,,-0.24809037604615722,
O13,11.0,O,15,13,,tube_12-l neg ctrl,12-L,MMA_7,,200.0,E185,1,TIKTAALIK,,384 well plate Grainer,m9134733,,2026-02-03,50,,P2,tube,12-l neg ctrl,-0.22719561037347089,0.00000000000000
O14,9.0,O,15,14,,tube_12-l neg ctrl,12-L,MMA_7,,400.0,E185,1,TIKTAALIK,,384 well plate Grainer,m9134733,,2026-02-03,50,,P2,tube,12-l neg ctrl,-0.26898514171884360,0.00000000000000
O15,7.0,O,15,15,,,,,,,E185,1,TIKTAALIK,,384 well plate Grainer,m9134733,,2026-02-03,50,,P2,,,-0.31077467306421624,
O16,7.0,O,15,16,,,,,,,E185,1,TIKTAALIK,,384 well plate Grainer,m9134733,,2026-02-03,50,,P2,,,-0.31077467306421624,
O17,9.0,O,15,17,,,,,,,E185,1,TIKTAALIK,,384 well plate Grainer,m9134733,,2026-02-03,50,,P2,,,-0.26898514171884360,
O18,8.0,O,15,18,,,,,,,E185,1,TIKTAALIK,,384 well plate Grainer,m9134733,,2026-02-03,50,,P2,,,-0.28987990739152990,
O19,9.0,O,15,19,,,,,,,E185,1,TIKTAALIK,,384 well plate Grainer,m9134733,,2026-02-03,50,,P2,,,-0.26898514171884360,
O20,8.0,O,15,20,,,,,,,E185,1,TIKTAALIK,,384 well plate Grainer,m9134733,,2026-02-03,50,,P2,,,-0.28987990739152990,
O21,1259.0,O,15,21,,spike-in,spike-in,spike-in,,20.0,E185,1,TIKTAALIK,,384 well plate Grainer,m9134733,,2026-02-03,50,,P2,spike-in,,25.84947194913907600,516.98943898278150
O22,241.0,O,15,22,,spike-in,spike-in,spike-in,,100.0,E185,1,TIKTAALIK,,384 well plate Grainer,m9134733,,2026-02-03,50,,P2,spike-in,,4.57860049434438650,457.86004943443870
O23,82.0,O,15,23,,Standard - 2,,,2.0,1.0,E185,1,TIKTAALIK,,384 well plate Grainer,m9134733,,2026-02-03,50,,P2,Standard - 2,,1.25633275238725900,1.25633275238726
O24,87.0,O,15,24,,Standard - 2,,,2.0,1.0,E185,1,TIKTAALIK,,384 well plate Grainer,m9134733,,2026-02-03,50,,P2,Standard - 2,,1.36080658075069060,1.36080658075069
P1,259.0,P,16,1,,tube_control,12-L,MMA_7,,400.0,E185,1,TIKTAALIK,20.0,384 well plate Grainer,m9134733,plasmid,2026-02-03,50,,P2,tube,control,4.95470627645274050,1981.88251058109630
P2,7.0,P,16,2,,,,,,,E185,1,TIKTAALIK,,384 well plate Grainer,m9134733,,2026-02-03,50,,P2,,,-0.31077467306421624,
P3,262.0,P,16,3,,tube_control,12-L,MMA_7,,400.0,E185,1,TIKTAALIK,20.0,384 well plate Grainer,m9134733,plasmid,2026-02-03,50,,P2,tube,control,5.01739057347079950,2006.95622938831980
P4,7.0,P,16,4,,,,,,,E185,1,TIKTAALIK,,384 well plate Grainer,m9134733,,2026-02-03,50,,P2,,,-0.31077467306421624,
P5,230.0,P,16,5,,tube_control,12-L,MMA_7,,400.0,E185,1,TIKTAALIK,20.0,384 well plate Grainer,m9134733,plasmid,2026-02-03,50,,P2,tube,control,4.34875807194483700,1739.50322877793470
P6,11.0,P,16,6,,,,,,,E185,1,TIKTAALIK,,384 well plate Grainer,m9134733,,2026-02-03,50,,P2,,,-0.22719561037347089,
P7,241.0,P,16,7,,tube_control,12-L,MMA_7,,400.0,E185,1,TIKTAALIK,20.0,384 well plate Grainer,m9134733,plasmid,2026-02-03,50,,P2,tube,control,4.57860049434438650,1831.44019773775470
P8,7.0,P,16,8,,,,,,,E185,1,TIKTAALIK,,384 well plate Grainer,m9134733,,2026-02-03,50,,P2,,,-0.31077467306421624,
P9,223.0,P,16,9,,tube_control,12-L,MMA_7,,400.0,E185,1,TIKTAALIK,20.0,384 well plate Grainer,m9134733,plasmid,2026-02-03,50,,P2,tube,control,4.20249471223603250,1680.99788489441310
P10,9.0,P,16,10,,,,,,,E185,1,TIKTAALIK,,384 well plate Grainer,m9134733,,2026-02-03,50,,P2,,,-0.26898514171884360,
P11,230.0,P,16,11,,tube_control,12-L,MMA_7,,400.0,E185,1,TIKTAALIK,20.0,384 well plate Grainer,m9134733,plasmid,2026-02-03,50,,P2,tube,control,4.34875807194483700,1739.50322877793470
P12,10.0,P,16,12,,,,,,,E185,1,TIKTAALIK,,384 well plate Grainer,m9134733,,2026-02-03,50,,P2,,,-0.24809037604615722,
P13,7.0,P,16,13,,tube_12-l neg ctrl,12-L,MMA_7,,200.0,E185,1,TIKTAALIK,,384 well plate Grainer,m9134733,,2026-02-03,50,,P2,tube,12-l neg ctrl,-0.31077467306421624,0.00000000000000
P14,9.0,P,16,14,,tube_12-l neg ctrl,12-L,MMA_7,,400.0,E185,1,TIKTAALIK,,384 well plate Grainer,m9134733,,2026-02-03,50,,P2,tube,12-l neg ctrl,-0.26898514171884360,0.00000000000000
P15,7.0,P,16,15,,,,,,,E185,1,TIKTAALIK,,384 well plate Grainer,m9134733,,2026-02-03,50,,P2,,,-0.31077467306421624,
P16,8.0,P,16,16,,,,,,,E185,1,TIKTAALIK,,384 well plate Grainer,m9134733,,2026-02-03,50,,P2,,,-0.28987990739152990,
P17,8.0,P,16,17,,,,,,,E185,1,TIKTAALIK,,384 well plate Grainer,m9134733,,2026-02-03,50,,P2,,,-0.28987990739152990,
P18,10.0,P,16,18,,,,,,,E185,1,TIKTAALIK,,384 well plate Grainer,m9134733,,2026-02-03,50,,P2,,,-0.24809037604615722,
P19,10.0,P,16,19,,,,,,,E185,1,TIKTAALIK,,384 well plate Grainer,m9134733,,2026-02-03,50,,P2,,,-0.24809037604615722,
P20,8.0,P,16,20,,,,,,,E185,1,TIKTAALIK,,384 well plate Grainer,m9134733,,2026-02-03,50,,P2,,,-0.28987990739152990,
P21,1240.0,P,16,21,,spike-in,spike-in,spike-in,,20.0,E185,1,TIKTAALIK,,384 well plate Grainer,m9134733,,2026-02-03,50,,P2,spike-in,,25.45247140135803600,509.04942802716073
P22,283.0,P,16,22,,spike-in,spike-in,spike-in,,100.0,E185,1,TIKTAALIK,,384 well plate Grainer,m9134733,,2026-02-03,50,,P2,spike-in,,5.45618065259721250,545.61806525972120
P23,43.0,P,16,23,,Standard - 1,,,1.0,1.0,E185,1,TIKTAALIK,,384 well plate Grainer,m9134733,,2026-02-03,50,,P2,Standard - 1,,0.44143689115249185,0.44143689115249
P24,40.0,P,16,24,,Standard - 1,,,1.0,1.0,E185,1,TIKTAALIK,,384 well plate Grainer,m9134733,,2026-02-03,50,,P2,Standard - 1,,0.37875259413443285,0.37875259413443
A1,189.0,A,1,1,,kingfisher_Ready96,17-L,MMC_17,,400.0,E185,1,TIKTAALIK,20.0,384 well plate Grainer,m9134733,plasmid,2026-02-03,50,,P1,kingfisher,Ready96,4.26110598692599200,1704.44239477039700
A2,208.0,A,1,2,,kingfisher_Ready96,17-L,MMC_17,,400.0,E185,1,TIKTAALIK,20.0,384 well plate Grainer,m9134733,plasmid,2026-02-03,50,,P1,kingfisher,Ready96,4.67942882237869300,1871.77152895147720
A3,179.0,A,1,3,,kingfisher_Ready96,17-L,MMC_17,,400.0,E185,1,TIKTAALIK,20.0,384 well plate Grainer,m9134733,plasmid,2026-02-03,50,,P1,kingfisher,Ready96,4.04093607352983300,1616.37442941193330
A4,198.0,A,1,4,,kingfisher_Ready96,17-L,MMC_17,,400.0,E185,1,TIKTAALIK,20.0,384 well plate Grainer,m9134733,plasmid,2026-02-03,50,,P1,kingfisher,Ready96,4.45925890898253500,1783.70356359301400
A5,195.0,A,1,5,,kingfisher_Ready96,17-L,MMC_17,,400.0,E185,1,TIKTAALIK,20.0,384 well plate Grainer,m9134733,plasmid,2026-02-03,50,,P1,kingfisher,Ready96,4.39320793496368700,1757.28317398547480
A6,194.0,A,1,6,,kingfisher_Ready96,17-L,MMC_17,,400.0,E185,1,TIKTAALIK,20.0,384 well plate Grainer,m9134733,plasmid,2026-02-03,50,,P1,kingfisher,Ready96,4.37119094362407200,1748.47637744962870
A7,176.0,A,1,7,,kingfisher_Ready96,17-L,MMC_17,,400.0,E185,1,TIKTAALIK,20.0,384 well plate Grainer,m9134733,plasmid,2026-02-03,50,,P1,kingfisher,Ready96,3.97488509951098660,1589.95403980439460
A8,170.0,A,1,8,,kingfisher_Ready96,17-L,MMC_17,,400.0,E185,1,TIKTAALIK,20.0,384 well plate Grainer,m9134733,plasmid,2026-02-03,50,,P1,kingfisher,Ready96,3.84278315147329150,1537.11326058931670
A9,159.0,A,1,9,,kingfisher_Ready96,17-L,MMC_17,,400.0,E185,1,TIKTAALIK,20.0,384 well plate Grainer,m9134733,plasmid,2026-02-03,50,,P1,kingfisher,Ready96,3.60059624673751700,1440.23849869500700
A10,159.0,A,1,10,,kingfisher_Ready96,17-L,MMC_17,,400.0,E185,1,TIKTAALIK,20.0,384 well plate Grainer,m9134733,plasmid,2026-02-03,50,,P1,kingfisher,Ready96,3.60059624673751700,1440.23849869500700
A11,155.0,A,1,11,,kingfisher_Ready96,17-L,MMC_17,,400.0,E185,1,TIKTAALIK,20.0,384 well plate Grainer,m9134733,plasmid,2026-02-03,50,,P1,kingfisher,Ready96,3.51252828137905400,1405.01131255162160
A12,165.0,A,1,12,,kingfisher_Ready96,17-L,MMC_17,,400.0,E185,1,TIKTAALIK,20.0,384 well plate Grainer,m9134733,plasmid,2026-02-03,50,,P1,kingfisher,Ready96,3.73269819477521200,1493.07927791008480
A13,173.0,A,1,13,,kingfisher_Ready96,17-L,MMC_17,,400.0,E185,1,TIKTAALIK,20.0,384 well plate Grainer,m9134733,plasmid,2026-02-03,50,,P1,kingfisher,Ready96,3.90883412549213900,1563.53365019685570
A14,183.0,A,1,14,,kingfisher_Ready96,17-L,MMC_17,,400.0,E185,1,TIKTAALIK,20.0,384 well plate Grainer,m9134733,plasmid,2026-02-03,50,,P1,kingfisher,Ready96,4.12900403888829700,1651.60161555531890
A15,167.0,A,1,15,,kingfisher_Ready96,17-L,MMC_17,,400.0,E185,1,TIKTAALIK,20.0,384 well plate Grainer,m9134733,plasmid,2026-02-03,50,,P1,kingfisher,Ready96,3.77673217745444400,1510.69287098177760
A16,184.0,A,1,16,,kingfisher_Ready96,17-L,MMC_17,,400.0,E185,1,TIKTAALIK,20.0,384 well plate Grainer,m9134733,plasmid,2026-02-03,50,,P1,kingfisher,Ready96,4.15102103022791300,1660.40841209116500
A17,165.0,A,1,17,,kingfisher_Ready96,17-L,MMC_17,,400.0,E185,1,TIKTAALIK,20.0,384 well plate Grainer,m9134733,plasmid,2026-02-03,50,,P1,kingfisher,Ready96,3.73269819477521200,1493.07927791008480
A18,180.0,A,1,18,,kingfisher_Ready96,17-L,MMC_17,,400.0,E185,1,TIKTAALIK,20.0,384 well plate Grainer,m9134733,plasmid,2026-02-03,50,,P1,kingfisher,Ready96,4.06295306486945000,1625.18122594778000
A19,197.0,A,1,19,,kingfisher_Ready96,17-L,MMC_17,,400.0,E185,1,TIKTAALIK,20.0,384 well plate Grainer,m9134733,plasmid,2026-02-03,50,,P1,kingfisher,Ready96,4.43724191764291900,1774.89676705716760
A20,199.0,A,1,20,,kingfisher_Ready96,17-L,MMC_17,,400.0,E185,1,TIKTAALIK,20.0,384 well plate Grainer,m9134733,plasmid,2026-02-03,50,,P1,kingfisher,Ready96,4.48127590032215000,1792.51036012886020
A21,229.0,A,1,21,,kingfisher_Ready96,17-L,MMC_17,,400.0,E185,1,TIKTAALIK,20.0,384 well plate Grainer,m9134733,plasmid,2026-02-03,50,,P1,kingfisher,Ready96,5.14178564051062550,2056.71425620425000
A22,239.0,A,1,22,,kingfisher_Ready96,17-L,MMC_17,,400.0,E185,1,TIKTAALIK,20.0,384 well plate Grainer,m9134733,plasmid,2026-02-03,50,,P1,kingfisher,Ready96,5.36195555390678400,2144.78222156271340
A23,135.0,A,1,23,,kingfisher_Ready96,17-L,MMC_17,,400.0,E185,1,TIKTAALIK,20.0,384 well plate Grainer,m9134733,plasmid,2026-02-03,50,,P1,kingfisher,Ready96,3.07218845458673730,1228.87538183469500
A24,135.0,A,1,24,,kingfisher_Ready96,17-L,MMC_17,,400.0,E185,1,TIKTAALIK,20.0,384 well plate Grainer,m9134733,plasmid,2026-02-03,50,,P1,kingfisher,Ready96,3.07218845458673730,1228.87538183469500
B1,205.0,B,2,1,,kingfisher_Ready96,17-L,MMC_17,,400.0,E185,1,TIKTAALIK,20.0,384 well plate Grainer,m9134733,plasmid,2026-02-03,50,,P1,kingfisher,Ready96,4.61337784835984500,1845.35113934393800
B2,203.0,B,2,2,,kingfisher_Ready96,17-L,MMC_17,,400.0,E185,1,TIKTAALIK,20.0,384 well plate Grainer,m9134733,plasmid,2026-02-03,50,,P1,kingfisher,Ready96,4.56934386568061400,1827.73754627224570
B3,214.0,B,2,3,,kingfisher_Ready96,17-L,MMC_17,,400.0,E185,1,TIKTAALIK,20.0,384 well plate Grainer,m9134733,plasmid,2026-02-03,50,,P1,kingfisher,Ready96,4.81153077041638800,1924.61230816655500
B4,221.0,B,2,4,,kingfisher_Ready96,17-L,MMC_17,,400.0,E185,1,TIKTAALIK,20.0,384 well plate Grainer,m9134733,plasmid,2026-02-03,50,,P1,kingfisher,Ready96,4.96564970979369900,1986.25988391747980
B5,197.0,B,2,5,,kingfisher_Ready96,17-L,MMC_17,,400.0,E185,1,TIKTAALIK,20.0,384 well plate Grainer,m9134733,plasmid,2026-02-03,50,,P1,kingfisher,Ready96,4.43724191764291900,1774.89676705716760
B6,204.0,B,2,6,,kingfisher_Ready96,17-L,MMC_17,,400.0,E185,1,TIKTAALIK,20.0,384 well plate Grainer,m9134733,plasmid,2026-02-03,50,,P1,kingfisher,Ready96,4.59136085702023000,1836.54434280809190
B7,177.0,B,2,7,,kingfisher_Ready96,17-L,MMC_17,,400.0,E185,1,TIKTAALIK,20.0,384 well plate Grainer,m9134733,plasmid,2026-02-03,50,,P1,kingfisher,Ready96,3.99690209085060200,1598.76083634024080
B8,188.0,B,2,8,,kingfisher_Ready96,17-L,MMC_17,,400.0,E185,1,TIKTAALIK,20.0,384 well plate Grainer,m9134733,plasmid,2026-02-03,50,,P1,kingfisher,Ready96,4.23908899558637700,1695.63559823455060
B9,164.0,B,2,9,,kingfisher_Ready96,17-L,MMC_17,,400.0,E185,1,TIKTAALIK,20.0,384 well plate Grainer,m9134733,plasmid,2026-02-03,50,,P1,kingfisher,Ready96,3.71068120343559650,1484.27248137423860
B10,167.0,B,2,10,,kingfisher_Ready96,17-L,MMC_17,,400.0,E185,1,TIKTAALIK,20.0,384 well plate Grainer,m9134733,plasmid,2026-02-03,50,,P1,kingfisher,Ready96,3.77673217745444400,1510.69287098177760
B11,166.0,B,2,11,,kingfisher_Ready96,17-L,MMC_17,,400.0,E185,1,TIKTAALIK,20.0,384 well plate Grainer,m9134733,plasmid,2026-02-03,50,,P1,kingfisher,Ready96,3.75471518611482800,1501.88607444593120
B12,175.0,B,2,12,,kingfisher_Ready96,17-L,MMC_17,,400.0,E185,1,TIKTAALIK,20.0,384 well plate Grainer,m9134733,plasmid,2026-02-03,50,,P1,kingfisher,Ready96,3.95286810817137060,1581.14724326854820
B13,162.0,B,2,13,,kingfisher_Ready96,17-L,MMC_17,,400.0,E185,1,TIKTAALIK,20.0,384 well plate Grainer,m9134733,plasmid,2026-02-03,50,,P1,kingfisher,Ready96,3.66664722075636450,1466.65888830254580
B14,176.0,B,2,14,,kingfisher_Ready96,17-L,MMC_17,,400.0,E185,1,TIKTAALIK,20.0,384 well plate Grainer,m9134733,plasmid,2026-02-03,50,,P1,kingfisher,Ready96,3.97488509951098660,1589.95403980439460
B15,142.0,B,2,15,,kingfisher_Ready96,17-L,MMC_17,,400.0,E185,1,TIKTAALIK,20.0,384 well plate Grainer,m9134733,plasmid,2026-02-03,50,,P1,kingfisher,Ready96,3.22630739396404800,1290.52295758561920
B16,160.0,B,2,16,,kingfisher_Ready96,17-L,MMC_17,,400.0,E185,1,TIKTAALIK,20.0,384 well plate Grainer,m9134733,plasmid,2026-02-03,50,,P1,kingfisher,Ready96,3.62261323807713300,1449.04529523085330
B17,168.0,B,2,17,,kingfisher_Ready96,17-L,MMC_17,,400.0,E185,1,TIKTAALIK,20.0,384 well plate Grainer,m9134733,plasmid,2026-02-03,50,,P1,kingfisher,Ready96,3.79874916879405950,1519.49966751762370
B18,188.0,B,2,18,,kingfisher_Ready96,17-L,MMC_17,,400.0,E185,1,TIKTAALIK,20.0,384 well plate Grainer,m9134733,plasmid,2026-02-03,50,,P1,kingfisher,Ready96,4.23908899558637700,1695.63559823455060
B19,213.0,B,2,19,,kingfisher_Ready96,17-L,MMC_17,,400.0,E185,1,TIKTAALIK,20.0,384 well plate Grainer,m9134733,plasmid,2026-02-03,50,,P1,kingfisher,Ready96,4.78951377907677200,1915.80551163070900
B20,231.0,B,2,20,,kingfisher_Ready96,17-L,MMC_17,,400.0,E185,1,TIKTAALIK,20.0,384 well plate Grainer,m9134733,plasmid,2026-02-03,50,,P1,kingfisher,Ready96,5.18581962318985750,2074.32784927594280
B21,221.0,B,2,21,,kingfisher_Ready96,17-L,MMC_17,,400.0,E185,1,TIKTAALIK,20.0,384 well plate Grainer,m9134733,plasmid,2026-02-03,50,,P1,kingfisher,Ready96,4.96564970979369900,1986.25988391747980
B22,237.0,B,2,22,,kingfisher_Ready96,17-L,MMC_17,,400.0,E185,1,TIKTAALIK,20.0,384 well plate Grainer,m9134733,plasmid,2026-02-03,50,,P1,kingfisher,Ready96,5.31792157122755250,2127.16862849102100
B23,727.0,B,2,23,,kingfisher_Ready96,17-L,MMC_17,,400.0,E185,1,TIKTAALIK,20.0,384 well plate Grainer,m9134733,plasmid,2026-02-03,50,,P1,kingfisher,Ready96,16.10624732763931300,6442.49893105572500
B24,828.0,B,2,24,,kingfisher_Ready96,17-L,MMC_17,,400.0,E185,1,TIKTAALIK,20.0,384 well plate Grainer,m9134733,plasmid,2026-02-03,50,,P1,kingfisher,Ready96,18.32996345294051000,7331.98538117620400
C1,190.0,C,3,1,,kingfisher_Ready96,17-L,MMC_17,,400.0,E185,1,TIKTAALIK,20.0,384 well plate Grainer,m9134733,plasmid,2026-02-03,50,,P1,kingfisher,Ready96,4.28312297826560800,1713.24919130624310
C2,178.0,C,3,2,,kingfisher_Ready96,17-L,MMC_17,,400.0,E185,1,TIKTAALIK,20.0,384 well plate Grainer,m9134733,plasmid,2026-02-03,50,,P1,kingfisher,Ready96,4.01891908219021800,1607.56763287608710
C3,168.0,C,3,3,,kingfisher_Ready96,17-L,MMC_17,,400.0,E185,1,TIKTAALIK,20.0,384 well plate Grainer,m9134733,plasmid,2026-02-03,50,,P1,kingfisher,Ready96,3.79874916879405950,1519.49966751762370
C4,182.0,C,3,4,,kingfisher_Ready96,17-L,MMC_17,,400.0,E185,1,TIKTAALIK,20.0,384 well plate Grainer,m9134733,plasmid,2026-02-03,50,,P1,kingfisher,Ready96,4.10698704754868200,1642.79481901947270
C5,164.0,C,3,5,,kingfisher_Ready96,17-L,MMC_17,,400.0,E185,1,TIKTAALIK,20.0,384 well plate Grainer,m9134733,plasmid,2026-02-03,50,,P1,kingfisher,Ready96,3.71068120343559650,1484.27248137423860
C6,156.0,C,3,6,,kingfisher_Ready96,17-L,MMC_17,,400.0,E185,1,TIKTAALIK,20.0,384 well plate Grainer,m9134733,plasmid,2026-02-03,50,,P1,kingfisher,Ready96,3.53454527271866950,1413.81810908746770
C7,164.0,C,3,7,,kingfisher_Ready96,17-L,MMC_17,,400.0,E185,1,TIKTAALIK,20.0,384 well plate Grainer,m9134733,plasmid,2026-02-03,50,,P1,kingfisher,Ready96,3.71068120343559650,1484.27248137423860
C8,166.0,C,3,8,,kingfisher_Ready96,17-L,MMC_17,,400.0,E185,1,TIKTAALIK,20.0,384 well plate Grainer,m9134733,plasmid,2026-02-03,50,,P1,kingfisher,Ready96,3.75471518611482800,1501.88607444593120
C9,167.0,C,3,9,,kingfisher_Ready96,17-L,MMC_17,,400.0,E185,1,TIKTAALIK,20.0,384 well plate Grainer,m9134733,plasmid,2026-02-03,50,,P1,kingfisher,Ready96,3.77673217745444400,1510.69287098177760
C10,165.0,C,3,10,,kingfisher_Ready96,17-L,MMC_17,,400.0,E185,1,TIKTAALIK,20.0,384 well plate Grainer,m9134733,plasmid,2026-02-03,50,,P1,kingfisher,Ready96,3.73269819477521200,1493.07927791008480
C11,161.0,C,3,11,,kingfisher_Ready96,17-L,MMC_17,,400.0,E185,1,TIKTAALIK,20.0,384 well plate Grainer,m9134733,plasmid,2026-02-03,50,,P1,kingfisher,Ready96,3.64463022941674900,1457.85209176669970
C12,168.0,C,3,12,,kingfisher_Ready96,17-L,MMC_17,,400.0,E185,1,TIKTAALIK,20.0,384 well plate Grainer,m9134733,plasmid,2026-02-03,50,,P1,kingfisher,Ready96,3.79874916879405950,1519.49966751762370
C13,171.0,C,3,13,,kingfisher_Ready96,17-L,MMC_17,,400.0,E185,1,TIKTAALIK,20.0,384 well plate Grainer,m9134733,plasmid,2026-02-03,50,,P1,kingfisher,Ready96,3.86480014281290700,1545.92005712516290
C14,176.0,C,3,14,,kingfisher_Ready96,17-L,MMC_17,,400.0,E185,1,TIKTAALIK,20.0,384 well plate Grainer,m9134733,plasmid,2026-02-03,50,,P1,kingfisher,Ready96,3.97488509951098660,1589.95403980439460
C15,139.0,C,3,15,,kingfisher_Ready96,17-L,MMC_17,,400.0,E185,1,TIKTAALIK,20.0,384 well plate Grainer,m9134733,plasmid,2026-02-03,50,,P1,kingfisher,Ready96,3.16025641994520030,1264.10256797808000
C16,146.0,C,3,16,,kingfisher_Ready96,17-L,MMC_17,,400.0,E185,1,TIKTAALIK,20.0,384 well plate Grainer,m9134733,plasmid,2026-02-03,50,,P1,kingfisher,Ready96,3.31437535932251140,1325.75014372900450
C17,176.0,C,3,17,,kingfisher_Ready96,17-L,MMC_17,,400.0,E185,1,TIKTAALIK,20.0,384 well plate Grainer,m9134733,plasmid,2026-02-03,50,,P1,kingfisher,Ready96,3.97488509951098660,1589.95403980439460
C18,172.0,C,3,18,,kingfisher_Ready96,17-L,MMC_17,,400.0,E185,1,TIKTAALIK,20.0,384 well plate Grainer,m9134733,plasmid,2026-02-03,50,,P1,kingfisher,Ready96,3.88681713415252300,1554.72685366100930
C19,203.0,C,3,19,,kingfisher_Ready96,17-L,MMC_17,,400.0,E185,1,TIKTAALIK,20.0,384 well plate Grainer,m9134733,plasmid,2026-02-03,50,,P1,kingfisher,Ready96,4.56934386568061400,1827.73754627224570
C20,198.0,C,3,20,,kingfisher_Ready96,17-L,MMC_17,,400.0,E185,1,TIKTAALIK,20.0,384 well plate Grainer,m9134733,plasmid,2026-02-03,50,,P1,kingfisher,Ready96,4.45925890898253500,1783.70356359301400
C21,223.0,C,3,21,,kingfisher_Ready96,17-L,MMC_17,,400.0,E185,1,TIKTAALIK,20.0,384 well plate Grainer,m9134733,plasmid,2026-02-03,50,,P1,kingfisher,Ready96,5.00968369247293000,2003.87347698917200
C22,220.0,C,3,22,,kingfisher_Ready96,17-L,MMC_17,,400.0,E185,1,TIKTAALIK,20.0,384 well plate Grainer,m9134733,plasmid,2026-02-03,50,,P1,kingfisher,Ready96,4.94363271845408300,1977.45308738163320
C23,169.0,C,3,23,,kingfisher_Ready96,17-L,MMC_17,,400.0,E185,1,TIKTAALIK,20.0,384 well plate Grainer,m9134733,plasmid,2026-02-03,50,,P1,kingfisher,Ready96,3.82076616013367550,1528.30646405347000
C24,184.0,C,3,24,,kingfisher_Ready96,17-L,MMC_17,,400.0,E185,1,TIKTAALIK,20.0,384 well plate Grainer,m9134733,plasmid,2026-02-03,50,,P1,kingfisher,Ready96,4.15102103022791300,1660.40841209116500
D1,70.0,D,4,1,,kingfisher_Premium,17-L,MMC_17,,400.0,E185,1,TIKTAALIK,20.0,384 well plate Grainer,m9134733,plasmid,2026-02-03,50,,P1,kingfisher,Premium,1.64108401751170780,656.43360700468320
D2,70.0,D,4,2,,kingfisher_Premium,17-L,MMC_17,,400.0,E185,1,TIKTAALIK,20.0,384 well plate Grainer,m9134733,plasmid,2026-02-03,50,,P1,kingfisher,Premium,1.64108401751170780,656.43360700468320
D3,158.0,D,4,3,,kingfisher_Premium,17-L,MMC_17,,400.0,E185,1,TIKTAALIK,20.0,384 well plate Grainer,m9134733,plasmid,2026-02-03,50,,P1,kingfisher,Premium,3.57857925539790140,1431.43170215916050
D4,180.0,D,4,4,,kingfisher_Premium,17-L,MMC_17,,400.0,E185,1,TIKTAALIK,20.0,384 well plate Grainer,m9134733,plasmid,2026-02-03,50,,P1,kingfisher,Premium,4.06295306486945000,1625.18122594778000
D5,155.0,D,4,5,,kingfisher_Premium,17-L,MMC_17,,400.0,E185,1,TIKTAALIK,20.0,384 well plate Grainer,m9134733,plasmid,2026-02-03,50,,P1,kingfisher,Premium,3.51252828137905400,1405.01131255162160
D6,166.0,D,4,6,,kingfisher_Premium,17-L,MMC_17,,400.0,E185,1,TIKTAALIK,20.0,384 well plate Grainer,m9134733,plasmid,2026-02-03,50,,P1,kingfisher,Premium,3.75471518611482800,1501.88607444593120
D7,176.0,D,4,7,,kingfisher_Premium,17-L,MMC_17,,400.0,E185,1,TIKTAALIK,20.0,384 well plate Grainer,m9134733,plasmid,2026-02-03,50,,P1,kingfisher,Premium,3.97488509951098660,1589.95403980439460
D8,162.0,D,4,8,,kingfisher_Premium,17-L,MMC_17,,400.0,E185,1,TIKTAALIK,20.0,384 well plate Grainer,m9134733,plasmid,2026-02-03,50,,P1,kingfisher,Premium,3.66664722075636450,1466.65888830254580
D9,177.0,D,4,9,,kingfisher_Premium,17-L,MMC_17,,400.0,E185,1,TIKTAALIK,20.0,384 well plate Grainer,m9134733,plasmid,2026-02-03,50,,P1,kingfisher,Premium,3.99690209085060200,1598.76083634024080
D10,173.0,D,4,10,,kingfisher_Premium,17-L,MMC_17,,400.0,E185,1,TIKTAALIK,20.0,384 well plate Grainer,m9134733,plasmid,2026-02-03,50,,P1,kingfisher,Premium,3.90883412549213900,1563.53365019685570
D11,177.0,D,4,11,,kingfisher_Premium,17-L,MMC_17,,400.0,E185,1,TIKTAALIK,20.0,384 well plate Grainer,m9134733,plasmid,2026-02-03,50,,P1,kingfisher,Premium,3.99690209085060200,1598.76083634024080
D12,176.0,D,4,12,,kingfisher_Premium,17-L,MMC_17,,400.0,E185,1,TIKTAALIK,20.0,384 well plate Grainer,m9134733,plasmid,2026-02-03,50,,P1,kingfisher,Premium,3.97488509951098660,1589.95403980439460
D13,159.0,D,4,13,,kingfisher_Premium,17-L,MMC_17,,400.0,E185,1,TIKTAALIK,20.0,384 well plate Grainer,m9134733,plasmid,2026-02-03,50,,P1,kingfisher,Premium,3.60059624673751700,1440.23849869500700
D14,175.0,D,4,14,,kingfisher_Premium,17-L,MMC_17,,400.0,E185,1,TIKTAALIK,20.0,384 well plate Grainer,m9134733,plasmid,2026-02-03,50,,P1,kingfisher,Premium,3.95286810817137060,1581.14724326854820
D15,38.0,D,4,15,,kingfisher_Premium,17-L,MMC_17,,400.0,E185,1,TIKTAALIK,20.0,384 well plate Grainer,m9134733,plasmid,2026-02-03,50,,P1,kingfisher,Premium,0.93654029464400110,374.61611785760044
D16,42.0,D,4,16,,kingfisher_Premium,17-L,MMC_17,,400.0,E185,1,TIKTAALIK,20.0,384 well plate Grainer,m9134733,plasmid,2026-02-03,50,,P1,kingfisher,Premium,1.02460826000246440,409.84330400098577
D17,149.0,D,4,17,,kingfisher_Premium,17-L,MMC_17,,400.0,E185,1,TIKTAALIK,20.0,384 well plate Grainer,m9134733,plasmid,2026-02-03,50,,P1,kingfisher,Premium,3.38042633334135900,1352.17053333654350
D18,162.0,D,4,18,,kingfisher_Premium,17-L,MMC_17,,400.0,E185,1,TIKTAALIK,20.0,384 well plate Grainer,m9134733,plasmid,2026-02-03,50,,P1,kingfisher,Premium,3.66664722075636450,1466.65888830254580
D19,166.0,D,4,19,,kingfisher_Premium,17-L,MMC_17,,400.0,E185,1,TIKTAALIK,20.0,384 well plate Grainer,m9134733,plasmid,2026-02-03,50,,P1,kingfisher,Premium,3.75471518611482800,1501.88607444593120
D20,175.0,D,4,20,,kingfisher_Premium,17-L,MMC_17,,400.0,E185,1,TIKTAALIK,20.0,384 well plate Grainer,m9134733,plasmid,2026-02-03,50,,P1,kingfisher,Premium,3.95286810817137060,1581.14724326854820
D21,212.0,D,4,21,,kingfisher_Premium,17-L,MMC_17,,400.0,E185,1,TIKTAALIK,20.0,384 well plate Grainer,m9134733,plasmid,2026-02-03,50,,P1,kingfisher,Premium,4.76749678773715700,1906.99871509486270
D22,236.0,D,4,22,,kingfisher_Premium,17-L,MMC_17,,400.0,E185,1,TIKTAALIK,20.0,384 well plate Grainer,m9134733,plasmid,2026-02-03,50,,P1,kingfisher,Premium,5.29590457988793600,2118.36183195517420
D23,553.0,D,4,23,,kingfisher_Premium,17-L,MMC_17,,400.0,E185,1,TIKTAALIK,20.0,384 well plate Grainer,m9134733,plasmid,2026-02-03,50,,P1,kingfisher,Premium,12.27529083454615700,4910.11633381846200
D24,635.0,D,4,24,,kingfisher_Premium,17-L,MMC_17,,400.0,E185,1,TIKTAALIK,20.0,384 well plate Grainer,m9134733,plasmid,2026-02-03,50,,P1,kingfisher,Premium,14.08068412439465400,5632.27364975786200
E1,180.0,E,5,1,,kingfisher_Premium,17-L,MMC_17,,400.0,E185,1,TIKTAALIK,20.0,384 well plate Grainer,m9134733,plasmid,2026-02-03,50,,P1,kingfisher,Premium,4.06295306486945000,1625.18122594778000
E2,175.0,E,5,2,,kingfisher_Premium,17-L,MMC_17,,400.0,E185,1,TIKTAALIK,20.0,384 well plate Grainer,m9134733,plasmid,2026-02-03,50,,P1,kingfisher,Premium,3.95286810817137060,1581.14724326854820
E3,147.0,E,5,3,,kingfisher_Premium,17-L,MMC_17,,400.0,E185,1,TIKTAALIK,20.0,384 well plate Grainer,m9134733,plasmid,2026-02-03,50,,P1,kingfisher,Premium,3.33639235066212700,1334.55694026485070
E4,174.0,E,5,4,,kingfisher_Premium,17-L,MMC_17,,400.0,E185,1,TIKTAALIK,20.0,384 well plate Grainer,m9134733,plasmid,2026-02-03,50,,P1,kingfisher,Premium,3.93085111683175460,1572.34044673270180
E5,174.0,E,5,5,,kingfisher_Premium,17-L,MMC_17,,400.0,E185,1,TIKTAALIK,20.0,384 well plate Grainer,m9134733,plasmid,2026-02-03,50,,P1,kingfisher,Premium,3.93085111683175460,1572.34044673270180
E6,188.0,E,5,6,,kingfisher_Premium,17-L,MMC_17,,400.0,E185,1,TIKTAALIK,20.0,384 well plate Grainer,m9134733,plasmid,2026-02-03,50,,P1,kingfisher,Premium,4.23908899558637700,1695.63559823455060
E7,173.0,E,5,7,,kingfisher_Premium,17-L,MMC_17,,400.0,E185,1,TIKTAALIK,20.0,384 well plate Grainer,m9134733,plasmid,2026-02-03,50,,P1,kingfisher,Premium,3.90883412549213900,1563.53365019685570
E8,185.0,E,5,8,,kingfisher_Premium,17-L,MMC_17,,400.0,E185,1,TIKTAALIK,20.0,384 well plate Grainer,m9134733,plasmid,2026-02-03,50,,P1,kingfisher,Premium,4.17303802156752900,1669.21520862701160
E9,176.0,E,5,9,,kingfisher_Premium,17-L,MMC_17,,400.0,E185,1,TIKTAALIK,20.0,384 well plate Grainer,m9134733,plasmid,2026-02-03,50,,P1,kingfisher,Premium,3.97488509951098660,1589.95403980439460
E10,190.0,E,5,10,,kingfisher_Premium,17-L,MMC_17,,400.0,E185,1,TIKTAALIK,20.0,384 well plate Grainer,m9134733,plasmid,2026-02-03,50,,P1,kingfisher,Premium,4.28312297826560800,1713.24919130624310
E11,170.0,E,5,11,,kingfisher_Premium,17-L,MMC_17,,400.0,E185,1,TIKTAALIK,20.0,384 well plate Grainer,m9134733,plasmid,2026-02-03,50,,P1,kingfisher,Premium,3.84278315147329150,1537.11326058931670
E12,192.0,E,5,12,,kingfisher_Premium,17-L,MMC_17,,400.0,E185,1,TIKTAALIK,20.0,384 well plate Grainer,m9134733,plasmid,2026-02-03,50,,P1,kingfisher,Premium,4.32715696094484000,1730.86278437793600
E13,160.0,E,5,13,,kingfisher_Premium,17-L,MMC_17,,400.0,E185,1,TIKTAALIK,20.0,384 well plate Grainer,m9134733,plasmid,2026-02-03,50,,P1,kingfisher,Premium,3.62261323807713300,1449.04529523085330
E14,180.0,E,5,14,,kingfisher_Premium,17-L,MMC_17,,400.0,E185,1,TIKTAALIK,20.0,384 well plate Grainer,m9134733,plasmid,2026-02-03,50,,P1,kingfisher,Premium,4.06295306486945000,1625.18122594778000
E15,134.0,E,5,15,,kingfisher_Premium,17-L,MMC_17,,400.0,E185,1,TIKTAALIK,20.0,384 well plate Grainer,m9134733,plasmid,2026-02-03,50,,P1,kingfisher,Premium,3.05017146324712130,1220.06858529884860
E16,157.0,E,5,16,,kingfisher_Premium,17-L,MMC_17,,400.0,E185,1,TIKTAALIK,20.0,384 well plate Grainer,m9134733,plasmid,2026-02-03,50,,P1,kingfisher,Premium,3.55656226405828550,1422.62490562331410
E17,166.0,E,5,17,,kingfisher_Premium,17-L,MMC_17,,400.0,E185,1,TIKTAALIK,20.0,384 well plate Grainer,m9134733,plasmid,2026-02-03,50,,P1,kingfisher,Premium,3.75471518611482800,1501.88607444593120
E18,181.0,E,5,18,,kingfisher_Premium,17-L,MMC_17,,400.0,E185,1,TIKTAALIK,20.0,384 well plate Grainer,m9134733,plasmid,2026-02-03,50,,P1,kingfisher,Premium,4.08497005620906600,1633.98802248362650
E19,189.0,E,5,19,,kingfisher_Premium,17-L,MMC_17,,400.0,E185,1,TIKTAALIK,20.0,384 well plate Grainer,m9134733,plasmid,2026-02-03,50,,P1,kingfisher,Premium,4.26110598692599200,1704.44239477039700
E20,194.0,E,5,20,,kingfisher_Premium,17-L,MMC_17,,400.0,E185,1,TIKTAALIK,20.0,384 well plate Grainer,m9134733,plasmid,2026-02-03,50,,P1,kingfisher,Premium,4.37119094362407200,1748.47637744962870
E21,210.0,E,5,21,,kingfisher_Premium,17-L,MMC_17,,400.0,E185,1,TIKTAALIK,20.0,384 well plate Grainer,m9134733,plasmid,2026-02-03,50,,P1,kingfisher,Premium,4.72346280505792500,1889.38512202317000
E22,216.0,E,5,22,,kingfisher_Premium,17-L,MMC_17,,400.0,E185,1,TIKTAALIK,20.0,384 well plate Grainer,m9134733,plasmid,2026-02-03,50,,P1,kingfisher,Premium,4.85556475309562000,1942.22590123824780
E23,7.0,E,5,23,,kingfisher_Premium,17-L,MMC_17,,400.0,E185,1,TIKTAALIK,20.0,384 well plate Grainer,m9134733,plasmid,2026-02-03,50,,P1,kingfisher,Premium,0.25401356311591020,101.60542524636409
E24,6.0,E,5,24,,kingfisher_Premium,17-L,MMC_17,,400.0,E185,1,TIKTAALIK,20.0,384 well plate Grainer,m9134733,plasmid,2026-02-03,50,,P1,kingfisher,Premium,0.23199657177629437,92.79862871051775
F1,17.0,F,6,1,,kingfisher_Economy,17-L,MMD_18,,400.0,E185,1,TIKTAALIK,20.0,384 well plate Grainer,m9134733,plasmid,2026-02-03,50,,P1,kingfisher,Economy,0.47418347651206855,189.67339060482743
F2,18.0,F,6,2,,kingfisher_Economy,17-L,MMD_18,,400.0,E185,1,TIKTAALIK,20.0,384 well plate Grainer,m9134733,plasmid,2026-02-03,50,,P1,kingfisher,Economy,0.49620046785168437,198.48018714067373
F3,102.0,F,6,3,,kingfisher_Economy,17-L,MMD_18,,400.0,E185,1,TIKTAALIK,20.0,384 well plate Grainer,m9134733,plasmid,2026-02-03,50,,P1,kingfisher,Economy,2.34562774037941460,938.25109615176590
F4,116.0,F,6,4,,kingfisher_Economy,17-L,MMD_18,,400.0,E185,1,TIKTAALIK,20.0,384 well plate Grainer,m9134733,plasmid,2026-02-03,50,,P1,kingfisher,Economy,2.65386561913403600,1061.54624765361450
F5,114.0,F,6,5,,kingfisher_Economy,17-L,MMD_18,,400.0,E185,1,TIKTAALIK,20.0,384 well plate Grainer,m9134733,plasmid,2026-02-03,50,,P1,kingfisher,Economy,2.60983163645480460,1043.93265458192200
F6,136.0,F,6,6,,kingfisher_Economy,17-L,MMD_18,,400.0,E185,1,TIKTAALIK,20.0,384 well plate Grainer,m9134733,plasmid,2026-02-03,50,,P1,kingfisher,Economy,3.09420544592635300,1237.68217837054110
F7,117.0,F,6,7,,kingfisher_Economy,17-L,MMD_18,,400.0,E185,1,TIKTAALIK,20.0,384 well plate Grainer,m9134733,plasmid,2026-02-03,50,,P1,kingfisher,Economy,2.67588261047365200,1070.35304418946100
F8,115.0,F,6,8,,kingfisher_Economy,17-L,MMD_18,,400.0,E185,1,TIKTAALIK,20.0,384 well plate Grainer,m9134733,plasmid,2026-02-03,50,,P1,kingfisher,Economy,2.63184862779442000,1052.73945111776800
F9,116.0,F,6,9,,kingfisher_Economy,17-L,MMD_18,,400.0,E185,1,TIKTAALIK,20.0,384 well plate Grainer,m9134733,plasmid,2026-02-03,50,,P1,kingfisher,Economy,2.65386561913403600,1061.54624765361450
F10,121.0,F,6,10,,kingfisher_Economy,17-L,MMD_18,,400.0,E185,1,TIKTAALIK,20.0,384 well plate Grainer,m9134733,plasmid,2026-02-03,50,,P1,kingfisher,Economy,2.76395057583211520,1105.58023033284600
F11,111.0,F,6,11,,kingfisher_Economy,17-L,MMD_18,,400.0,E185,1,TIKTAALIK,20.0,384 well plate Grainer,m9134733,plasmid,2026-02-03,50,,P1,kingfisher,Economy,2.54378066243595700,1017.51226497438290
F12,119.0,F,6,12,,kingfisher_Economy,17-L,MMD_18,,400.0,E185,1,TIKTAALIK,20.0,384 well plate Grainer,m9134733,plasmid,2026-02-03,50,,P1,kingfisher,Economy,2.71991659315288370,1087.96663726115340
F13,142.0,F,6,13,,kingfisher_Economy,17-L,MMD_18,,400.0,E185,1,TIKTAALIK,20.0,384 well plate Grainer,m9134733,plasmid,2026-02-03,50,,P1,kingfisher,Economy,3.22630739396404800,1290.52295758561920
F14,152.0,F,6,14,,kingfisher_Economy,17-L,MMD_18,,400.0,E185,1,TIKTAALIK,20.0,384 well plate Grainer,m9134733,plasmid,2026-02-03,50,,P1,kingfisher,Economy,3.44647730736020640,1378.59092294408260
F15,134.0,F,6,15,,kingfisher_Economy,17-L,MMD_18,,400.0,E185,1,TIKTAALIK,20.0,384 well plate Grainer,m9134733,plasmid,2026-02-03,50,,P1,kingfisher,Economy,3.05017146324712130,1220.06858529884860
F16,147.0,F,6,16,,kingfisher_Economy,17-L,MMD_18,,400.0,E185,1,TIKTAALIK,20.0,384 well plate Grainer,m9134733,plasmid,2026-02-03,50,,P1,kingfisher,Economy,3.33639235066212700,1334.55694026485070
F17,147.0,F,6,17,,kingfisher_Economy,17-L,MMD_18,,400.0,E185,1,TIKTAALIK,20.0,384 well plate Grainer,m9134733,plasmid,2026-02-03,50,,P1,kingfisher,Economy,3.33639235066212700,1334.55694026485070
F18,155.0,F,6,18,,kingfisher_Economy,17-L,MMD_18,,400.0,E185,1,TIKTAALIK,20.0,384 well plate Grainer,m9134733,plasmid,2026-02-03,50,,P1,kingfisher,Economy,3.51252828137905400,1405.01131255162160
F19,97.0,F,6,19,,kingfisher_Economy,17-L,MMD_18,,400.0,E185,1,TIKTAALIK,20.0,384 well plate Grainer,m9134733,plasmid,2026-02-03,50,,P1,kingfisher,Economy,2.23554278368133550,894.21711347253430
F20,103.0,F,6,20,,kingfisher_Economy,17-L,MMD_18,,400.0,E185,1,TIKTAALIK,20.0,384 well plate Grainer,m9134733,plasmid,2026-02-03,50,,P1,kingfisher,Economy,2.36764473171903060,947.05789268761230
F21,110.0,F,6,21,,kingfisher_Economy,17-L,MMD_18,,400.0,E185,1,TIKTAALIK,20.0,384 well plate Grainer,m9134733,plasmid,2026-02-03,50,,P1,kingfisher,Economy,2.52176367109634100,1008.70546843853640
F22,121.0,F,6,22,,kingfisher_Economy,17-L,MMD_18,,400.0,E185,1,TIKTAALIK,20.0,384 well plate Grainer,m9134733,plasmid,2026-02-03,50,,P1,kingfisher,Economy,2.76395057583211520,1105.58023033284600
F23,10.0,F,6,23,,kingfisher_Economy,17-L,MMD_18,,400.0,E185,1,TIKTAALIK,20.0,384 well plate Grainer,m9134733,plasmid,2026-02-03,50,,P1,kingfisher,Economy,0.32006453713475770,128.02581485390309
F24,6.0,F,6,24,,kingfisher_Economy,17-L,MMD_18,,400.0,E185,1,TIKTAALIK,20.0,384 well plate Grainer,m9134733,plasmid,2026-02-03,50,,P1,kingfisher,Economy,0.23199657177629437,92.79862871051775
G1,102.0,G,7,1,,kingfisher_Economy,17-L,MMD_18,,400.0,E185,1,TIKTAALIK,20.0,384 well plate Grainer,m9134733,plasmid,2026-02-03,50,,P1,kingfisher,Economy,2.34562774037941460,938.25109615176590
G2,102.0,G,7,2,,kingfisher_Economy,17-L,MMD_18,,400.0,E185,1,TIKTAALIK,20.0,384 well plate Grainer,m9134733,plasmid,2026-02-03,50,,P1,kingfisher,Economy,2.34562774037941460,938.25109615176590
G3,29.0,G,7,3,,kingfisher_Economy,17-L,MMD_18,,400.0,E185,1,TIKTAALIK,20.0,384 well plate Grainer,m9134733,plasmid,2026-02-03,50,,P1,kingfisher,Economy,0.73838737258745860,295.35494903498340
G4,32.0,G,7,4,,kingfisher_Economy,17-L,MMD_18,,400.0,E185,1,TIKTAALIK,20.0,384 well plate Grainer,m9134733,plasmid,2026-02-03,50,,P1,kingfisher,Economy,0.80443834660630610,321.77533864252246
G5,75.0,G,7,5,,kingfisher_Economy,17-L,MMD_18,,400.0,E185,1,TIKTAALIK,20.0,384 well plate Grainer,m9134733,plasmid,2026-02-03,50,,P1,kingfisher,Economy,1.75116897420978700,700.46758968391480
G6,78.0,G,7,6,,kingfisher_Economy,17-L,MMD_18,,400.0,E185,1,TIKTAALIK,20.0,384 well plate Grainer,m9134733,plasmid,2026-02-03,50,,P1,kingfisher,Economy,1.81721994822863440,726.88797929145380
G7,77.0,G,7,7,,kingfisher_Economy,17-L,MMD_18,,400.0,E185,1,TIKTAALIK,20.0,384 well plate Grainer,m9134733,plasmid,2026-02-03,50,,P1,kingfisher,Economy,1.79520295688901870,718.08118275560740
G8,81.0,G,7,8,,kingfisher_Economy,17-L,MMD_18,,400.0,E185,1,TIKTAALIK,20.0,384 well plate Grainer,m9134733,plasmid,2026-02-03,50,,P1,kingfisher,Economy,1.88327092224748200,753.30836889899270
G9,169.0,G,7,9,,kingfisher_Economy,17-L,MMD_18,,400.0,E185,1,TIKTAALIK,20.0,384 well plate Grainer,m9134733,plasmid,2026-02-03,50,,P1,kingfisher,Economy,3.82076616013367550,1528.30646405347000
G10,179.0,G,7,10,,kingfisher_Economy,17-L,MMD_18,,400.0,E185,1,TIKTAALIK,20.0,384 well plate Grainer,m9134733,plasmid,2026-02-03,50,,P1,kingfisher,Economy,4.04093607352983300,1616.37442941193330
G11,96.0,G,7,11,,kingfisher_Economy,17-L,MMD_18,,400.0,E185,1,TIKTAALIK,20.0,384 well plate Grainer,m9134733,plasmid,2026-02-03,50,,P1,kingfisher,Economy,2.21352579234171950,885.41031693668780
G12,101.0,G,7,12,,kingfisher_Economy,17-L,MMD_18,,400.0,E185,1,TIKTAALIK,20.0,384 well plate Grainer,m9134733,plasmid,2026-02-03,50,,P1,kingfisher,Economy,2.32361074903979860,929.44429961591950
G13,106.0,G,7,13,,kingfisher_Economy,17-L,MMD_18,,400.0,E185,1,TIKTAALIK,20.0,384 well plate Grainer,m9134733,plasmid,2026-02-03,50,,P1,kingfisher,Economy,2.43369570573787800,973.47828229515120
G14,114.0,G,7,14,,kingfisher_Economy,17-L,MMD_18,,400.0,E185,1,TIKTAALIK,20.0,384 well plate Grainer,m9134733,plasmid,2026-02-03,50,,P1,kingfisher,Economy,2.60983163645480460,1043.93265458192200
G15,104.0,G,7,15,,kingfisher_Economy,17-L,MMD_18,,400.0,E185,1,TIKTAALIK,20.0,384 well plate Grainer,m9134733,plasmid,2026-02-03,50,,P1,kingfisher,Economy,2.38966172305864600,955.86468922345840
G16,110.0,G,7,16,,kingfisher_Economy,17-L,MMD_18,,400.0,E185,1,TIKTAALIK,20.0,384 well plate Grainer,m9134733,plasmid,2026-02-03,50,,P1,kingfisher,Economy,2.52176367109634100,1008.70546843853640
G17,97.0,G,7,17,,kingfisher_Economy,17-L,MMD_18,,400.0,E185,1,TIKTAALIK,20.0,384 well plate Grainer,m9134733,plasmid,2026-02-03,50,,P1,kingfisher,Economy,2.23554278368133550,894.21711347253430
G18,100.0,G,7,18,,kingfisher_Economy,17-L,MMD_18,,400.0,E185,1,TIKTAALIK,20.0,384 well plate Grainer,m9134733,plasmid,2026-02-03,50,,P1,kingfisher,Economy,2.30159375770018300,920.63750308007320
G19,104.0,G,7,19,,kingfisher_Economy,17-L,MMD_18,,400.0,E185,1,TIKTAALIK,20.0,384 well plate Grainer,m9134733,plasmid,2026-02-03,50,,P1,kingfisher,Economy,2.38966172305864600,955.86468922345840
G20,106.0,G,7,20,,kingfisher_Economy,17-L,MMD_18,,400.0,E185,1,TIKTAALIK,20.0,384 well plate Grainer,m9134733,plasmid,2026-02-03,50,,P1,kingfisher,Economy,2.43369570573787800,973.47828229515120
G21,293.0,G,7,21,,kingfisher_Economy,17-L,MMD_18,,400.0,E185,1,TIKTAALIK,20.0,384 well plate Grainer,m9134733,plasmid,2026-02-03,50,,P1,kingfisher,Economy,6.55087308624603900,2620.34923449841560
G22,294.0,G,7,22,,kingfisher_Economy,17-L,MMD_18,,400.0,E185,1,TIKTAALIK,20.0,384 well plate Grainer,m9134733,plasmid,2026-02-03,50,,P1,kingfisher,Economy,6.57289007758565450,2629.15603103426200
G23,8.0,G,7,23,,kingfisher_Economy,17-L,MMD_18,,400.0,E185,1,TIKTAALIK,20.0,384 well plate Grainer,m9134733,plasmid,2026-02-03,50,,P1,kingfisher,Economy,0.27603055445552604,110.41222178221042
G24,7.0,G,7,24,,kingfisher_Economy,17-L,MMD_18,,400.0,E185,1,TIKTAALIK,20.0,384 well plate Grainer,m9134733,plasmid,2026-02-03,50,,P1,kingfisher,Economy,0.25401356311591020,101.60542524636409
H1,189.0,H,8,1,,kingfisher_control,12-L,MMA_7,,400.0,E185,1,TIKTAALIK,20.0,384 well plate Grainer,m9134733,plasmid,2026-02-03,50,,P1,kingfisher,control,4.26110598692599200,1704.44239477039700
H2,197.0,H,8,2,,kingfisher_control,12-L,MMA_7,,400.0,E185,1,TIKTAALIK,20.0,384 well plate Grainer,m9134733,plasmid,2026-02-03,50,,P1,kingfisher,control,4.43724191764291900,1774.89676705716760
H3,172.0,H,8,3,,kingfisher_control,12-L,MMA_7,,400.0,E185,1,TIKTAALIK,20.0,384 well plate Grainer,m9134733,plasmid,2026-02-03,50,,P1,kingfisher,control,3.88681713415252300,1554.72685366100930
H4,184.0,H,8,4,,kingfisher_control,12-L,MMA_7,,400.0,E185,1,TIKTAALIK,20.0,384 well plate Grainer,m9134733,plasmid,2026-02-03,50,,P1,kingfisher,control,4.15102103022791300,1660.40841209116500
H5,158.0,H,8,5,,kingfisher_control,12-L,MMA_7,,400.0,E185,1,TIKTAALIK,20.0,384 well plate Grainer,m9134733,plasmid,2026-02-03,50,,P1,kingfisher,control,3.57857925539790140,1431.43170215916050
H6,172.0,H,8,6,,kingfisher_control,12-L,MMA_7,,400.0,E185,1,TIKTAALIK,20.0,384 well plate Grainer,m9134733,plasmid,2026-02-03,50,,P1,kingfisher,control,3.88681713415252300,1554.72685366100930
H7,173.0,H,8,7,,kingfisher_control,12-L,MMA_7,,400.0,E185,1,TIKTAALIK,20.0,384 well plate Grainer,m9134733,plasmid,2026-02-03,50,,P1,kingfisher,control,3.90883412549213900,1563.53365019685570
H8,182.0,H,8,8,,kingfisher_control,12-L,MMA_7,,400.0,E185,1,TIKTAALIK,20.0,384 well plate Grainer,m9134733,plasmid,2026-02-03,50,,P1,kingfisher,control,4.10698704754868200,1642.79481901947270
H9,148.0,H,8,9,,kingfisher_control,12-L,MMA_7,,400.0,E185,1,TIKTAALIK,20.0,384 well plate Grainer,m9134733,plasmid,2026-02-03,50,,P1,kingfisher,control,3.35840934200174300,1343.36373680069700
H10,152.0,H,8,10,,kingfisher_control,12-L,MMA_7,,400.0,E185,1,TIKTAALIK,20.0,384 well plate Grainer,m9134733,plasmid,2026-02-03,50,,P1,kingfisher,control,3.44647730736020640,1378.59092294408260
H11,162.0,H,8,11,,kingfisher_control,12-L,MMA_7,,400.0,E185,1,TIKTAALIK,20.0,384 well plate Grainer,m9134733,plasmid,2026-02-03,50,,P1,kingfisher,control,3.66664722075636450,1466.65888830254580
H12,171.0,H,8,12,,kingfisher_control,12-L,MMA_7,,400.0,E185,1,TIKTAALIK,20.0,384 well plate Grainer,m9134733,plasmid,2026-02-03,50,,P1,kingfisher,control,3.86480014281290700,1545.92005712516290
H13,153.0,H,8,13,,kingfisher_control,12-L,MMA_7,,400.0,E185,1,TIKTAALIK,20.0,384 well plate Grainer,m9134733,plasmid,2026-02-03,50,,P1,kingfisher,control,3.46849429869982200,1387.39771947992880
H14,171.0,H,8,14,,kingfisher_control,12-L,MMA_7,,400.0,E185,1,TIKTAALIK,20.0,384 well plate Grainer,m9134733,plasmid,2026-02-03,50,,P1,kingfisher,control,3.86480014281290700,1545.92005712516290
H15,153.0,H,8,15,,kingfisher_control,12-L,MMA_7,,400.0,E185,1,TIKTAALIK,20.0,384 well plate Grainer,m9134733,plasmid,2026-02-03,50,,P1,kingfisher,control,3.46849429869982200,1387.39771947992880
H16,160.0,H,8,16,,kingfisher_control,12-L,MMA_7,,400.0,E185,1,TIKTAALIK,20.0,384 well plate Grainer,m9134733,plasmid,2026-02-03,50,,P1,kingfisher,control,3.62261323807713300,1449.04529523085330
H17,220.0,H,8,17,,kingfisher_control,12-L,MMA_7,,400.0,E185,1,TIKTAALIK,20.0,384 well plate Grainer,m9134733,plasmid,2026-02-03,50,,P1,kingfisher,control,4.94363271845408300,1977.45308738163320
H18,234.0,H,8,18,,kingfisher_control,12-L,MMA_7,,400.0,E185,1,TIKTAALIK,20.0,384 well plate Grainer,m9134733,plasmid,2026-02-03,50,,P1,kingfisher,control,5.25187059720870500,2100.74823888348200
H19,5.0,H,8,19,,,,,,400.0,E185,1,TIKTAALIK,20.0,384 well plate Grainer,m9134733,plasmid,2026-02-03,50,,P1,,,0.20997958043667853,83.99183217467142
H20,5.0,H,8,20,,,,,,400.0,E185,1,TIKTAALIK,20.0,384 well plate Grainer,m9134733,plasmid,2026-02-03,50,,P1,,,0.20997958043667853,83.99183217467142
H21,7.0,H,8,21,,,,,,400.0,E185,1,TIKTAALIK,20.0,384 well plate Grainer,m9134733,plasmid,2026-02-03,50,,P1,,,0.25401356311591020,101.60542524636409
H22,8.0,H,8,22,,,,,,400.0,E185,1,TIKTAALIK,20.0,384 well plate Grainer,m9134733,plasmid,2026-02-03,50,,P1,,,0.27603055445552604,110.41222178221042
H23,6.0,H,8,23,,,,,,400.0,E185,1,TIKTAALIK,20.0,384 well plate Grainer,m9134733,plasmid,2026-02-03,50,,P1,,,0.23199657177629437,92.79862871051775
H24,6.0,H,8,24,,,,,,400.0,E185,1,TIKTAALIK,20.0,384 well plate Grainer,m9134733,plasmid,2026-02-03,50,,P1,,,0.23199657177629437,92.79862871051775
I1,82.0,I,9,1,,tube_Ready96,17-L,MMC_17,,400.0,E185,1,TIKTAALIK,20.0,384 well plate Grainer,m9134733,plasmid,2026-02-03,50,,P1,tube,Ready96,1.90528791358709800,762.11516543483910
I2,88.0,I,9,2,,tube_Ready96,17-L,MMC_17,,400.0,E185,1,TIKTAALIK,20.0,384 well plate Grainer,m9134733,plasmid,2026-02-03,50,,P1,tube,Ready96,2.03738986162479300,814.95594464991720
I3,85.0,I,9,3,,tube_Ready96,17-L,MMC_17,,400.0,E185,1,TIKTAALIK,20.0,384 well plate Grainer,m9134733,plasmid,2026-02-03,50,,P1,tube,Ready96,1.97133888760594540,788.53555504237820
I4,101.0,I,9,4,,tube_Ready96,17-L,MMC_17,,400.0,E185,1,TIKTAALIK,20.0,384 well plate Grainer,m9134733,plasmid,2026-02-03,50,,P1,tube,Ready96,2.32361074903979860,929.44429961591950
I5,80.0,I,9,5,,tube_Ready96,17-L,MMC_17,,400.0,E185,1,TIKTAALIK,20.0,384 well plate Grainer,m9134733,plasmid,2026-02-03,50,,P1,tube,Ready96,1.86125393090786620,744.50157236314650
I6,87.0,I,9,6,,tube_Ready96,17-L,MMC_17,,400.0,E185,1,TIKTAALIK,20.0,384 well plate Grainer,m9134733,plasmid,2026-02-03,50,,P1,tube,Ready96,2.01537287028517700,806.14914811407080
I7,84.0,I,9,7,,tube_Ready96,17-L,MMC_17,,400.0,E185,1,TIKTAALIK,20.0,384 well plate Grainer,m9134733,plasmid,2026-02-03,50,,P1,tube,Ready96,1.94932189626632950,779.72875850653180
I8,94.0,I,9,8,,tube_Ready96,17-L,MMC_17,,400.0,E185,1,TIKTAALIK,20.0,384 well plate Grainer,m9134733,plasmid,2026-02-03,50,,P1,tube,Ready96,2.16949180966248800,867.79672386499520
I9,86.0,I,9,9,,tube_Ready96,17-L,MMC_17,,400.0,E185,1,TIKTAALIK,20.0,384 well plate Grainer,m9134733,plasmid,2026-02-03,50,,P1,tube,Ready96,1.99335587894556120,797.34235157822450
I10,88.0,I,9,10,,tube_Ready96,17-L,MMC_17,,400.0,E185,1,TIKTAALIK,20.0,384 well plate Grainer,m9134733,plasmid,2026-02-03,50,,P1,tube,Ready96,2.03738986162479300,814.95594464991720
I11,95.0,I,9,11,,tube_Ready96,17-L,MMC_17,,400.0,E185,1,TIKTAALIK,20.0,384 well plate Grainer,m9134733,plasmid,2026-02-03,50,,P1,tube,Ready96,2.19150880100210350,876.60352040084140
I12,92.0,I,9,12,,tube_Ready96,17-L,MMC_17,,400.0,E185,1,TIKTAALIK,20.0,384 well plate Grainer,m9134733,plasmid,2026-02-03,50,,P1,tube,Ready96,2.12545782698325600,850.18313079330240
I13,35.0,I,9,13,,Standard - 1,,,1.0,1.0,E185,1,TIKTAALIK,,384 well plate Grainer,m9134733,,2026-02-03,50,,P1,Standard - 1,,0.87048932062515360,0.87048932062515
I14,83.0,I,9,14,,Standard - 2,,,2.0,1.0,E185,1,TIKTAALIK,,384 well plate Grainer,m9134733,,2026-02-03,50,,P1,Standard - 2,,1.92730490492671370,1.92730490492671
I15,183.0,I,9,15,,Standard - 3,,,4.0,1.0,E185,1,TIKTAALIK,,384 well plate Grainer,m9134733,,2026-02-03,50,,P1,Standard - 3,,4.12900403888829700,4.12900403888830
I16,335.0,I,9,16,,Standard - 4,,,8.0,1.0,E185,1,TIKTAALIK,,384 well plate Grainer,m9134733,,2026-02-03,50,,P1,Standard - 4,,7.47558672250990400,7.47558672250990
I17,768.0,I,9,17,,Standard - 5,,,16.0,1.0,E185,1,TIKTAALIK,,384 well plate Grainer,m9134733,,2026-02-03,50,,P1,Standard - 5,,17.00894397256356000,17.00894397256356
I18,1453.0,I,9,18,,Standard - 6,,,32.0,1.0,E185,1,TIKTAALIK,,384 well plate Grainer,m9134733,,2026-02-03,50,,P1,Standard - 6,,32.09058304020041000,32.09058304020041
I19,3014.0,I,9,19,,Standard - 7,,,64.0,1.0,E185,1,TIKTAALIK,,384 well plate Grainer,m9134733,,2026-02-03,50,,P1,Standard - 7,,66.45910652134071000,66.45910652134071
I20,6089.0,I,9,20,,Standard - 8,,,128.0,1.0,E185,1,TIKTAALIK,,384 well plate Grainer,m9134733,,2026-02-03,50,,P1,Standard - 8,,134.16135489065942000,134.16135489065942
I21,58.0,I,9,21,,spike-in,,,,400.0,E185,1,TIKTAALIK,,384 well plate Grainer,m9134733,,2026-02-03,50,,P1,spike-in,,1.37688012143631780,550.75204857452710
I22,195.0,I,9,22,,spike-in,,,,100.0,E185,1,TIKTAALIK,,384 well plate Grainer,m9134733,,2026-02-03,50,,P1,spike-in,,4.39320793496368700,439.32079349636870
I23,9.0,I,9,23,,,,,,,E185,1,TIKTAALIK,,384 well plate Grainer,m9134733,,2026-02-03,50,,P1,,,0.29804754579514187,
I24,6.0,I,9,24,,,,,,,E185,1,TIKTAALIK,,384 well plate Grainer,m9134733,,2026-02-03,50,,P1,,,0.23199657177629437,
J1,344.0,J,10,1,,tube_Premium,17-L,MMC_17,,400.0,E185,1,TIKTAALIK,20.0,384 well plate Grainer,m9134733,plasmid,2026-02-03,50,,P1,tube,Premium,7.67373964456644700,3069.49585782657870
J2,296.0,J,10,2,,tube_Premium,17-L,MMC_17,,400.0,E185,1,TIKTAALIK,20.0,384 well plate Grainer,m9134733,plasmid,2026-02-03,50,,P1,tube,Premium,6.61692406026488600,2646.76962410595500
J3,328.0,J,10,3,,tube_Premium,17-L,MMC_17,,400.0,E185,1,TIKTAALIK,20.0,384 well plate Grainer,m9134733,plasmid,2026-02-03,50,,P1,tube,Premium,7.32146778313259400,2928.58711325303740
J4,365.0,J,10,4,,tube_Premium,17-L,MMC_17,,400.0,E185,1,TIKTAALIK,20.0,384 well plate Grainer,m9134733,plasmid,2026-02-03,50,,P1,tube,Premium,8.13609646269838000,3254.43858507935200
J5,318.0,J,10,5,,tube_Premium,17-L,MMC_17,,400.0,E185,1,TIKTAALIK,20.0,384 well plate Grainer,m9134733,plasmid,2026-02-03,50,,P1,tube,Premium,7.10129786973643500,2840.51914789457400
J6,350.0,J,10,6,,tube_Premium,17-L,MMC_17,,400.0,E185,1,TIKTAALIK,20.0,384 well plate Grainer,m9134733,plasmid,2026-02-03,50,,P1,tube,Premium,7.80584159260414200,3122.33663704165660
J7,367.0,J,10,7,,tube_Premium,17-L,MMC_17,,400.0,E185,1,TIKTAALIK,20.0,384 well plate Grainer,m9134733,plasmid,2026-02-03,50,,P1,tube,Premium,8.18013044537761000,3272.05217815104420
J8,355.0,J,10,8,,tube_Premium,17-L,MMC_17,,400.0,E185,1,TIKTAALIK,20.0,384 well plate Grainer,m9134733,plasmid,2026-02-03,50,,P1,tube,Premium,7.91592654930222000,3166.37061972088800
J9,368.0,J,10,9,,tube_Premium,17-L,MMC_17,,400.0,E185,1,TIKTAALIK,20.0,384 well plate Grainer,m9134733,plasmid,2026-02-03,50,,P1,tube,Premium,8.20214743671722600,3280.85897468689000
J10,362.0,J,10,10,,tube_Premium,17-L,MMC_17,,400.0,E185,1,TIKTAALIK,20.0,384 well plate Grainer,m9134733,plasmid,2026-02-03,50,,P1,tube,Premium,8.07004548867953300,3228.01819547181300
J11,333.0,J,10,11,,tube_Premium,17-L,MMC_17,,400.0,E185,1,TIKTAALIK,20.0,384 well plate Grainer,m9134733,plasmid,2026-02-03,50,,P1,tube,Premium,7.43155273983067200,2972.62109593226900
J12,341.0,J,10,12,,tube_Premium,17-L,MMC_17,,400.0,E185,1,TIKTAALIK,20.0,384 well plate Grainer,m9134733,plasmid,2026-02-03,50,,P1,tube,Premium,7.60768867054759900,3043.07546821903950
J13,32.0,J,10,13,,Standard - 1,,,1.0,1.0,E185,1,TIKTAALIK,,384 well plate Grainer,m9134733,,2026-02-03,50,,P1,Standard - 1,,0.80443834660630610,0.80443834660631
J14,83.0,J,10,14,,Standard - 2,,,2.0,1.0,E185,1,TIKTAALIK,,384 well plate Grainer,m9134733,,2026-02-03,50,,P1,Standard - 2,,1.92730490492671370,1.92730490492671
J15,175.0,J,10,15,,Standard - 3,,,4.0,1.0,E185,1,TIKTAALIK,,384 well plate Grainer,m9134733,,2026-02-03,50,,P1,Standard - 3,,3.95286810817137060,3.95286810817137
J16,367.0,J,10,16,,Standard - 4,,,8.0,1.0,E185,1,TIKTAALIK,,384 well plate Grainer,m9134733,,2026-02-03,50,,P1,Standard - 4,,8.18013044537761000,8.18013044537761
J17,746.0,J,10,17,,Standard - 5,,,16.0,1.0,E185,1,TIKTAALIK,,384 well plate Grainer,m9134733,,2026-02-03,50,,P1,Standard - 5,,16.52457016309201000,16.52457016309201
J18,1454.0,J,10,18,,Standard - 6,,,32.0,1.0,E185,1,TIKTAALIK,,384 well plate Grainer,m9134733,,2026-02-03,50,,P1,Standard - 6,,32.11260003154002600,32.11260003154003
J19,2799.0,J,10,19,,Standard - 7,,,64.0,1.0,E185,1,TIKTAALIK,,384 well plate Grainer,m9134733,,2026-02-03,50,,P1,Standard - 7,,61.72545338332332000,61.72545338332332
J20,5702.0,J,10,20,,Standard - 8,,,128.0,1.0,E185,1,TIKTAALIK,,384 well plate Grainer,m9134733,,2026-02-03,50,,P1,Standard - 8,,125.64077924222809000,125.64077924222809
J21,51.0,J,10,21,,spike-in,,,,400.0,E185,1,TIKTAALIK,,384 well plate Grainer,m9134733,,2026-02-03,50,,P1,spike-in,,1.22276118205900700,489.10447282360280
J22,2205.0,J,10,22,,spike-in,,,,100.0,E185,1,TIKTAALIK,,384 well plate Grainer,m9134733,,2026-02-03,50,,P1,spike-in,,48.64736052759151600,4864.73605275915200
J23,7.0,J,10,23,,,,,,,E185,1,TIKTAALIK,,384 well plate Grainer,m9134733,,2026-02-03,50,,P1,,,0.25401356311591020,
J24,9.0,J,10,24,,,,,,,E185,1,TIKTAALIK,,384 well plate Grainer,m9134733,,2026-02-03,50,,P1,,,0.29804754579514187,
K1,237.0,K,11,1,,tube_Economy,17-L,MMD_18,,400.0,E185,1,TIKTAALIK,20.0,384 well plate Grainer,m9134733,plasmid,2026-02-03,50,,P1,tube,Economy,5.31792157122755250,2127.16862849102100
K2,292.0,K,11,2,,tube_Economy,17-L,MMD_18,,400.0,E185,1,TIKTAALIK,20.0,384 well plate Grainer,m9134733,plasmid,2026-02-03,50,,P1,tube,Economy,6.52885609490642300,2611.54243796256920
K3,332.0,K,11,3,,tube_Economy,17-L,MMD_18,,400.0,E185,1,TIKTAALIK,20.0,384 well plate Grainer,m9134733,plasmid,2026-02-03,50,,P1,tube,Economy,7.40953574849105700,2963.81429939642250
K4,329.0,K,11,4,,tube_Economy,17-L,MMD_18,,400.0,E185,1,TIKTAALIK,20.0,384 well plate Grainer,m9134733,plasmid,2026-02-03,50,,P1,tube,Economy,7.34348477447220900,2937.39390978888400
K5,286.0,K,11,5,,tube_Economy,17-L,MMD_18,,400.0,E185,1,TIKTAALIK,20.0,384 well plate Grainer,m9134733,plasmid,2026-02-03,50,,P1,tube,Economy,6.39675414686872800,2558.70165874749140
K6,283.0,K,11,6,,tube_Economy,17-L,MMD_18,,400.0,E185,1,TIKTAALIK,20.0,384 well plate Grainer,m9134733,plasmid,2026-02-03,50,,P1,tube,Economy,6.33070317284988100,2532.28126913995200
K7,246.0,K,11,7,,tube_Economy,17-L,MMD_18,,400.0,E185,1,TIKTAALIK,20.0,384 well plate Grainer,m9134733,plasmid,2026-02-03,50,,P1,tube,Economy,5.51607449328409500,2206.42979731363800
K8,237.0,K,11,8,,tube_Economy,17-L,MMD_18,,400.0,E185,1,TIKTAALIK,20.0,384 well plate Grainer,m9134733,plasmid,2026-02-03,50,,P1,tube,Economy,5.31792157122755250,2127.16862849102100
K9,5.0,K,11,9,,tube_Economy,17-L,MMD_18,,400.0,E185,1,TIKTAALIK,20.0,384 well plate Grainer,m9134733,plasmid,2026-02-03,50,,P1,tube,Economy,0.20997958043667853,83.99183217467142
K10,7.0,K,11,10,,tube_Economy,17-L,MMD_18,,400.0,E185,1,TIKTAALIK,20.0,384 well plate Grainer,m9134733,plasmid,2026-02-03,50,,P1,tube,Economy,0.25401356311591020,101.60542524636409
K11,274.0,K,11,11,,tube_Economy,17-L,MMD_18,,400.0,E185,1,TIKTAALIK,20.0,384 well plate Grainer,m9134733,plasmid,2026-02-03,50,,P1,tube,Economy,6.13255025079333800,2453.02010031733500
K12,265.0,K,11,12,,tube_Economy,17-L,MMD_18,,400.0,E185,1,TIKTAALIK,20.0,384 well plate Grainer,m9134733,plasmid,2026-02-03,50,,P1,tube,Economy,5.93439732873679600,2373.75893149471800
K13,36.0,K,11,13,,Standard - 1,,,1.0,1.0,E185,1,TIKTAALIK,,384 well plate Grainer,m9134733,,2026-02-03,50,,P1,Standard - 1,,0.89250631196476940,0.89250631196477
K14,83.0,K,11,14,,Standard - 2,,,2.0,1.0,E185,1,TIKTAALIK,,384 well plate Grainer,m9134733,,2026-02-03,50,,P1,Standard - 2,,1.92730490492671370,1.92730490492671
K15,176.0,K,11,15,,Standard - 3,,,4.0,1.0,E185,1,TIKTAALIK,,384 well plate Grainer,m9134733,,2026-02-03,50,,P1,Standard - 3,,3.97488509951098660,3.97488509951099
K16,361.0,K,11,16,,Standard - 4,,,8.0,1.0,E185,1,TIKTAALIK,,384 well plate Grainer,m9134733,,2026-02-03,50,,P1,Standard - 4,,8.04802849733991500,8.04802849733992
K17,707.0,K,11,17,,Standard - 5,,,16.0,1.0,E185,1,TIKTAALIK,,384 well plate Grainer,m9134733,,2026-02-03,50,,P1,Standard - 5,,15.66590750084699500,15.66590750084700
K18,1427.0,K,11,18,,Standard - 6,,,32.0,1.0,E185,1,TIKTAALIK,,384 well plate Grainer,m9134733,,2026-02-03,50,,P1,Standard - 6,,31.51814126537039600,31.51814126537040
K19,2957.0,K,11,19,,Standard - 7,,,64.0,1.0,E185,1,TIKTAALIK,,384 well plate Grainer,m9134733,,2026-02-03,50,,P1,Standard - 7,,65.20413801498262000,65.20413801498262
K20,5572.0,K,11,20,,Standard - 8,,,128.0,1.0,E185,1,TIKTAALIK,,384 well plate Grainer,m9134733,,2026-02-03,50,,P1,Standard - 8,,122.77857036807802000,122.77857036807802
K21,48.0,K,11,21,,spike-in,,,,400.0,E185,1,TIKTAALIK,,384 well plate Grainer,m9134733,,2026-02-03,50,,P1,spike-in,,1.15671020804015940,462.68408321606375
K22,7.0,K,11,22,,,,,,,E185,1,TIKTAALIK,,384 well plate Grainer,m9134733,,2026-02-03,50,,P1,,,0.25401356311591020,
K23,8.0,K,11,23,,,,,,,E185,1,TIKTAALIK,,384 well plate Grainer,m9134733,,2026-02-03,50,,P1,,,0.27603055445552604,
K24,11.0,K,11,24,,,,,,,E185,1,TIKTAALIK,,384 well plate Grainer,m9134733,,2026-02-03,50,,P1,,,0.34208152847437356,
L1,236.0,L,12,1,,secondary_Ready96,15-L,MMC_19,,400.0,E185,1,TIKTAALIK,20.0,384 well plate Grainer,m9134733,plasmid,2026-02-03,50,,P1,secondary,Ready96,5.29590457988793600,2118.36183195517420
L2,248.0,L,12,2,,secondary_Ready96,15-L,MMC_19,,400.0,E185,1,TIKTAALIK,20.0,384 well plate Grainer,m9134733,plasmid,2026-02-03,50,,P1,secondary,Ready96,5.56010847596332600,2224.04339038533040
L3,242.0,L,12,3,,secondary_Ready96,15-L,MMC_19,,400.0,E185,1,TIKTAALIK,20.0,384 well plate Grainer,m9134733,plasmid,2026-02-03,50,,P1,secondary,Ready96,5.42800652792563100,2171.20261117025260
L4,244.0,L,12,4,,secondary_Ready96,15-L,MMC_19,,400.0,E185,1,TIKTAALIK,20.0,384 well plate Grainer,m9134733,plasmid,2026-02-03,50,,P1,secondary,Ready96,5.47204051060486300,2188.81620424194530
L5,245.0,L,12,5,,secondary_Ready96,15-L,MMC_19,,400.0,E185,1,TIKTAALIK,20.0,384 well plate Grainer,m9134733,plasmid,2026-02-03,50,,P1,secondary,Ready96,5.49405750194447900,2197.62300077779130
L6,253.0,L,12,6,,secondary_Ready96,15-L,MMC_19,,400.0,E185,1,TIKTAALIK,20.0,384 well plate Grainer,m9134733,plasmid,2026-02-03,50,,P1,secondary,Ready96,5.67019343266140600,2268.07737306456240
L7,254.0,L,12,7,,secondary_Ready96,15-L,MMC_19,,400.0,E185,1,TIKTAALIK,20.0,384 well plate Grainer,m9134733,plasmid,2026-02-03,50,,P1,secondary,Ready96,5.69221042400102100,2276.88416960040830
L8,261.0,L,12,8,,secondary_Ready96,15-L,MMC_19,,400.0,E185,1,TIKTAALIK,20.0,384 well plate Grainer,m9134733,plasmid,2026-02-03,50,,P1,secondary,Ready96,5.84632936337833300,2338.53174535133300
L9,248.0,L,12,9,,secondary_Ready96,15-L,MMC_19,,400.0,E185,1,TIKTAALIK,20.0,384 well plate Grainer,m9134733,plasmid,2026-02-03,50,,P1,secondary,Ready96,5.56010847596332600,2224.04339038533040
L10,247.0,L,12,10,,secondary_Ready96,15-L,MMC_19,,400.0,E185,1,TIKTAALIK,20.0,384 well plate Grainer,m9134733,plasmid,2026-02-03,50,,P1,secondary,Ready96,5.53809148462371100,2215.23659384948400
L11,241.0,L,12,11,,secondary_Ready96,15-L,MMC_19,,400.0,E185,1,TIKTAALIK,20.0,384 well plate Grainer,m9134733,plasmid,2026-02-03,50,,P1,secondary,Ready96,5.40598953658601560,2162.39581463440600
L12,249.0,L,12,12,,secondary_Ready96,15-L,MMC_19,,400.0,E185,1,TIKTAALIK,20.0,384 well plate Grainer,m9134733,plasmid,2026-02-03,50,,P1,secondary,Ready96,5.58212546730294300,2232.85018692117700
L13,243.0,L,12,13,,secondary_Ready96,15-L,MMC_19,,400.0,E185,1,TIKTAALIK,20.0,384 well plate Grainer,m9134733,plasmid,2026-02-03,50,,P1,secondary,Ready96,5.45002351926524750,2180.00940770609900
L14,260.0,L,12,14,,secondary_Ready96,15-L,MMC_19,,400.0,E185,1,TIKTAALIK,20.0,384 well plate Grainer,m9134733,plasmid,2026-02-03,50,,P1,secondary,Ready96,5.82431237203871600,2329.72494881548660
L15,255.0,L,12,15,,secondary_Ready96,15-L,MMC_19,,400.0,E185,1,TIKTAALIK,20.0,384 well plate Grainer,m9134733,plasmid,2026-02-03,50,,P1,secondary,Ready96,5.71422741534063800,2285.69096613625500
L16,261.0,L,12,16,,secondary_Ready96,15-L,MMC_19,,400.0,E185,1,TIKTAALIK,20.0,384 well plate Grainer,m9134733,plasmid,2026-02-03,50,,P1,secondary,Ready96,5.84632936337833300,2338.53174535133300
L17,219.0,L,12,17,,secondary_Ready96,15-L,MMC_19,,400.0,E185,1,TIKTAALIK,20.0,384 well plate Grainer,m9134733,plasmid,2026-02-03,50,,P1,secondary,Ready96,4.92161572711446700,1968.64629084578700
L18,241.0,L,12,18,,secondary_Ready96,15-L,MMC_19,,400.0,E185,1,TIKTAALIK,20.0,384 well plate Grainer,m9134733,plasmid,2026-02-03,50,,P1,secondary,Ready96,5.40598953658601560,2162.39581463440600
L19,267.0,L,12,19,,secondary_Ready96,15-L,MMC_19,,400.0,E185,1,TIKTAALIK,20.0,384 well plate Grainer,m9134733,plasmid,2026-02-03,50,,P1,secondary,Ready96,5.97843131141602800,2391.37252456641100
L20,270.0,L,12,20,,secondary_Ready96,15-L,MMC_19,,400.0,E185,1,TIKTAALIK,20.0,384 well plate Grainer,m9134733,plasmid,2026-02-03,50,,P1,secondary,Ready96,6.04448228543487500,2417.79291417395000
L21,257.0,L,12,21,,secondary_Ready96,15-L,MMC_19,,400.0,E185,1,TIKTAALIK,20.0,384 well plate Grainer,m9134733,plasmid,2026-02-03,50,,P1,secondary,Ready96,5.75826139801986900,2303.30455920794750
L22,291.0,L,12,22,,secondary_Ready96,15-L,MMC_19,,400.0,E185,1,TIKTAALIK,20.0,384 well plate Grainer,m9134733,plasmid,2026-02-03,50,,P1,secondary,Ready96,6.50683910356680700,2602.73564142672300
L23,261.0,L,12,23,,secondary_Ready96,15-L,MMC_19,,400.0,E185,1,TIKTAALIK,20.0,384 well plate Grainer,m9134733,plasmid,2026-02-03,50,,P1,secondary,Ready96,5.84632936337833300,2338.53174535133300
L24,327.0,L,12,24,,secondary_Ready96,15-L,MMC_19,,400.0,E185,1,TIKTAALIK,20.0,384 well plate Grainer,m9134733,plasmid,2026-02-03,50,,P1,secondary,Ready96,7.29945079179297700,2919.78031671719100
M1,828.0,M,13,1,,kingfisher_Ready96,17-L,MMC_17,,100.0,E185,1,TIKTAALIK,20.0,384 well plate Grainer,m9134733,plasmid,2026-02-03,50,,P1,kingfisher,Ready96,18.32996345294051000,1832.99634529405100
M2,875.0,M,13,2,,kingfisher_Ready96,17-L,MMC_17,,100.0,E185,1,TIKTAALIK,20.0,384 well plate Grainer,m9134733,plasmid,2026-02-03,50,,P1,kingfisher,Ready96,19.36476204590245600,1936.47620459024550
M3,864.0,M,13,3,,kingfisher_Ready96,17-L,MMC_17,,100.0,E185,1,TIKTAALIK,20.0,384 well plate Grainer,m9134733,plasmid,2026-02-03,50,,P1,kingfisher,Ready96,19.12257514116668000,1912.25751411666800
M4,924.0,M,13,4,,kingfisher_Ready96,17-L,MMC_17,,100.0,E185,1,TIKTAALIK,20.0,384 well plate Grainer,m9134733,plasmid,2026-02-03,50,,P1,kingfisher,Ready96,20.44359462154363000,2044.35946215436320
M5,865.0,M,13,5,,kingfisher_Ready96,17-L,MMC_17,,100.0,E185,1,TIKTAALIK,20.0,384 well plate Grainer,m9134733,plasmid,2026-02-03,50,,P1,kingfisher,Ready96,19.14459213250629700,1914.45921325062980
M6,856.0,M,13,6,,kingfisher_Ready96,17-L,MMC_17,,100.0,E185,1,TIKTAALIK,20.0,384 well plate Grainer,m9134733,plasmid,2026-02-03,50,,P1,kingfisher,Ready96,18.94643921044975300,1894.64392104497530
M7,724.0,M,13,7,,kingfisher_Ready96,17-L,MMC_17,,100.0,E185,1,TIKTAALIK,20.0,384 well plate Grainer,m9134733,plasmid,2026-02-03,50,,P1,kingfisher,Ready96,16.04019635362046600,1604.01963536204650
M8,798.0,M,13,8,,kingfisher_Ready96,17-L,MMC_17,,100.0,E185,1,TIKTAALIK,20.0,384 well plate Grainer,m9134733,plasmid,2026-02-03,50,,P1,kingfisher,Ready96,17.66945371275203400,1766.94537127520330
M9,742.0,M,13,9,,kingfisher_Ready96,17-L,MMC_17,,100.0,E185,1,TIKTAALIK,20.0,384 well plate Grainer,m9134733,plasmid,2026-02-03,50,,P1,kingfisher,Ready96,16.43650219773355000,1643.65021977335500
M10,750.0,M,13,10,,kingfisher_Ready96,17-L,MMC_17,,100.0,E185,1,TIKTAALIK,20.0,384 well plate Grainer,m9134733,plasmid,2026-02-03,50,,P1,kingfisher,Ready96,16.61263812845047700,1661.26381284504780
M11,754.0,M,13,11,,kingfisher_Ready96,17-L,MMC_17,,100.0,E185,1,TIKTAALIK,20.0,384 well plate Grainer,m9134733,plasmid,2026-02-03,50,,P1,kingfisher,Ready96,16.70070609380894000,1670.07060938089400
M12,772.0,M,13,12,,kingfisher_Ready96,17-L,MMC_17,,100.0,E185,1,TIKTAALIK,20.0,384 well plate Grainer,m9134733,plasmid,2026-02-03,50,,P1,kingfisher,Ready96,17.09701193792202300,1709.70119379220230
M13,754.0,M,13,13,,kingfisher_Ready96,17-L,MMC_17,,100.0,E185,1,TIKTAALIK,20.0,384 well plate Grainer,m9134733,plasmid,2026-02-03,50,,P1,kingfisher,Ready96,16.70070609380894000,1670.07060938089400
M14,767.0,M,13,14,,kingfisher_Ready96,17-L,MMC_17,,100.0,E185,1,TIKTAALIK,20.0,384 well plate Grainer,m9134733,plasmid,2026-02-03,50,,P1,kingfisher,Ready96,16.98692698122394500,1698.69269812239460
M15,815.0,M,13,15,,kingfisher_Ready96,17-L,MMC_17,,100.0,E185,1,TIKTAALIK,20.0,384 well plate Grainer,m9134733,plasmid,2026-02-03,50,,P1,kingfisher,Ready96,18.04374256552550500,1804.37425655255060
M16,701.0,M,13,16,,kingfisher_Ready96,17-L,MMC_17,,100.0,E185,1,TIKTAALIK,20.0,384 well plate Grainer,m9134733,plasmid,2026-02-03,50,,P1,kingfisher,Ready96,15.53380555280930000,1553.38055528093000
M17,818.0,M,13,17,,kingfisher_Ready96,17-L,MMC_17,,100.0,E185,1,TIKTAALIK,20.0,384 well plate Grainer,m9134733,plasmid,2026-02-03,50,,P1,kingfisher,Ready96,18.10979353954435200,1810.97935395443530
M18,748.0,M,13,18,,kingfisher_Ready96,17-L,MMC_17,,100.0,E185,1,TIKTAALIK,20.0,384 well plate Grainer,m9134733,plasmid,2026-02-03,50,,P1,kingfisher,Ready96,16.56860414577124300,1656.86041457712420
M19,885.0,M,13,19,,kingfisher_Ready96,17-L,MMC_17,,100.0,E185,1,TIKTAALIK,20.0,384 well plate Grainer,m9134733,plasmid,2026-02-03,50,,P1,kingfisher,Ready96,19.58493195929861500,1958.49319592986150
M20,993.0,M,13,20,,kingfisher_Ready96,17-L,MMC_17,,100.0,E185,1,TIKTAALIK,20.0,384 well plate Grainer,m9134733,plasmid,2026-02-03,50,,P1,kingfisher,Ready96,21.96276702397712200,2196.27670239771200
M21,1037.0,M,13,21,,kingfisher_Ready96,17-L,MMC_17,,100.0,E185,1,TIKTAALIK,20.0,384 well plate Grainer,m9134733,plasmid,2026-02-03,50,,P1,kingfisher,Ready96,22.93151464292022000,2293.15146429202200
M22,872.0,M,13,22,,kingfisher_Ready96,17-L,MMC_17,,100.0,E185,1,TIKTAALIK,20.0,384 well plate Grainer,m9134733,plasmid,2026-02-03,50,,P1,kingfisher,Ready96,19.29871107188361000,1929.87110718836080
M23,608.0,M,13,23,,kingfisher_Ready96,17-L,MMC_17,,100.0,E185,1,TIKTAALIK,20.0,384 well plate Grainer,m9134733,plasmid,2026-02-03,50,,P1,kingfisher,Ready96,13.48622535822502800,1348.62253582250290
M24,2927.0,M,13,24,,kingfisher_Ready96,17-L,MMC_17,,100.0,E185,1,TIKTAALIK,20.0,384 well plate Grainer,m9134733,plasmid,2026-02-03,50,,P1,kingfisher,Ready96,64.54362827479414000,6454.36282747941500
N1,884.0,N,14,1,,kingfisher_Ready96,17-L,MMC_17,,100.0,E185,1,TIKTAALIK,20.0,384 well plate Grainer,m9134733,plasmid,2026-02-03,50,,P1,kingfisher,Ready96,19.56291496795900000,1956.29149679590000
N2,326.0,N,14,2,,kingfisher_Premium,17-L,MMC_17,,100.0,E185,1,TIKTAALIK,20.0,384 well plate Grainer,m9134733,plasmid,2026-02-03,50,,P1,kingfisher,Premium,7.27743380045336200,727.74338004533620
N3,831.0,N,14,3,,kingfisher_Ready96,17-L,MMC_17,,100.0,E185,1,TIKTAALIK,20.0,384 well plate Grainer,m9134733,plasmid,2026-02-03,50,,P1,kingfisher,Ready96,18.39601442695935800,1839.60144269593570
N4,769.0,N,14,4,,kingfisher_Premium,17-L,MMC_17,,100.0,E185,1,TIKTAALIK,20.0,384 well plate Grainer,m9134733,plasmid,2026-02-03,50,,P1,kingfisher,Premium,17.03096096390317600,1703.09609639031760
N5,730.0,N,14,5,,kingfisher_Ready96,17-L,MMC_17,,100.0,E185,1,TIKTAALIK,20.0,384 well plate Grainer,m9134733,plasmid,2026-02-03,50,,P1,kingfisher,Ready96,16.17229830165816000,1617.22983016581590
N6,732.0,N,14,6,,kingfisher_Premium,17-L,MMC_17,,100.0,E185,1,TIKTAALIK,20.0,384 well plate Grainer,m9134733,plasmid,2026-02-03,50,,P1,kingfisher,Premium,16.21633228433739000,1621.63322843373900
N7,719.0,N,14,7,,kingfisher_Ready96,17-L,MMC_17,,100.0,E185,1,TIKTAALIK,20.0,384 well plate Grainer,m9134733,plasmid,2026-02-03,50,,P1,kingfisher,Ready96,15.93011139692238500,1593.01113969223840
N8,689.0,N,14,8,,kingfisher_Premium,17-L,MMC_17,,100.0,E185,1,TIKTAALIK,20.0,384 well plate Grainer,m9134733,plasmid,2026-02-03,50,,P1,kingfisher,Premium,15.26960165673391000,1526.96016567339100
N9,789.0,N,14,9,,kingfisher_Ready96,17-L,MMC_17,,100.0,E185,1,TIKTAALIK,20.0,384 well plate Grainer,m9134733,plasmid,2026-02-03,50,,P1,kingfisher,Ready96,17.47130079069549400,1747.13007906954950
N10,769.0,N,14,10,,kingfisher_Premium,17-L,MMC_17,,100.0,E185,1,TIKTAALIK,20.0,384 well plate Grainer,m9134733,plasmid,2026-02-03,50,,P1,kingfisher,Premium,17.03096096390317600,1703.09609639031760
N11,694.0,N,14,11,,kingfisher_Ready96,17-L,MMC_17,,100.0,E185,1,TIKTAALIK,20.0,384 well plate Grainer,m9134733,plasmid,2026-02-03,50,,P1,kingfisher,Ready96,15.37968661343199000,1537.96866134319880
N12,802.0,N,14,12,,kingfisher_Premium,17-L,MMC_17,,100.0,E185,1,TIKTAALIK,20.0,384 well plate Grainer,m9134733,plasmid,2026-02-03,50,,P1,kingfisher,Premium,17.75752167811050000,1775.75216781105000
N13,779.0,N,14,13,,kingfisher_Ready96,17-L,MMC_17,,100.0,E185,1,TIKTAALIK,20.0,384 well plate Grainer,m9134733,plasmid,2026-02-03,50,,P1,kingfisher,Ready96,17.25113087729933500,1725.11308772993360
N14,746.0,N,14,14,,kingfisher_Premium,17-L,MMC_17,,100.0,E185,1,TIKTAALIK,20.0,384 well plate Grainer,m9134733,plasmid,2026-02-03,50,,P1,kingfisher,Premium,16.52457016309201000,1652.45701630920120
N15,678.0,N,14,15,,kingfisher_Ready96,17-L,MMC_17,,100.0,E185,1,TIKTAALIK,20.0,384 well plate Grainer,m9134733,plasmid,2026-02-03,50,,P1,kingfisher,Ready96,15.02741475199813500,1502.74147519981350
N16,162.0,N,14,16,,kingfisher_Premium,17-L,MMC_17,,100.0,E185,1,TIKTAALIK,20.0,384 well plate Grainer,m9134733,plasmid,2026-02-03,50,,P1,kingfisher,Premium,3.66664722075636450,366.66472207563646
N17,796.0,N,14,17,,kingfisher_Ready96,17-L,MMC_17,,100.0,E185,1,TIKTAALIK,20.0,384 well plate Grainer,m9134733,plasmid,2026-02-03,50,,P1,kingfisher,Ready96,17.62541973007280300,1762.54197300728040
N18,783.0,N,14,18,,kingfisher_Premium,17-L,MMC_17,,100.0,E185,1,TIKTAALIK,20.0,384 well plate Grainer,m9134733,plasmid,2026-02-03,50,,P1,kingfisher,Premium,17.33919884265779700,1733.91988426577970
N19,847.0,N,14,19,,kingfisher_Ready96,17-L,MMC_17,,100.0,E185,1,TIKTAALIK,20.0,384 well plate Grainer,m9134733,plasmid,2026-02-03,50,,P1,kingfisher,Ready96,18.74828628839321000,1874.82862883932100
N20,804.0,N,14,20,,kingfisher_Premium,17-L,MMC_17,,100.0,E185,1,TIKTAALIK,20.0,384 well plate Grainer,m9134733,plasmid,2026-02-03,50,,P1,kingfisher,Premium,17.80155566078973000,1780.15556607897320
N21,909.0,N,14,21,,kingfisher_Ready96,17-L,MMC_17,,100.0,E185,1,TIKTAALIK,20.0,384 well plate Grainer,m9134733,plasmid,2026-02-03,50,,P1,kingfisher,Ready96,20.11333975144939500,2011.33397514493960
N22,996.0,N,14,22,,kingfisher_Premium,17-L,MMC_17,,100.0,E185,1,TIKTAALIK,20.0,384 well plate Grainer,m9134733,plasmid,2026-02-03,50,,P1,kingfisher,Premium,22.02881799799597200,2202.88179979959700
N23,730.0,N,14,23,,kingfisher_Ready96,17-L,MMC_17,,100.0,E185,1,TIKTAALIK,20.0,384 well plate Grainer,m9134733,plasmid,2026-02-03,50,,P1,kingfisher,Ready96,16.17229830165816000,1617.22983016581590
N24,2808.0,N,14,24,,kingfisher_Premium,17-L,MMC_17,,100.0,E185,1,TIKTAALIK,20.0,384 well plate Grainer,m9134733,plasmid,2026-02-03,50,,P1,kingfisher,Premium,61.92360630537986000,6192.36063053798600
O1,793.0,O,15,1,,kingfisher_Premium,17-L,MMC_17,,100.0,E185,1,TIKTAALIK,20.0,384 well plate Grainer,m9134733,plasmid,2026-02-03,50,,P1,kingfisher,Premium,17.55936875605395600,1755.93687560539570
O2,54.0,O,15,2,,kingfisher_Economy,17-L,MMD_18,,100.0,E185,1,TIKTAALIK,20.0,384 well plate Grainer,m9134733,plasmid,2026-02-03,50,,P1,kingfisher,Economy,1.28881215607785450,128.88121560778544
O3,753.0,O,15,3,,kingfisher_Premium,17-L,MMC_17,,100.0,E185,1,TIKTAALIK,20.0,384 well plate Grainer,m9134733,plasmid,2026-02-03,50,,P1,kingfisher,Premium,16.67868910246932400,1667.86891024693250
O4,569.0,O,15,4,,kingfisher_Economy,17-L,MMD_18,,100.0,E185,1,TIKTAALIK,20.0,384 well plate Grainer,m9134733,plasmid,2026-02-03,50,,P1,kingfisher,Economy,12.62756269598000900,1262.75626959800100
O5,819.0,O,15,5,,kingfisher_Premium,17-L,MMC_17,,100.0,E185,1,TIKTAALIK,20.0,384 well plate Grainer,m9134733,plasmid,2026-02-03,50,,P1,kingfisher,Premium,18.13181053088396800,1813.18105308839680
O6,597.0,O,15,6,,kingfisher_Economy,17-L,MMD_18,,100.0,E185,1,TIKTAALIK,20.0,384 well plate Grainer,m9134733,plasmid,2026-02-03,50,,P1,kingfisher,Economy,13.24403845348925300,1324.40384534892520
O7,835.0,O,15,7,,kingfisher_Premium,17-L,MMC_17,,100.0,E185,1,TIKTAALIK,20.0,384 well plate Grainer,m9134733,plasmid,2026-02-03,50,,P1,kingfisher,Premium,18.48408239231782000,1848.40823923178200
O8,504.0,O,15,8,,kingfisher_Economy,17-L,MMD_18,,100.0,E185,1,TIKTAALIK,20.0,384 well plate Grainer,m9134733,plasmid,2026-02-03,50,,P1,kingfisher,Economy,11.19645825890498000,1119.64582589049810
O9,862.0,O,15,9,,kingfisher_Premium,17-L,MMC_17,,100.0,E185,1,TIKTAALIK,20.0,384 well plate Grainer,m9134733,plasmid,2026-02-03,50,,P1,kingfisher,Premium,19.07854115848745000,1907.85411584874500
O10,478.0,O,15,10,,kingfisher_Economy,17-L,MMD_18,,100.0,E185,1,TIKTAALIK,20.0,384 well plate Grainer,m9134733,plasmid,2026-02-03,50,,P1,kingfisher,Economy,10.62401648407496800,1062.40164840749690
O11,829.0,O,15,11,,kingfisher_Premium,17-L,MMC_17,,100.0,E185,1,TIKTAALIK,20.0,384 well plate Grainer,m9134733,plasmid,2026-02-03,50,,P1,kingfisher,Premium,18.35198044428012700,1835.19804442801270
O12,513.0,O,15,12,,kingfisher_Economy,17-L,MMD_18,,100.0,E185,1,TIKTAALIK,20.0,384 well plate Grainer,m9134733,plasmid,2026-02-03,50,,P1,kingfisher,Economy,11.39461118096152200,1139.46111809615220
O13,765.0,O,15,13,,kingfisher_Premium,17-L,MMC_17,,100.0,E185,1,TIKTAALIK,20.0,384 well plate Grainer,m9134733,plasmid,2026-02-03,50,,P1,kingfisher,Premium,16.94289299854471400,1694.28929985447140
O14,581.0,O,15,14,,kingfisher_Economy,17-L,MMD_18,,100.0,E185,1,TIKTAALIK,20.0,384 well plate Grainer,m9134733,plasmid,2026-02-03,50,,P1,kingfisher,Economy,12.89176659205539900,1289.17665920553990
O15,672.0,O,15,15,,kingfisher_Premium,17-L,MMC_17,,100.0,E185,1,TIKTAALIK,20.0,384 well plate Grainer,m9134733,plasmid,2026-02-03,50,,P1,kingfisher,Premium,14.89531280396044000,1489.53128039604400
O16,596.0,O,15,16,,kingfisher_Economy,17-L,MMD_18,,100.0,E185,1,TIKTAALIK,20.0,384 well plate Grainer,m9134733,plasmid,2026-02-03,50,,P1,kingfisher,Economy,13.22202146214963700,1322.20214621496370
O17,788.0,O,15,17,,kingfisher_Premium,17-L,MMC_17,,100.0,E185,1,TIKTAALIK,20.0,384 well plate Grainer,m9134733,plasmid,2026-02-03,50,,P1,kingfisher,Premium,17.44928379935588000,1744.92837993558780
O18,669.0,O,15,18,,kingfisher_Economy,17-L,MMD_18,,100.0,E185,1,TIKTAALIK,20.0,384 well plate Grainer,m9134733,plasmid,2026-02-03,50,,P1,kingfisher,Economy,14.82926182994159300,1482.92618299415930
O19,796.0,O,15,19,,kingfisher_Premium,17-L,MMC_17,,100.0,E185,1,TIKTAALIK,20.0,384 well plate Grainer,m9134733,plasmid,2026-02-03,50,,P1,kingfisher,Premium,17.62541973007280300,1762.54197300728040
O20,384.0,O,15,20,,kingfisher_Economy,17-L,MMD_18,,100.0,E185,1,TIKTAALIK,20.0,384 well plate Grainer,m9134733,plasmid,2026-02-03,50,,P1,kingfisher,Economy,8.55441929815108000,855.44192981510800
O21,792.0,O,15,21,,kingfisher_Premium,17-L,MMC_17,,100.0,E185,1,TIKTAALIK,20.0,384 well plate Grainer,m9134733,plasmid,2026-02-03,50,,P1,kingfisher,Premium,17.53735176471434000,1753.73517647143400
O22,445.0,O,15,22,,kingfisher_Economy,17-L,MMD_18,,100.0,E185,1,TIKTAALIK,20.0,384 well plate Grainer,m9134733,plasmid,2026-02-03,50,,P1,kingfisher,Economy,9.89745576986764600,989.74557698676460
O23,7.0,O,15,23,,kingfisher_Premium,17-L,MMC_17,,100.0,E185,1,TIKTAALIK,20.0,384 well plate Grainer,m9134733,plasmid,2026-02-03,50,,P1,kingfisher,Premium,0.25401356311591020,25.40135631159102
O24,9.0,O,15,24,,kingfisher_Economy,17-L,MMD_18,,100.0,E185,1,TIKTAALIK,20.0,384 well plate Grainer,m9134733,plasmid,2026-02-03,50,,P1,kingfisher,Economy,0.29804754579514187,29.80475457951419
P1,492.0,P,16,1,,kingfisher_Economy,17-L,MMD_18,,100.0,E185,1,TIKTAALIK,20.0,384 well plate Grainer,m9134733,plasmid,2026-02-03,50,,P1,kingfisher,Economy,10.93225436282959000,1093.22543628295900
P2,911.0,P,16,2,,kingfisher_control,12-L,MMA_7,,100.0,E185,1,TIKTAALIK,20.0,384 well plate Grainer,m9134733,plasmid,2026-02-03,50,,P1,kingfisher,control,20.15737373412862600,2015.73737341286260
P3,124.0,P,16,3,,kingfisher_Economy,17-L,MMD_18,,100.0,E185,1,TIKTAALIK,20.0,384 well plate Grainer,m9134733,plasmid,2026-02-03,50,,P1,kingfisher,Economy,2.83000154985096270,283.00015498509630
P4,868.0,P,16,4,,kingfisher_control,12-L,MMA_7,,100.0,E185,1,TIKTAALIK,20.0,384 well plate Grainer,m9134733,plasmid,2026-02-03,50,,P1,kingfisher,control,19.21064310652514400,1921.06431065251450
P5,340.0,P,16,5,,kingfisher_Economy,17-L,MMD_18,,100.0,E185,1,TIKTAALIK,20.0,384 well plate Grainer,m9134733,plasmid,2026-02-03,50,,P1,kingfisher,Economy,7.58567167920798400,758.56716792079840
P6,778.0,P,16,6,,kingfisher_control,12-L,MMA_7,,100.0,E185,1,TIKTAALIK,20.0,384 well plate Grainer,m9134733,plasmid,2026-02-03,50,,P1,kingfisher,control,17.22911388595972000,1722.91138859597190
P7,298.0,P,16,7,,kingfisher_Economy,17-L,MMD_18,,100.0,E185,1,TIKTAALIK,20.0,384 well plate Grainer,m9134733,plasmid,2026-02-03,50,,P1,kingfisher,Economy,6.66095804294411800,666.09580429441190
P8,809.0,P,16,8,,kingfisher_control,12-L,MMA_7,,100.0,E185,1,TIKTAALIK,20.0,384 well plate Grainer,m9134733,plasmid,2026-02-03,50,,P1,kingfisher,control,17.91164061748781000,1791.16406174878080
P9,690.0,P,16,9,,kingfisher_Economy,17-L,MMD_18,,100.0,E185,1,TIKTAALIK,20.0,384 well plate Grainer,m9134733,plasmid,2026-02-03,50,,P1,kingfisher,Economy,15.29161864807352500,1529.16186480735250
P10,628.0,P,16,10,,kingfisher_control,12-L,MMA_7,,100.0,E185,1,TIKTAALIK,20.0,384 well plate Grainer,m9134733,plasmid,2026-02-03,50,,P1,kingfisher,control,13.92656518501734400,1392.65651850173440
P11,388.0,P,16,11,,kingfisher_Economy,17-L,MMD_18,,100.0,E185,1,TIKTAALIK,20.0,384 well plate Grainer,m9134733,plasmid,2026-02-03,50,,P1,kingfisher,Economy,8.64248726350954400,864.24872635095440
P12,766.0,P,16,12,,kingfisher_control,12-L,MMA_7,,100.0,E185,1,TIKTAALIK,20.0,384 well plate Grainer,m9134733,plasmid,2026-02-03,50,,P1,kingfisher,control,16.96490998988433000,1696.49099898843300
P13,437.0,P,16,13,,kingfisher_Economy,17-L,MMD_18,,100.0,E185,1,TIKTAALIK,20.0,384 well plate Grainer,m9134733,plasmid,2026-02-03,50,,P1,kingfisher,Economy,9.72131983915072000,972.13198391507190
P14,664.0,P,16,14,,kingfisher_control,12-L,MMA_7,,100.0,E185,1,TIKTAALIK,20.0,384 well plate Grainer,m9134733,plasmid,2026-02-03,50,,P1,kingfisher,control,14.71917687324351400,1471.91768732435140
P15,402.0,P,16,15,,kingfisher_Economy,17-L,MMD_18,,100.0,E185,1,TIKTAALIK,20.0,384 well plate Grainer,m9134733,plasmid,2026-02-03,50,,P1,kingfisher,Economy,8.95072514226416500,895.07251422641650
P16,715.0,P,16,16,,kingfisher_control,12-L,MMA_7,,100.0,E185,1,TIKTAALIK,20.0,384 well plate Grainer,m9134733,plasmid,2026-02-03,50,,P1,kingfisher,control,15.84204343156392100,1584.20434315639200
P17,381.0,P,16,17,,kingfisher_Economy,17-L,MMD_18,,100.0,E185,1,TIKTAALIK,20.0,384 well plate Grainer,m9134733,plasmid,2026-02-03,50,,P1,kingfisher,Economy,8.48836832413223300,848.83683241322330
P18,979.0,P,16,18,,kingfisher_control,12-L,MMA_7,,100.0,E185,1,TIKTAALIK,20.0,384 well plate Grainer,m9134733,plasmid,2026-02-03,50,,P1,kingfisher,control,21.65452914522250000,2165.45291452225000
P19,401.0,P,16,19,,kingfisher_Economy,17-L,MMD_18,,100.0,E185,1,TIKTAALIK,20.0,384 well plate Grainer,m9134733,plasmid,2026-02-03,50,,P1,kingfisher,Economy,8.92870815092455000,892.87081509245490
P20,6.0,P,16,20,,kingfisher_control,12-L,MMA_7,,100.0,E185,1,TIKTAALIK,20.0,384 well plate Grainer,m9134733,plasmid,2026-02-03,50,,P1,kingfisher,control,0.23199657177629437,23.19965717762944
P21,1052.0,P,16,21,,kingfisher_Economy,17-L,MMD_18,,100.0,E185,1,TIKTAALIK,20.0,384 well plate Grainer,m9134733,plasmid,2026-02-03,50,,P1,kingfisher,Economy,23.26176951301445700,2326.17695130144560
P22,7.0,P,16,22,,kingfisher_control,12-L,MMA_7,,100.0,E185,1,TIKTAALIK,20.0,384 well plate Grainer,m9134733,plasmid,2026-02-03,50,,P1,kingfisher,control,0.25401356311591020,25.40135631159102
P23,9.0,P,16,23,,kingfisher_Economy,17-L,MMD_18,,100.0,E185,1,TIKTAALIK,20.0,384 well plate Grainer,m9134733,plasmid,2026-02-03,50,,P1,kingfisher,Economy,0.29804754579514187,29.80475457951419
P24,6.0,P,16,24,,kingfisher_control,12-L,MMA_7,,100.0,E185,1,TIKTAALIK,20.0,384 well plate Grainer,m9134733,plasmid,2026-02-03,50,,P1,kingfisher,control,0.23199657177629437,23.19965717762944
A1,591.0,A,1,1,,kingfisher_Ready96,17-L,MMC_17,,200.0,E185,1,TIKTAALIK,20.0,384 well plate Grainer,m9134733,plasmid,2026-02-03,50,,P6,kingfisher,Ready96,11.79688356886020600,2359.37671377204100
A2,508.0,A,1,2,,kingfisher_Ready96,17-L,MMC_17,,200.0,E185,1,TIKTAALIK,20.0,384 well plate Grainer,m9134733,plasmid,2026-02-03,50,,P6,kingfisher,Ready96,10.13019156857556900,2026.03831371511390
A3,615.0,A,1,3,,kingfisher_Ready96,17-L,MMC_17,,200.0,E185,1,TIKTAALIK,20.0,384 well plate Grainer,m9134733,plasmid,2026-02-03,50,,P6,kingfisher,Ready96,12.27881860508709000,2455.76372101741800
A4,601.0,A,1,4,,kingfisher_Ready96,17-L,MMC_17,,200.0,E185,1,TIKTAALIK,20.0,384 well plate Grainer,m9134733,plasmid,2026-02-03,50,,P6,kingfisher,Ready96,11.99768983395474100,2399.53796679094830
A5,551.0,A,1,5,,kingfisher_Ready96,17-L,MMC_17,,200.0,E185,1,TIKTAALIK,20.0,384 well plate Grainer,m9134733,plasmid,2026-02-03,50,,P6,kingfisher,Ready96,10.99365850848206700,2198.73170169641340
A6,551.0,A,1,6,,kingfisher_Ready96,17-L,MMC_17,,200.0,E185,1,TIKTAALIK,20.0,384 well plate Grainer,m9134733,plasmid,2026-02-03,50,,P6,kingfisher,Ready96,10.99365850848206700,2198.73170169641340
A7,542.0,A,1,7,,kingfisher_Ready96,17-L,MMC_17,,200.0,E185,1,TIKTAALIK,20.0,384 well plate Grainer,m9134733,plasmid,2026-02-03,50,,P6,kingfisher,Ready96,10.81293286989698600,2162.58657397939700
A8,540.0,A,1,8,,kingfisher_Ready96,17-L,MMC_17,,200.0,E185,1,TIKTAALIK,20.0,384 well plate Grainer,m9134733,plasmid,2026-02-03,50,,P6,kingfisher,Ready96,10.77277161687808000,2154.55432337561600
A9,593.0,A,1,9,,kingfisher_Ready96,17-L,MMC_17,,200.0,E185,1,TIKTAALIK,20.0,384 well plate Grainer,m9134733,plasmid,2026-02-03,50,,P6,kingfisher,Ready96,11.83704482187911300,2367.40896437582250
A10,531.0,A,1,10,,kingfisher_Ready96,17-L,MMC_17,,200.0,E185,1,TIKTAALIK,20.0,384 well plate Grainer,m9134733,plasmid,2026-02-03,50,,P6,kingfisher,Ready96,10.59204597829299700,2118.40919565859940
A11,544.0,A,1,11,,kingfisher_Ready96,17-L,MMC_17,,200.0,E185,1,TIKTAALIK,20.0,384 well plate Grainer,m9134733,plasmid,2026-02-03,50,,P6,kingfisher,Ready96,10.85309412291589300,2170.61882458317860
A12,542.0,A,1,12,,kingfisher_Ready96,17-L,MMC_17,,200.0,E185,1,TIKTAALIK,20.0,384 well plate Grainer,m9134733,plasmid,2026-02-03,50,,P6,kingfisher,Ready96,10.81293286989698600,2162.58657397939700
A13,526.0,A,1,13,,kingfisher_Ready96,17-L,MMC_17,,200.0,E185,1,TIKTAALIK,20.0,384 well plate Grainer,m9134733,plasmid,2026-02-03,50,,P6,kingfisher,Ready96,10.49164284574573000,2098.32856914914600
A14,568.0,A,1,14,,kingfisher_Ready96,17-L,MMC_17,,200.0,E185,1,TIKTAALIK,20.0,384 well plate Grainer,m9134733,plasmid,2026-02-03,50,,P6,kingfisher,Ready96,11.33502915914277600,2267.00583182855500
A15,525.0,A,1,15,,kingfisher_Ready96,17-L,MMC_17,,200.0,E185,1,TIKTAALIK,20.0,384 well plate Grainer,m9134733,plasmid,2026-02-03,50,,P6,kingfisher,Ready96,10.47156221923627800,2094.31244384725550
A16,551.0,A,1,16,,kingfisher_Ready96,17-L,MMC_17,,200.0,E185,1,TIKTAALIK,20.0,384 well plate Grainer,m9134733,plasmid,2026-02-03,50,,P6,kingfisher,Ready96,10.99365850848206700,2198.73170169641340
A17,498.0,A,1,17,,kingfisher_Ready96,17-L,MMC_17,,200.0,E185,1,TIKTAALIK,20.0,384 well plate Grainer,m9134733,plasmid,2026-02-03,50,,P6,kingfisher,Ready96,9.92938530348103400,1985.87706069620690
A18,570.0,A,1,18,,kingfisher_Ready96,17-L,MMC_17,,200.0,E185,1,TIKTAALIK,20.0,384 well plate Grainer,m9134733,plasmid,2026-02-03,50,,P6,kingfisher,Ready96,11.37519041216168400,2275.03808243233700
A19,547.0,A,1,19,,kingfisher_Ready96,17-L,MMC_17,,200.0,E185,1,TIKTAALIK,20.0,384 well plate Grainer,m9134733,plasmid,2026-02-03,50,,P6,kingfisher,Ready96,10.91333600244425400,2182.66720048885050
A20,601.0,A,1,20,,kingfisher_Ready96,17-L,MMC_17,,200.0,E185,1,TIKTAALIK,20.0,384 well plate Grainer,m9134733,plasmid,2026-02-03,50,,P6,kingfisher,Ready96,11.99768983395474100,2399.53796679094830
A21,546.0,A,1,21,,kingfisher_Ready96,17-L,MMC_17,,200.0,E185,1,TIKTAALIK,20.0,384 well plate Grainer,m9134733,plasmid,2026-02-03,50,,P6,kingfisher,Ready96,10.89325537593480000,2178.65107518696000
A22,548.0,A,1,22,,kingfisher_Ready96,17-L,MMC_17,,200.0,E185,1,TIKTAALIK,20.0,384 well plate Grainer,m9134733,plasmid,2026-02-03,50,,P6,kingfisher,Ready96,10.93341662895370800,2186.68332579074150
A23,431.0,A,1,23,,kingfisher_Ready96,17-L,MMC_17,,200.0,E185,1,TIKTAALIK,20.0,384 well plate Grainer,m9134733,plasmid,2026-02-03,50,,P6,kingfisher,Ready96,8.58398332734765100,1716.79666546953010
A24,600.0,A,1,24,,kingfisher_Ready96,17-L,MMC_17,,200.0,E185,1,TIKTAALIK,20.0,384 well plate Grainer,m9134733,plasmid,2026-02-03,50,,P6,kingfisher,Ready96,11.97760920744528900,2395.52184148905800
B1,273.0,B,2,1,,kingfisher_Ready96,17-L,MMC_17,,400.0,E185,1,TIKTAALIK,20.0,384 well plate Grainer,m9134733,plasmid,2026-02-03,50,,P6,kingfisher,Ready96,5.41124433885400100,2164.49773554160040
B2,244.0,B,2,2,,kingfisher_Ready96,17-L,MMC_17,,400.0,E185,1,TIKTAALIK,20.0,384 well plate Grainer,m9134733,plasmid,2026-02-03,50,,P6,kingfisher,Ready96,4.82890617007985100,1931.56246803194020
B3,287.0,B,2,3,,kingfisher_Ready96,17-L,MMC_17,,400.0,E185,1,TIKTAALIK,20.0,384 well plate Grainer,m9134733,plasmid,2026-02-03,50,,P6,kingfisher,Ready96,5.69237310998635000,2276.94924399453980
B4,273.0,B,2,4,,kingfisher_Ready96,17-L,MMC_17,,400.0,E185,1,TIKTAALIK,20.0,384 well plate Grainer,m9134733,plasmid,2026-02-03,50,,P6,kingfisher,Ready96,5.41124433885400100,2164.49773554160040
B5,277.0,B,2,5,,kingfisher_Ready96,17-L,MMC_17,,400.0,E185,1,TIKTAALIK,20.0,384 well plate Grainer,m9134733,plasmid,2026-02-03,50,,P6,kingfisher,Ready96,5.49156684489181500,2196.62673795672600
B6,246.0,B,2,6,,kingfisher_Ready96,17-L,MMC_17,,400.0,E185,1,TIKTAALIK,20.0,384 well plate Grainer,m9134733,plasmid,2026-02-03,50,,P6,kingfisher,Ready96,4.86906742309875700,1947.62696923950280
B7,279.0,B,2,7,,kingfisher_Ready96,17-L,MMC_17,,400.0,E185,1,TIKTAALIK,20.0,384 well plate Grainer,m9134733,plasmid,2026-02-03,50,,P6,kingfisher,Ready96,5.53172809791072150,2212.69123916428860
B8,242.0,B,2,8,,kingfisher_Ready96,17-L,MMC_17,,400.0,E185,1,TIKTAALIK,20.0,384 well plate Grainer,m9134733,plasmid,2026-02-03,50,,P6,kingfisher,Ready96,4.78874491706094300,1915.49796682437730
B9,276.0,B,2,9,,kingfisher_Ready96,17-L,MMC_17,,400.0,E185,1,TIKTAALIK,20.0,384 well plate Grainer,m9134733,plasmid,2026-02-03,50,,P6,kingfisher,Ready96,5.47148621838236200,2188.59448735294470
B10,242.0,B,2,10,,kingfisher_Ready96,17-L,MMC_17,,400.0,E185,1,TIKTAALIK,20.0,384 well plate Grainer,m9134733,plasmid,2026-02-03,50,,P6,kingfisher,Ready96,4.78874491706094300,1915.49796682437730
B11,277.0,B,2,11,,kingfisher_Ready96,17-L,MMC_17,,400.0,E185,1,TIKTAALIK,20.0,384 well plate Grainer,m9134733,plasmid,2026-02-03,50,,P6,kingfisher,Ready96,5.49156684489181500,2196.62673795672600
B12,238.0,B,2,12,,kingfisher_Ready96,17-L,MMC_17,,400.0,E185,1,TIKTAALIK,20.0,384 well plate Grainer,m9134733,plasmid,2026-02-03,50,,P6,kingfisher,Ready96,4.70842241102312900,1883.36896440925150
B13,272.0,B,2,13,,kingfisher_Ready96,17-L,MMC_17,,400.0,E185,1,TIKTAALIK,20.0,384 well plate Grainer,m9134733,plasmid,2026-02-03,50,,P6,kingfisher,Ready96,5.39116371234454750,2156.46548493781900
B14,256.0,B,2,14,,kingfisher_Ready96,17-L,MMC_17,,400.0,E185,1,TIKTAALIK,20.0,384 well plate Grainer,m9134733,plasmid,2026-02-03,50,,P6,kingfisher,Ready96,5.06987368819329200,2027.94947527731690
B15,268.0,B,2,15,,kingfisher_Ready96,17-L,MMC_17,,400.0,E185,1,TIKTAALIK,20.0,384 well plate Grainer,m9134733,plasmid,2026-02-03,50,,P6,kingfisher,Ready96,5.31084120630673300,2124.33648252269360
B16,267.0,B,2,16,,kingfisher_Ready96,17-L,MMC_17,,400.0,E185,1,TIKTAALIK,20.0,384 well plate Grainer,m9134733,plasmid,2026-02-03,50,,P6,kingfisher,Ready96,5.29076057979728000,2116.30423191891200
B17,250.0,B,2,17,,kingfisher_Ready96,17-L,MMC_17,,400.0,E185,1,TIKTAALIK,20.0,384 well plate Grainer,m9134733,plasmid,2026-02-03,50,,P6,kingfisher,Ready96,4.94938992913657100,1979.75597165462840
B18,248.0,B,2,18,,kingfisher_Ready96,17-L,MMC_17,,400.0,E185,1,TIKTAALIK,20.0,384 well plate Grainer,m9134733,plasmid,2026-02-03,50,,P6,kingfisher,Ready96,4.90922867611766400,1963.69147044706550
B19,281.0,B,2,19,,kingfisher_Ready96,17-L,MMC_17,,400.0,E185,1,TIKTAALIK,20.0,384 well plate Grainer,m9134733,plasmid,2026-02-03,50,,P6,kingfisher,Ready96,5.57188935092962900,2228.75574037185150
B20,278.0,B,2,20,,kingfisher_Ready96,17-L,MMC_17,,400.0,E185,1,TIKTAALIK,20.0,384 well plate Grainer,m9134733,plasmid,2026-02-03,50,,P6,kingfisher,Ready96,5.51164747140126800,2204.65898856050700
B21,271.0,B,2,21,,kingfisher_Ready96,17-L,MMC_17,,400.0,E185,1,TIKTAALIK,20.0,384 well plate Grainer,m9134733,plasmid,2026-02-03,50,,P6,kingfisher,Ready96,5.37108308583509400,2148.43323433403750
B22,251.0,B,2,22,,kingfisher_Ready96,17-L,MMC_17,,400.0,E185,1,TIKTAALIK,20.0,384 well plate Grainer,m9134733,plasmid,2026-02-03,50,,P6,kingfisher,Ready96,4.96947055564602500,1987.78822225840990
B23,270.0,B,2,23,,kingfisher_Ready96,17-L,MMC_17,,400.0,E185,1,TIKTAALIK,20.0,384 well plate Grainer,m9134733,plasmid,2026-02-03,50,,P6,kingfisher,Ready96,5.35100245932564100,2140.40098373025650
B24,230.0,B,2,24,,kingfisher_Ready96,17-L,MMC_17,,400.0,E185,1,TIKTAALIK,20.0,384 well plate Grainer,m9134733,plasmid,2026-02-03,50,,P6,kingfisher,Ready96,4.54777739894750200,1819.11095957900060
C1,574.0,C,3,1,,kingfisher_Premium,17-L,MMC_17,,200.0,E185,1,TIKTAALIK,20.0,384 well plate Grainer,m9134733,plasmid,2026-02-03,50,,P6,kingfisher,Premium,11.45551291819949700,2291.10258363989940
C2,558.0,C,3,2,,kingfisher_Premium,17-L,MMC_17,,200.0,E185,1,TIKTAALIK,20.0,384 well plate Grainer,m9134733,plasmid,2026-02-03,50,,P6,kingfisher,Premium,11.13422289404824100,2226.84457880964830
C3,529.0,C,3,3,,kingfisher_Premium,17-L,MMC_17,,200.0,E185,1,TIKTAALIK,20.0,384 well plate Grainer,m9134733,plasmid,2026-02-03,50,,P6,kingfisher,Premium,10.55188472527409000,2110.37694505481800
C4,649.0,C,3,4,,kingfisher_Premium,17-L,MMC_17,,200.0,E185,1,TIKTAALIK,20.0,384 well plate Grainer,m9134733,plasmid,2026-02-03,50,,P6,kingfisher,Premium,12.96155990640850900,2592.31198128170170
C5,539.0,C,3,5,,kingfisher_Premium,17-L,MMC_17,,200.0,E185,1,TIKTAALIK,20.0,384 well plate Grainer,m9134733,plasmid,2026-02-03,50,,P6,kingfisher,Premium,10.75269099036862600,2150.53819807372500
C6,531.0,C,3,6,,kingfisher_Premium,17-L,MMC_17,,200.0,E185,1,TIKTAALIK,20.0,384 well plate Grainer,m9134733,plasmid,2026-02-03,50,,P6,kingfisher,Premium,10.59204597829299700,2118.40919565859940
C7,569.0,C,3,7,,kingfisher_Premium,17-L,MMC_17,,200.0,E185,1,TIKTAALIK,20.0,384 well plate Grainer,m9134733,plasmid,2026-02-03,50,,P6,kingfisher,Premium,11.35510978565223000,2271.02195713044600
C8,488.0,C,3,8,,kingfisher_Premium,17-L,MMC_17,,200.0,E185,1,TIKTAALIK,20.0,384 well plate Grainer,m9134733,plasmid,2026-02-03,50,,P6,kingfisher,Premium,9.72857903838650000,1945.71580767729980
C9,476.0,C,3,9,,kingfisher_Premium,17-L,MMC_17,,200.0,E185,1,TIKTAALIK,20.0,384 well plate Grainer,m9134733,plasmid,2026-02-03,50,,P6,kingfisher,Premium,9.48761152027305600,1897.52230405461110
C10,405.0,C,3,10,,kingfisher_Premium,17-L,MMC_17,,200.0,E185,1,TIKTAALIK,20.0,384 well plate Grainer,m9134733,plasmid,2026-02-03,50,,P6,kingfisher,Premium,8.06188703810186000,1612.37740762037200
C11,551.0,C,3,11,,kingfisher_Premium,17-L,MMC_17,,200.0,E185,1,TIKTAALIK,20.0,384 well plate Grainer,m9134733,plasmid,2026-02-03,50,,P6,kingfisher,Premium,10.99365850848206700,2198.73170169641340
C12,368.0,C,3,12,,kingfisher_Premium,17-L,MMC_17,,200.0,E185,1,TIKTAALIK,20.0,384 well plate Grainer,m9134733,plasmid,2026-02-03,50,,P6,kingfisher,Premium,7.31890385725208150,1463.78077145041630
C13,443.0,C,3,13,,kingfisher_Premium,17-L,MMC_17,,200.0,E185,1,TIKTAALIK,20.0,384 well plate Grainer,m9134733,plasmid,2026-02-03,50,,P6,kingfisher,Premium,8.82495084546109300,1764.99016909221860
C14,391.0,C,3,14,,kingfisher_Premium,17-L,MMC_17,,200.0,E185,1,TIKTAALIK,20.0,384 well plate Grainer,m9134733,plasmid,2026-02-03,50,,P6,kingfisher,Premium,7.78075826696951100,1556.15165339390230
C15,538.0,C,3,15,,kingfisher_Premium,17-L,MMC_17,,200.0,E185,1,TIKTAALIK,20.0,384 well plate Grainer,m9134733,plasmid,2026-02-03,50,,P6,kingfisher,Premium,10.73261036385917300,2146.52207277183470
C16,578.0,C,3,16,,kingfisher_Premium,17-L,MMC_17,,200.0,E185,1,TIKTAALIK,20.0,384 well plate Grainer,m9134733,plasmid,2026-02-03,50,,P6,kingfisher,Premium,11.53583542423731000,2307.16708484746230
C17,533.0,C,3,17,,kingfisher_Premium,17-L,MMC_17,,200.0,E185,1,TIKTAALIK,20.0,384 well plate Grainer,m9134733,plasmid,2026-02-03,50,,P6,kingfisher,Premium,10.63220723131190600,2126.44144626238130
C18,468.0,C,3,18,,kingfisher_Premium,17-L,MMC_17,,200.0,E185,1,TIKTAALIK,20.0,384 well plate Grainer,m9134733,plasmid,2026-02-03,50,,P6,kingfisher,Premium,9.32696650819743000,1865.39330163948580
C19,546.0,C,3,19,,kingfisher_Premium,17-L,MMC_17,,200.0,E185,1,TIKTAALIK,20.0,384 well plate Grainer,m9134733,plasmid,2026-02-03,50,,P6,kingfisher,Premium,10.89325537593480000,2178.65107518696000
C20,538.0,C,3,20,,kingfisher_Premium,17-L,MMC_17,,200.0,E185,1,TIKTAALIK,20.0,384 well plate Grainer,m9134733,plasmid,2026-02-03,50,,P6,kingfisher,Premium,10.73261036385917300,2146.52207277183470
C21,494.0,C,3,21,,kingfisher_Premium,17-L,MMC_17,,200.0,E185,1,TIKTAALIK,20.0,384 well plate Grainer,m9134733,plasmid,2026-02-03,50,,P6,kingfisher,Premium,9.84906279744321900,1969.81255948864370
C22,505.0,C,3,22,,kingfisher_Premium,17-L,MMC_17,,200.0,E185,1,TIKTAALIK,20.0,384 well plate Grainer,m9134733,plasmid,2026-02-03,50,,P6,kingfisher,Premium,10.06994968904720800,2013.98993780944170
C23,605.0,C,3,23,,kingfisher_Premium,17-L,MMC_17,,200.0,E185,1,TIKTAALIK,20.0,384 well plate Grainer,m9134733,plasmid,2026-02-03,50,,P6,kingfisher,Premium,12.07801233999255600,2415.60246799851100
C24,484.0,C,3,24,,kingfisher_Premium,17-L,MMC_17,,200.0,E185,1,TIKTAALIK,20.0,384 well plate Grainer,m9134733,plasmid,2026-02-03,50,,P6,kingfisher,Premium,9.64825653234868400,1929.65130646973700
D1,242.0,D,4,1,,kingfisher_Premium,17-L,MMC_17,,400.0,E185,1,TIKTAALIK,20.0,384 well plate Grainer,m9134733,plasmid,2026-02-03,50,,P6,kingfisher,Premium,4.78874491706094300,1915.49796682437730
D2,260.0,D,4,2,,kingfisher_Premium,17-L,MMC_17,,400.0,E185,1,TIKTAALIK,20.0,384 well plate Grainer,m9134733,plasmid,2026-02-03,50,,P6,kingfisher,Premium,5.15019619423110600,2060.07847769244240
D3,275.0,D,4,3,,kingfisher_Premium,17-L,MMC_17,,400.0,E185,1,TIKTAALIK,20.0,384 well plate Grainer,m9134733,plasmid,2026-02-03,50,,P6,kingfisher,Premium,5.45140559187290800,2180.56223674916330
D4,326.0,D,4,4,,kingfisher_Premium,17-L,MMC_17,,400.0,E185,1,TIKTAALIK,20.0,384 well plate Grainer,m9134733,plasmid,2026-02-03,50,,P6,kingfisher,Premium,6.47551754385503600,2590.20701754201450
D5,230.0,D,4,5,,kingfisher_Premium,17-L,MMC_17,,400.0,E185,1,TIKTAALIK,20.0,384 well plate Grainer,m9134733,plasmid,2026-02-03,50,,P6,kingfisher,Premium,4.54777739894750200,1819.11095957900060
D6,254.0,D,4,6,,kingfisher_Premium,17-L,MMC_17,,400.0,E185,1,TIKTAALIK,20.0,384 well plate Grainer,m9134733,plasmid,2026-02-03,50,,P6,kingfisher,Premium,5.02971243517438500,2011.88497406975420
D7,249.0,D,4,7,,kingfisher_Premium,17-L,MMC_17,,400.0,E185,1,TIKTAALIK,20.0,384 well plate Grainer,m9134733,plasmid,2026-02-03,50,,P6,kingfisher,Premium,4.92930930262711800,1971.72372105084720
D8,221.0,D,4,8,,kingfisher_Premium,17-L,MMC_17,,400.0,E185,1,TIKTAALIK,20.0,384 well plate Grainer,m9134733,plasmid,2026-02-03,50,,P6,kingfisher,Premium,4.36705176036242000,1746.82070414496800
D9,205.0,D,4,9,,kingfisher_Premium,17-L,MMC_17,,400.0,E185,1,TIKTAALIK,20.0,384 well plate Grainer,m9134733,plasmid,2026-02-03,50,,P6,kingfisher,Premium,4.04576173621116500,1618.30469448446600
D10,210.0,D,4,10,,kingfisher_Premium,17-L,MMC_17,,400.0,E185,1,TIKTAALIK,20.0,384 well plate Grainer,m9134733,plasmid,2026-02-03,50,,P6,kingfisher,Premium,4.14616486875843200,1658.46594750337270
D11,249.0,D,4,11,,kingfisher_Premium,17-L,MMC_17,,400.0,E185,1,TIKTAALIK,20.0,384 well plate Grainer,m9134733,plasmid,2026-02-03,50,,P6,kingfisher,Premium,4.92930930262711800,1971.72372105084720
D12,193.0,D,4,12,,kingfisher_Premium,17-L,MMC_17,,400.0,E185,1,TIKTAALIK,20.0,384 well plate Grainer,m9134733,plasmid,2026-02-03,50,,P6,kingfisher,Premium,3.80479421809772300,1521.91768723908920
D13,184.0,D,4,13,,kingfisher_Premium,17-L,MMC_17,,400.0,E185,1,TIKTAALIK,20.0,384 well plate Grainer,m9134733,plasmid,2026-02-03,50,,P6,kingfisher,Premium,3.62406857951264170,1449.62743180505660
D14,207.0,D,4,14,,kingfisher_Premium,17-L,MMC_17,,400.0,E185,1,TIKTAALIK,20.0,384 well plate Grainer,m9134733,plasmid,2026-02-03,50,,P6,kingfisher,Premium,4.08592298923007100,1634.36919569202860
D15,234.0,D,4,15,,kingfisher_Premium,17-L,MMC_17,,400.0,E185,1,TIKTAALIK,20.0,384 well plate Grainer,m9134733,plasmid,2026-02-03,50,,P6,kingfisher,Premium,4.62809990498531600,1851.23996199412640
D16,261.0,D,4,16,,kingfisher_Premium,17-L,MMC_17,,400.0,E185,1,TIKTAALIK,20.0,384 well plate Grainer,m9134733,plasmid,2026-02-03,50,,P6,kingfisher,Premium,5.17027682074055900,2068.11072829622400
D17,227.0,D,4,17,,kingfisher_Premium,17-L,MMC_17,,400.0,E185,1,TIKTAALIK,20.0,384 well plate Grainer,m9134733,plasmid,2026-02-03,50,,P6,kingfisher,Premium,4.48753551941914100,1795.01420776765640
D18,231.0,D,4,18,,kingfisher_Premium,17-L,MMC_17,,400.0,E185,1,TIKTAALIK,20.0,384 well plate Grainer,m9134733,plasmid,2026-02-03,50,,P6,kingfisher,Premium,4.56785802545695500,1827.14321018278200
D19,242.0,D,4,19,,kingfisher_Premium,17-L,MMC_17,,400.0,E185,1,TIKTAALIK,20.0,384 well plate Grainer,m9134733,plasmid,2026-02-03,50,,P6,kingfisher,Premium,4.78874491706094300,1915.49796682437730
D20,274.0,D,4,20,,kingfisher_Premium,17-L,MMC_17,,400.0,E185,1,TIKTAALIK,20.0,384 well plate Grainer,m9134733,plasmid,2026-02-03,50,,P6,kingfisher,Premium,5.43132496536345500,2172.52998614538200
D21,200.0,D,4,21,,kingfisher_Premium,17-L,MMC_17,,400.0,E185,1,TIKTAALIK,20.0,384 well plate Grainer,m9134733,plasmid,2026-02-03,50,,P6,kingfisher,Premium,3.94535860366389720,1578.14344146555900
D22,247.0,D,4,22,,kingfisher_Premium,17-L,MMC_17,,400.0,E185,1,TIKTAALIK,20.0,384 well plate Grainer,m9134733,plasmid,2026-02-03,50,,P6,kingfisher,Premium,4.88914804960821050,1955.65921984328430
D23,254.0,D,4,23,,kingfisher_Premium,17-L,MMC_17,,400.0,E185,1,TIKTAALIK,20.0,384 well plate Grainer,m9134733,plasmid,2026-02-03,50,,P6,kingfisher,Premium,5.02971243517438500,2011.88497406975420
D24,234.0,D,4,24,,kingfisher_Premium,17-L,MMC_17,,400.0,E185,1,TIKTAALIK,20.0,384 well plate Grainer,m9134733,plasmid,2026-02-03,50,,P6,kingfisher,Premium,4.62809990498531600,1851.23996199412640
E1,371.0,E,5,1,,kingfisher_Economy,17-L,MMD_18,,200.0,E185,1,TIKTAALIK,20.0,384 well plate Grainer,m9134733,plasmid,2026-02-03,50,,P6,kingfisher,Economy,7.37914573678044100,1475.82914735608820
E2,457.0,E,5,2,,kingfisher_Economy,17-L,MMD_18,,200.0,E185,1,TIKTAALIK,20.0,384 well plate Grainer,m9134733,plasmid,2026-02-03,50,,P6,kingfisher,Economy,9.10607961659344000,1821.21592331868800
E3,483.0,E,5,3,,kingfisher_Economy,17-L,MMD_18,,200.0,E185,1,TIKTAALIK,20.0,384 well plate Grainer,m9134733,plasmid,2026-02-03,50,,P6,kingfisher,Economy,9.62817590583923200,1925.63518116784640
E4,532.0,E,5,4,,kingfisher_Economy,17-L,MMD_18,,200.0,E185,1,TIKTAALIK,20.0,384 well plate Grainer,m9134733,plasmid,2026-02-03,50,,P6,kingfisher,Economy,10.61212660480245200,2122.42532096049040
E5,359.0,E,5,5,,kingfisher_Economy,17-L,MMD_18,,200.0,E185,1,TIKTAALIK,20.0,384 well plate Grainer,m9134733,plasmid,2026-02-03,50,,P6,kingfisher,Economy,7.13817821866700000,1427.63564373340000
E6,569.0,E,5,6,,kingfisher_Economy,17-L,MMD_18,,200.0,E185,1,TIKTAALIK,20.0,384 well plate Grainer,m9134733,plasmid,2026-02-03,50,,P6,kingfisher,Economy,11.35510978565223000,2271.02195713044600
E7,219.0,E,5,7,,kingfisher_Economy,17-L,MMD_18,,200.0,E185,1,TIKTAALIK,20.0,384 well plate Grainer,m9134733,plasmid,2026-02-03,50,,P6,kingfisher,Economy,4.32689050734351350,865.37810146870270
E8,436.0,E,5,8,,kingfisher_Economy,17-L,MMD_18,,200.0,E185,1,TIKTAALIK,20.0,384 well plate Grainer,m9134733,plasmid,2026-02-03,50,,P6,kingfisher,Economy,8.68438645989491900,1736.87729197898370
E9,480.0,E,5,9,,kingfisher_Economy,17-L,MMD_18,,200.0,E185,1,TIKTAALIK,20.0,384 well plate Grainer,m9134733,plasmid,2026-02-03,50,,P6,kingfisher,Economy,9.56793402631087100,1913.58680526217430
E10,428.0,E,5,10,,kingfisher_Economy,17-L,MMD_18,,200.0,E185,1,TIKTAALIK,20.0,384 well plate Grainer,m9134733,plasmid,2026-02-03,50,,P6,kingfisher,Economy,8.52374144781929000,1704.74828956385820
E11,367.0,E,5,11,,kingfisher_Economy,17-L,MMD_18,,200.0,E185,1,TIKTAALIK,20.0,384 well plate Grainer,m9134733,plasmid,2026-02-03,50,,P6,kingfisher,Economy,7.29882323074262800,1459.76464614852560
E12,265.0,E,5,12,,kingfisher_Economy,17-L,MMD_18,,200.0,E185,1,TIKTAALIK,20.0,384 well plate Grainer,m9134733,plasmid,2026-02-03,50,,P6,kingfisher,Economy,5.25059932677837350,1050.11986535567460
E13,408.0,E,5,13,,kingfisher_Economy,17-L,MMD_18,,200.0,E185,1,TIKTAALIK,20.0,384 well plate Grainer,m9134733,plasmid,2026-02-03,50,,P6,kingfisher,Economy,8.12212891763022000,1624.42578352604410
E14,292.0,E,5,14,,kingfisher_Economy,17-L,MMD_18,,200.0,E185,1,TIKTAALIK,20.0,384 well plate Grainer,m9134733,plasmid,2026-02-03,50,,P6,kingfisher,Economy,5.79277624253361700,1158.55524850672350
E15,304.0,E,5,15,,kingfisher_Economy,17-L,MMD_18,,200.0,E185,1,TIKTAALIK,20.0,384 well plate Grainer,m9134733,plasmid,2026-02-03,50,,P6,kingfisher,Economy,6.03374376064705850,1206.74875212941170
E16,463.0,E,5,16,,kingfisher_Economy,17-L,MMD_18,,200.0,E185,1,TIKTAALIK,20.0,384 well plate Grainer,m9134733,plasmid,2026-02-03,50,,P6,kingfisher,Economy,9.22656337565016200,1845.31267513003240
E17,411.0,E,5,17,,kingfisher_Economy,17-L,MMD_18,,200.0,E185,1,TIKTAALIK,20.0,384 well plate Grainer,m9134733,plasmid,2026-02-03,50,,P6,kingfisher,Economy,8.18237079715858200,1636.47415943171630
E18,480.0,E,5,18,,kingfisher_Economy,17-L,MMD_18,,200.0,E185,1,TIKTAALIK,20.0,384 well plate Grainer,m9134733,plasmid,2026-02-03,50,,P6,kingfisher,Economy,9.56793402631087100,1913.58680526217430
E19,502.0,E,5,19,,kingfisher_Economy,17-L,MMD_18,,200.0,E185,1,TIKTAALIK,20.0,384 well plate Grainer,m9134733,plasmid,2026-02-03,50,,P6,kingfisher,Economy,10.00970780951884700,2001.94156190376950
E20,598.0,E,5,20,,kingfisher_Economy,17-L,MMD_18,,200.0,E185,1,TIKTAALIK,20.0,384 well plate Grainer,m9134733,plasmid,2026-02-03,50,,P6,kingfisher,Economy,11.93744795442638000,2387.48959088527600
E21,422.0,E,5,21,,kingfisher_Economy,17-L,MMD_18,,200.0,E185,1,TIKTAALIK,20.0,384 well plate Grainer,m9134733,plasmid,2026-02-03,50,,P6,kingfisher,Economy,8.40325768876256900,1680.65153775251380
E22,391.0,E,5,22,,kingfisher_Economy,17-L,MMD_18,,200.0,E185,1,TIKTAALIK,20.0,384 well plate Grainer,m9134733,plasmid,2026-02-03,50,,P6,kingfisher,Economy,7.78075826696951100,1556.15165339390230
E23,526.0,E,5,23,,kingfisher_Economy,17-L,MMD_18,,200.0,E185,1,TIKTAALIK,20.0,384 well plate Grainer,m9134733,plasmid,2026-02-03,50,,P6,kingfisher,Economy,10.49164284574573000,2098.32856914914600
E24,274.0,E,5,24,,kingfisher_Economy,17-L,MMD_18,,200.0,E185,1,TIKTAALIK,20.0,384 well plate Grainer,m9134733,plasmid,2026-02-03,50,,P6,kingfisher,Economy,5.43132496536345500,1086.26499307269100
F1,176.0,F,6,1,,kingfisher_Economy,17-L,MMD_18,,400.0,E185,1,TIKTAALIK,20.0,384 well plate Grainer,m9134733,plasmid,2026-02-03,50,,P6,kingfisher,Economy,3.46342356743701400,1385.36942697480550
F2,215.0,F,6,2,,kingfisher_Economy,17-L,MMD_18,,400.0,E185,1,TIKTAALIK,20.0,384 well plate Grainer,m9134733,plasmid,2026-02-03,50,,P6,kingfisher,Economy,4.24656800130569940,1698.62720052227970
F3,204.0,F,6,3,,kingfisher_Economy,17-L,MMD_18,,400.0,E185,1,TIKTAALIK,20.0,384 well plate Grainer,m9134733,plasmid,2026-02-03,50,,P6,kingfisher,Economy,4.02568110970171100,1610.27244388068450
F4,247.0,F,6,4,,kingfisher_Economy,17-L,MMD_18,,400.0,E185,1,TIKTAALIK,20.0,384 well plate Grainer,m9134733,plasmid,2026-02-03,50,,P6,kingfisher,Economy,4.88914804960821050,1955.65921984328430
F5,161.0,F,6,5,,kingfisher_Economy,17-L,MMD_18,,400.0,E185,1,TIKTAALIK,20.0,384 well plate Grainer,m9134733,plasmid,2026-02-03,50,,P6,kingfisher,Economy,3.16221416979521170,1264.88566791808470
F6,269.0,F,6,6,,kingfisher_Economy,17-L,MMD_18,,400.0,E185,1,TIKTAALIK,20.0,384 well plate Grainer,m9134733,plasmid,2026-02-03,50,,P6,kingfisher,Economy,5.33092183281618800,2132.36873312647500
F7,107.0,F,6,7,,kingfisher_Economy,17-L,MMD_18,,400.0,E185,1,TIKTAALIK,20.0,384 well plate Grainer,m9134733,plasmid,2026-02-03,50,,P6,kingfisher,Economy,2.07786033828472400,831.14413531388960
F8,211.0,F,6,8,,kingfisher_Economy,17-L,MMD_18,,400.0,E185,1,TIKTAALIK,20.0,384 well plate Grainer,m9134733,plasmid,2026-02-03,50,,P6,kingfisher,Economy,4.16624549526788500,1666.49819810715420
F9,196.0,F,6,9,,kingfisher_Economy,17-L,MMD_18,,400.0,E185,1,TIKTAALIK,20.0,384 well plate Grainer,m9134733,plasmid,2026-02-03,50,,P6,kingfisher,Economy,3.86503609762608360,1546.01443905043330
F10,201.0,F,6,10,,kingfisher_Economy,17-L,MMD_18,,400.0,E185,1,TIKTAALIK,20.0,384 well plate Grainer,m9134733,plasmid,2026-02-03,50,,P6,kingfisher,Economy,3.96543923017335050,1586.17569206934010
F11,169.0,F,6,11,,kingfisher_Economy,17-L,MMD_18,,400.0,E185,1,TIKTAALIK,20.0,384 well plate Grainer,m9134733,plasmid,2026-02-03,50,,P6,kingfisher,Economy,3.32285918187083950,1329.14367274833580
F12,125.0,F,6,12,,kingfisher_Economy,17-L,MMD_18,,400.0,E185,1,TIKTAALIK,20.0,384 well plate Grainer,m9134733,plasmid,2026-02-03,50,,P6,kingfisher,Economy,2.43931161545488660,975.72464618195470
F13,185.0,F,6,13,,kingfisher_Economy,17-L,MMD_18,,400.0,E185,1,TIKTAALIK,20.0,384 well plate Grainer,m9134733,plasmid,2026-02-03,50,,P6,kingfisher,Economy,3.64414920602209500,1457.65968240883800
F14,137.0,F,6,14,,kingfisher_Economy,17-L,MMD_18,,400.0,E185,1,TIKTAALIK,20.0,384 well plate Grainer,m9134733,plasmid,2026-02-03,50,,P6,kingfisher,Economy,2.68027913356832850,1072.11165342733150
F15,151.0,F,6,15,,kingfisher_Economy,17-L,MMD_18,,400.0,E185,1,TIKTAALIK,20.0,384 well plate Grainer,m9134733,plasmid,2026-02-03,50,,P6,kingfisher,Economy,2.96140790470067700,1184.56316188027090
F16,223.0,F,6,16,,kingfisher_Economy,17-L,MMD_18,,400.0,E185,1,TIKTAALIK,20.0,384 well plate Grainer,m9134733,plasmid,2026-02-03,50,,P6,kingfisher,Economy,4.40721301338132800,1762.88520535253100
F17,192.0,F,6,17,,kingfisher_Economy,17-L,MMD_18,,400.0,E185,1,TIKTAALIK,20.0,384 well plate Grainer,m9134733,plasmid,2026-02-03,50,,P6,kingfisher,Economy,3.78471359158826950,1513.88543663530780
F18,210.0,F,6,18,,kingfisher_Economy,17-L,MMD_18,,400.0,E185,1,TIKTAALIK,20.0,384 well plate Grainer,m9134733,plasmid,2026-02-03,50,,P6,kingfisher,Economy,4.14616486875843200,1658.46594750337270
F19,245.0,F,6,19,,kingfisher_Economy,17-L,MMD_18,,400.0,E185,1,TIKTAALIK,20.0,384 well plate Grainer,m9134733,plasmid,2026-02-03,50,,P6,kingfisher,Economy,4.84898679658930400,1939.59471863572160
F20,263.0,F,6,20,,kingfisher_Economy,17-L,MMD_18,,400.0,E185,1,TIKTAALIK,20.0,384 well plate Grainer,m9134733,plasmid,2026-02-03,50,,P6,kingfisher,Economy,5.21043807375946600,2084.17522950378630
F21,203.0,F,6,21,,kingfisher_Economy,17-L,MMD_18,,400.0,E185,1,TIKTAALIK,20.0,384 well plate Grainer,m9134733,plasmid,2026-02-03,50,,P6,kingfisher,Economy,4.00560048319225800,1602.24019327690330
F22,172.0,F,6,22,,kingfisher_Economy,17-L,MMD_18,,400.0,E185,1,TIKTAALIK,20.0,384 well plate Grainer,m9134733,plasmid,2026-02-03,50,,P6,kingfisher,Economy,3.38310106139920000,1353.24042455968000
F23,257.0,F,6,23,,kingfisher_Economy,17-L,MMD_18,,400.0,E185,1,TIKTAALIK,20.0,384 well plate Grainer,m9134733,plasmid,2026-02-03,50,,P6,kingfisher,Economy,5.08995431470274500,2035.98172588109800
F24,125.0,F,6,24,,kingfisher_Economy,17-L,MMD_18,,400.0,E185,1,TIKTAALIK,20.0,384 well plate Grainer,m9134733,plasmid,2026-02-03,50,,P6,kingfisher,Economy,2.43931161545488660,975.72464618195470
G1,487.0,G,7,1,,kingfisher_control,12-L,MMA_7,,200.0,E185,1,TIKTAALIK,20.0,384 well plate Grainer,m9134733,plasmid,2026-02-03,50,,P6,kingfisher,control,9.70849841187704500,1941.69968237540890
G2,204.0,G,7,2,,kingfisher_control,12-L,MMA_7,,400.0,E185,1,TIKTAALIK,20.0,384 well plate Grainer,m9134733,plasmid,2026-02-03,50,,P6,kingfisher,control,4.02568110970171100,1610.27244388068450
G3,364.0,G,7,3,,kingfisher_control,12-L,MMA_7,,200.0,E185,1,TIKTAALIK,20.0,384 well plate Grainer,m9134733,plasmid,2026-02-03,50,,P6,kingfisher,control,7.23858135121426700,1447.71627024285340
G4,163.0,G,7,4,,kingfisher_control,12-L,MMA_7,,400.0,E185,1,TIKTAALIK,20.0,384 well plate Grainer,m9134733,plasmid,2026-02-03,50,,P6,kingfisher,control,3.20237542281411900,1280.95016912564760
G5,446.0,G,7,5,,kingfisher_control,12-L,MMA_7,,200.0,E185,1,TIKTAALIK,20.0,384 well plate Grainer,m9134733,plasmid,2026-02-03,50,,P6,kingfisher,control,8.88519272498945300,1777.03854499789080
G6,198.0,G,7,6,,kingfisher_control,12-L,MMA_7,,400.0,E185,1,TIKTAALIK,20.0,384 well plate Grainer,m9134733,plasmid,2026-02-03,50,,P6,kingfisher,control,3.90519735064499000,1562.07894025799600
G7,376.0,G,7,7,,kingfisher_control,12-L,MMA_7,,200.0,E185,1,TIKTAALIK,20.0,384 well plate Grainer,m9134733,plasmid,2026-02-03,50,,P6,kingfisher,control,7.47954886932770900,1495.90977386554190
G8,176.0,G,7,8,,kingfisher_control,12-L,MMA_7,,400.0,E185,1,TIKTAALIK,20.0,384 well plate Grainer,m9134733,plasmid,2026-02-03,50,,P6,kingfisher,control,3.46342356743701400,1385.36942697480550
G9,285.0,G,7,9,,kingfisher_control,12-L,MMA_7,,200.0,E185,1,TIKTAALIK,20.0,384 well plate Grainer,m9134733,plasmid,2026-02-03,50,,P6,kingfisher,control,5.65221185696744300,1130.44237139348870
G10,126.0,G,7,10,,kingfisher_control,12-L,MMA_7,,400.0,E185,1,TIKTAALIK,20.0,384 well plate Grainer,m9134733,plasmid,2026-02-03,50,,P6,kingfisher,control,2.45939224196434000,983.75689678573600
G11,406.0,G,7,11,,kingfisher_control,12-L,MMA_7,,200.0,E185,1,TIKTAALIK,20.0,384 well plate Grainer,m9134733,plasmid,2026-02-03,50,,P6,kingfisher,control,8.08196766461131400,1616.39353292226300
G12,170.0,G,7,12,,kingfisher_control,12-L,MMA_7,,400.0,E185,1,TIKTAALIK,20.0,384 well plate Grainer,m9134733,plasmid,2026-02-03,50,,P6,kingfisher,control,3.34293980838029300,1337.17592335211700
G13,425.0,G,7,13,,kingfisher_control,12-L,MMA_7,,200.0,E185,1,TIKTAALIK,20.0,384 well plate Grainer,m9134733,plasmid,2026-02-03,50,,P6,kingfisher,control,8.46349956829093000,1692.69991365818600
G14,173.0,G,7,14,,kingfisher_control,12-L,MMA_7,,400.0,E185,1,TIKTAALIK,20.0,384 well plate Grainer,m9134733,plasmid,2026-02-03,50,,P6,kingfisher,control,3.40318168790865360,1361.27267516346140
G15,449.0,G,7,15,,kingfisher_control,12-L,MMA_7,,200.0,E185,1,TIKTAALIK,20.0,384 well plate Grainer,m9134733,plasmid,2026-02-03,50,,P6,kingfisher,control,8.94543460451781200,1789.08692090356250
G16,191.0,G,7,16,,kingfisher_control,12-L,MMA_7,,400.0,E185,1,TIKTAALIK,20.0,384 well plate Grainer,m9134733,plasmid,2026-02-03,50,,P6,kingfisher,control,3.76463296507881600,1505.85318603152650
G17,436.0,G,7,17,,kingfisher_control,12-L,MMA_7,,200.0,E185,1,TIKTAALIK,20.0,384 well plate Grainer,m9134733,plasmid,2026-02-03,50,,P6,kingfisher,control,8.68438645989491900,1736.87729197898370
G18,193.0,G,7,18,,kingfisher_control,12-L,MMA_7,,400.0,E185,1,TIKTAALIK,20.0,384 well plate Grainer,m9134733,plasmid,2026-02-03,50,,P6,kingfisher,control,3.80479421809772300,1521.91768723908920
G19,441.0,G,7,19,,kingfisher_control,12-L,MMA_7,,200.0,E185,1,TIKTAALIK,20.0,384 well plate Grainer,m9134733,plasmid,2026-02-03,50,,P6,kingfisher,control,8.78478959244218600,1756.95791848843710
G20,188.0,G,7,20,,kingfisher_control,12-L,MMA_7,,400.0,E185,1,TIKTAALIK,20.0,384 well plate Grainer,m9134733,plasmid,2026-02-03,50,,P6,kingfisher,control,3.70439108555045540,1481.75643422018220
G21,421.0,G,7,21,,kingfisher_control,12-L,MMA_7,,200.0,E185,1,TIKTAALIK,20.0,384 well plate Grainer,m9134733,plasmid,2026-02-03,50,,P6,kingfisher,control,8.38317706225311600,1676.63541245062330
G22,178.0,G,7,22,,kingfisher_control,12-L,MMA_7,,400.0,E185,1,TIKTAALIK,20.0,384 well plate Grainer,m9134733,plasmid,2026-02-03,50,,P6,kingfisher,control,3.50358482045592100,1401.43392818236840
G23,433.0,G,7,23,,kingfisher_control,12-L,MMA_7,,200.0,E185,1,TIKTAALIK,20.0,384 well plate Grainer,m9134733,plasmid,2026-02-03,50,,P6,kingfisher,control,8.62414458036655800,1724.82891607331160
G24,191.0,G,7,24,,kingfisher_control,12-L,MMA_7,,400.0,E185,1,TIKTAALIK,20.0,384 well plate Grainer,m9134733,plasmid,2026-02-03,50,,P6,kingfisher,control,3.76463296507881600,1505.85318603152650
H1,576.0,H,8,1,,secondary_Ready96,15-L,MMC_19,,200.0,E185,1,TIKTAALIK,20.0,384 well plate Grainer,m9134733,plasmid,2026-02-03,50,,P6,secondary,Ready96,11.49567417121840400,2299.13483424368100
H2,246.0,H,8,2,,secondary_Ready96,15-L,MMC_19,,400.0,E185,1,TIKTAALIK,20.0,384 well plate Grainer,m9134733,plasmid,2026-02-03,50,,P6,secondary,Ready96,4.86906742309875700,1947.62696923950280
H3,604.0,H,8,3,,secondary_Ready96,15-L,MMC_19,,200.0,E185,1,TIKTAALIK,20.0,384 well plate Grainer,m9134733,plasmid,2026-02-03,50,,P6,secondary,Ready96,12.05793171348310200,2411.58634269662020
H4,266.0,H,8,4,,secondary_Ready96,15-L,MMC_19,,400.0,E185,1,TIKTAALIK,20.0,384 well plate Grainer,m9134733,plasmid,2026-02-03,50,,P6,secondary,Ready96,5.27067995328782700,2108.27198131513070
H5,582.0,H,8,5,,secondary_Ready96,15-L,MMC_19,,200.0,E185,1,TIKTAALIK,20.0,384 well plate Grainer,m9134733,plasmid,2026-02-03,50,,P6,secondary,Ready96,11.61615793027512600,2323.23158605502500
H6,268.0,H,8,6,,secondary_Ready96,15-L,MMC_19,,400.0,E185,1,TIKTAALIK,20.0,384 well plate Grainer,m9134733,plasmid,2026-02-03,50,,P6,secondary,Ready96,5.31084120630673300,2124.33648252269360
H7,590.0,H,8,7,,secondary_Ready96,15-L,MMC_19,,200.0,E185,1,TIKTAALIK,20.0,384 well plate Grainer,m9134733,plasmid,2026-02-03,50,,P6,secondary,Ready96,11.77680294235075400,2355.36058847015060
H8,259.0,H,8,8,,secondary_Ready96,15-L,MMC_19,,400.0,E185,1,TIKTAALIK,20.0,384 well plate Grainer,m9134733,plasmid,2026-02-03,50,,P6,secondary,Ready96,5.13011556772165300,2052.04622708866100
H9,540.0,H,8,9,,secondary_Ready96,15-L,MMC_19,,200.0,E185,1,TIKTAALIK,20.0,384 well plate Grainer,m9134733,plasmid,2026-02-03,50,,P6,secondary,Ready96,10.77277161687808000,2154.55432337561600
H10,253.0,H,8,10,,secondary_Ready96,15-L,MMC_19,,400.0,E185,1,TIKTAALIK,20.0,384 well plate Grainer,m9134733,plasmid,2026-02-03,50,,P6,secondary,Ready96,5.00963180866493100,2003.85272346597250
H11,570.0,H,8,11,,secondary_Ready96,15-L,MMC_19,,200.0,E185,1,TIKTAALIK,20.0,384 well plate Grainer,m9134733,plasmid,2026-02-03,50,,P6,secondary,Ready96,11.37519041216168400,2275.03808243233700
H12,257.0,H,8,12,,secondary_Ready96,15-L,MMC_19,,400.0,E185,1,TIKTAALIK,20.0,384 well plate Grainer,m9134733,plasmid,2026-02-03,50,,P6,secondary,Ready96,5.08995431470274500,2035.98172588109800
H13,614.0,H,8,13,,secondary_Ready96,15-L,MMC_19,,200.0,E185,1,TIKTAALIK,20.0,384 well plate Grainer,m9134733,plasmid,2026-02-03,50,,P6,secondary,Ready96,12.25873797857763700,2451.74759571552750
H14,275.0,H,8,14,,secondary_Ready96,15-L,MMC_19,,400.0,E185,1,TIKTAALIK,20.0,384 well plate Grainer,m9134733,plasmid,2026-02-03,50,,P6,secondary,Ready96,5.45140559187290800,2180.56223674916330
H15,555.0,H,8,15,,secondary_Ready96,15-L,MMC_19,,200.0,E185,1,TIKTAALIK,20.0,384 well plate Grainer,m9134733,plasmid,2026-02-03,50,,P6,secondary,Ready96,11.07398101451988200,2214.79620290397630
H16,272.0,H,8,16,,secondary_Ready96,15-L,MMC_19,,400.0,E185,1,TIKTAALIK,20.0,384 well plate Grainer,m9134733,plasmid,2026-02-03,50,,P6,secondary,Ready96,5.39116371234454750,2156.46548493781900
H17,630.0,H,8,17,,secondary_Ready96,15-L,MMC_19,,200.0,E185,1,TIKTAALIK,20.0,384 well plate Grainer,m9134733,plasmid,2026-02-03,50,,P6,secondary,Ready96,12.58002800272889300,2516.00560054577860
H18,266.0,H,8,18,,secondary_Ready96,15-L,MMC_19,,400.0,E185,1,TIKTAALIK,20.0,384 well plate Grainer,m9134733,plasmid,2026-02-03,50,,P6,secondary,Ready96,5.27067995328782700,2108.27198131513070
H19,556.0,H,8,19,,secondary_Ready96,15-L,MMC_19,,200.0,E185,1,TIKTAALIK,20.0,384 well plate Grainer,m9134733,plasmid,2026-02-03,50,,P6,secondary,Ready96,11.09406164102933400,2218.81232820586700
H20,277.0,H,8,20,,secondary_Ready96,15-L,MMC_19,,400.0,E185,1,TIKTAALIK,20.0,384 well plate Grainer,m9134733,plasmid,2026-02-03,50,,P6,secondary,Ready96,5.49156684489181500,2196.62673795672600
H21,544.0,H,8,21,,secondary_Ready96,15-L,MMC_19,,200.0,E185,1,TIKTAALIK,20.0,384 well plate Grainer,m9134733,plasmid,2026-02-03,50,,P6,secondary,Ready96,10.85309412291589300,2170.61882458317860
H22,280.0,H,8,22,,secondary_Ready96,15-L,MMC_19,,400.0,E185,1,TIKTAALIK,20.0,384 well plate Grainer,m9134733,plasmid,2026-02-03,50,,P6,secondary,Ready96,5.55180872442017600,2220.72348976807000
H23,589.0,H,8,23,,secondary_Ready96,15-L,MMC_19,,200.0,E185,1,TIKTAALIK,20.0,384 well plate Grainer,m9134733,plasmid,2026-02-03,50,,P6,secondary,Ready96,11.75672231584130000,2351.34446316826000
H24,290.0,H,8,24,,secondary_Ready96,15-L,MMC_19,,400.0,E185,1,TIKTAALIK,20.0,384 well plate Grainer,m9134733,plasmid,2026-02-03,50,,P6,secondary,Ready96,5.75261498951471050,2301.04599580588400
I1,405.0,I,9,1,,tube_Ready96,17-L,MMC_17,,200.0,E185,1,TIKTAALIK,20.0,384 well plate Grainer,m9134733,plasmid,2026-02-03,50,,P6,tube,Ready96,8.06188703810186000,1612.37740762037200
I2,6.0,I,9,2,,,,,,,E185,1,TIKTAALIK,,384 well plate Grainer,m9134733,,2026-02-03,50,,P6,,,0.04971706082992282,
I3,420.0,I,9,3,,tube_Ready96,17-L,MMC_17,,200.0,E185,1,TIKTAALIK,20.0,384 well plate Grainer,m9134733,plasmid,2026-02-03,50,,P6,tube,Ready96,8.36309643574366200,1672.61928714873240
I4,9.0,I,9,4,,,,,,,E185,1,TIKTAALIK,,384 well plate Grainer,m9134733,,2026-02-03,50,,P6,,,0.10995894035828324,
I5,414.0,I,9,5,,tube_Ready96,17-L,MMC_17,,200.0,E185,1,TIKTAALIK,20.0,384 well plate Grainer,m9134733,plasmid,2026-02-03,50,,P6,tube,Ready96,8.24261267668694000,1648.52253533738800
I6,7.0,I,9,6,,,,,,,E185,1,TIKTAALIK,,384 well plate Grainer,m9134733,,2026-02-03,50,,P6,,,0.06979768733937630,
I7,390.0,I,9,7,,tube_Ready96,17-L,MMC_17,,200.0,E185,1,TIKTAALIK,20.0,384 well plate Grainer,m9134733,plasmid,2026-02-03,50,,P6,tube,Ready96,7.76067764046005800,1552.13552809201160
I8,8.0,I,9,8,,,,,,,E185,1,TIKTAALIK,,384 well plate Grainer,m9134733,,2026-02-03,50,,P6,,,0.08987831384882977,
I9,443.0,I,9,9,,tube_Ready96,17-L,MMC_17,,200.0,E185,1,TIKTAALIK,20.0,384 well plate Grainer,m9134733,plasmid,2026-02-03,50,,P6,tube,Ready96,8.82495084546109300,1764.99016909221860
I10,10.0,I,9,10,,,,,,,E185,1,TIKTAALIK,,384 well plate Grainer,m9134733,,2026-02-03,50,,P6,,,0.13003956686773670,
I11,361.0,I,9,11,,tube_Ready96,17-L,MMC_17,,200.0,E185,1,TIKTAALIK,20.0,384 well plate Grainer,m9134733,plasmid,2026-02-03,50,,P6,tube,Ready96,7.17833947168590750,1435.66789433718150
I12,11.0,I,9,12,,,,,,,E185,1,TIKTAALIK,,384 well plate Grainer,m9134733,,2026-02-03,50,,P6,,,0.15012019337719020,
I13,8.0,I,9,13,,,,,,,E185,1,TIKTAALIK,,384 well plate Grainer,m9134733,,2026-02-03,50,,P6,,,0.08987831384882977,
I14,12.0,I,9,14,,,,,,,E185,1,TIKTAALIK,,384 well plate Grainer,m9134733,,2026-02-03,50,,P6,,,0.17020081988664368,
I15,7.0,I,9,15,,,,,,,E185,1,TIKTAALIK,,384 well plate Grainer,m9134733,,2026-02-03,50,,P6,,,0.06979768733937630,
I16,10.0,I,9,16,,,,,,,E185,1,TIKTAALIK,,384 well plate Grainer,m9134733,,2026-02-03,50,,P6,,,0.13003956686773670,
I17,7.0,I,9,17,,,,,,,E185,1,TIKTAALIK,,384 well plate Grainer,m9134733,,2026-02-03,50,,P6,,,0.06979768733937630,
I18,8.0,I,9,18,,,,,,,E185,1,TIKTAALIK,,384 well plate Grainer,m9134733,,2026-02-03,50,,P6,,,0.08987831384882977,
I19,8.0,I,9,19,,,,,,,E185,1,TIKTAALIK,,384 well plate Grainer,m9134733,,2026-02-03,50,,P6,,,0.08987831384882977,
I20,8.0,I,9,20,,,,,,,E185,1,TIKTAALIK,,384 well plate Grainer,m9134733,,2026-02-03,50,,P6,,,0.08987831384882977,
I21,6.0,I,9,21,,,,,,,E185,1,TIKTAALIK,,384 well plate Grainer,m9134733,,2026-02-03,50,,P6,,,0.04971706082992282,
I22,9.0,I,9,22,,,,,,,E185,1,TIKTAALIK,,384 well plate Grainer,m9134733,,2026-02-03,50,,P6,,,0.10995894035828324,
I23,34.0,I,9,23,,Standard - 1,,,1.0,1.0,E185,1,TIKTAALIK,,384 well plate Grainer,m9134733,,2026-02-03,50,,P6,Standard - 1,,0.61197460309462020,0.61197460309462
I24,36.0,I,9,24,,Standard - 1,,,1.0,1.0,E185,1,TIKTAALIK,,384 well plate Grainer,m9134733,,2026-02-03,50,,P6,Standard - 1,,0.65213585611352710,0.65213585611353
J1,190.0,J,10,1,,tube_Ready96,17-L,MMC_17,,400.0,E185,1,TIKTAALIK,20.0,384 well plate Grainer,m9134733,plasmid,2026-02-03,50,,P6,tube,Ready96,3.74455233856936240,1497.82093542774490
J2,9.0,J,10,2,,,,,,,E185,1,TIKTAALIK,,384 well plate Grainer,m9134733,,2026-02-03,50,,P6,,,0.10995894035828324,
J3,212.0,J,10,3,,tube_Ready96,17-L,MMC_17,,400.0,E185,1,TIKTAALIK,20.0,384 well plate Grainer,m9134733,plasmid,2026-02-03,50,,P6,tube,Ready96,4.18632612177733900,1674.53044871093540
J4,8.0,J,10,4,,,,,,,E185,1,TIKTAALIK,,384 well plate Grainer,m9134733,,2026-02-03,50,,P6,,,0.08987831384882977,
J5,189.0,J,10,5,,tube_Ready96,17-L,MMC_17,,400.0,E185,1,TIKTAALIK,20.0,384 well plate Grainer,m9134733,plasmid,2026-02-03,50,,P6,tube,Ready96,3.72447171205990900,1489.78868482396360
J6,8.0,J,10,6,,,,,,,E185,1,TIKTAALIK,,384 well plate Grainer,m9134733,,2026-02-03,50,,P6,,,0.08987831384882977,
J7,189.0,J,10,7,,tube_Ready96,17-L,MMC_17,,400.0,E185,1,TIKTAALIK,20.0,384 well plate Grainer,m9134733,plasmid,2026-02-03,50,,P6,tube,Ready96,3.72447171205990900,1489.78868482396360
J8,9.0,J,10,8,,,,,,,E185,1,TIKTAALIK,,384 well plate Grainer,m9134733,,2026-02-03,50,,P6,,,0.10995894035828324,
J9,202.0,J,10,9,,tube_Ready96,17-L,MMC_17,,400.0,E185,1,TIKTAALIK,20.0,384 well plate Grainer,m9134733,plasmid,2026-02-03,50,,P6,tube,Ready96,3.98551985668280400,1594.20794267312160
J10,9.0,J,10,10,,,,,,,E185,1,TIKTAALIK,,384 well plate Grainer,m9134733,,2026-02-03,50,,P6,,,0.10995894035828324,
J11,164.0,J,10,11,,tube_Ready96,17-L,MMC_17,,400.0,E185,1,TIKTAALIK,20.0,384 well plate Grainer,m9134733,plasmid,2026-02-03,50,,P6,tube,Ready96,3.22245604932357200,1288.98241972942880
J12,6.0,J,10,12,,,,,,,E185,1,TIKTAALIK,,384 well plate Grainer,m9134733,,2026-02-03,50,,P6,,,0.04971706082992282,
J13,7.0,J,10,13,,,,,,,E185,1,TIKTAALIK,,384 well plate Grainer,m9134733,,2026-02-03,50,,P6,,,0.06979768733937630,
J14,9.0,J,10,14,,,,,,,E185,1,TIKTAALIK,,384 well plate Grainer,m9134733,,2026-02-03,50,,P6,,,0.10995894035828324,
J15,9.0,J,10,15,,,,,,,E185,1,TIKTAALIK,,384 well plate Grainer,m9134733,,2026-02-03,50,,P6,,,0.10995894035828324,
J16,8.0,J,10,16,,,,,,,E185,1,TIKTAALIK,,384 well plate Grainer,m9134733,,2026-02-03,50,,P6,,,0.08987831384882977,
J17,11.0,J,10,17,,,,,,,E185,1,TIKTAALIK,,384 well plate Grainer,m9134733,,2026-02-03,50,,P6,,,0.15012019337719020,
J18,10.0,J,10,18,,,,,,,E185,1,TIKTAALIK,,384 well plate Grainer,m9134733,,2026-02-03,50,,P6,,,0.13003956686773670,
J19,9.0,J,10,19,,,,,,,E185,1,TIKTAALIK,,384 well plate Grainer,m9134733,,2026-02-03,50,,P6,,,0.10995894035828324,
J20,9.0,J,10,20,,,,,,,E185,1,TIKTAALIK,,384 well plate Grainer,m9134733,,2026-02-03,50,,P6,,,0.10995894035828324,
J21,8.0,J,10,21,,,,,,,E185,1,TIKTAALIK,,384 well plate Grainer,m9134733,,2026-02-03,50,,P6,,,0.08987831384882977,
J22,11.0,J,10,22,,,,,,,E185,1,TIKTAALIK,,384 well plate Grainer,m9134733,,2026-02-03,50,,P6,,,0.15012019337719020,
J23,79.0,J,10,23,,Standard - 2,,,2.0,1.0,E185,1,TIKTAALIK,,384 well plate Grainer,m9134733,,2026-02-03,50,,P6,Standard - 2,,1.51560279602002670,1.51560279602003
J24,82.0,J,10,24,,Standard - 2,,,2.0,1.0,E185,1,TIKTAALIK,,384 well plate Grainer,m9134733,,2026-02-03,50,,P6,Standard - 2,,1.57584467554838700,1.57584467554839
K1,694.0,K,11,1,,tube_Premium,17-L,MMC_17,,200.0,E185,1,TIKTAALIK,20.0,384 well plate Grainer,m9134733,plasmid,2026-02-03,50,,P6,tube,Premium,13.86518809933391500,2773.03761986678300
K2,9.0,K,11,2,,,,,,,E185,1,TIKTAALIK,,384 well plate Grainer,m9134733,,2026-02-03,50,,P6,,,0.10995894035828324,
K3,760.0,K,11,3,,tube_Premium,17-L,MMC_17,,200.0,E185,1,TIKTAALIK,20.0,384 well plate Grainer,m9134733,plasmid,2026-02-03,50,,P6,tube,Premium,15.19050944895784400,3038.10188979156870
K4,9.0,K,11,4,,,,,,,E185,1,TIKTAALIK,,384 well plate Grainer,m9134733,,2026-02-03,50,,P6,,,0.10995894035828324,
K5,570.0,K,11,5,,tube_Premium,17-L,MMC_17,,200.0,E185,1,TIKTAALIK,20.0,384 well plate Grainer,m9134733,plasmid,2026-02-03,50,,P6,tube,Premium,11.37519041216168400,2275.03808243233700
K6,7.0,K,11,6,,,,,,,E185,1,TIKTAALIK,,384 well plate Grainer,m9134733,,2026-02-03,50,,P6,,,0.06979768733937630,
K7,755.0,K,11,7,,tube_Premium,17-L,MMC_17,,200.0,E185,1,TIKTAALIK,20.0,384 well plate Grainer,m9134733,plasmid,2026-02-03,50,,P6,tube,Premium,15.09010631641057600,3018.02126328211530
K8,10.0,K,11,8,,,,,,,E185,1,TIKTAALIK,,384 well plate Grainer,m9134733,,2026-02-03,50,,P6,,,0.13003956686773670,
K9,750.0,K,11,9,,tube_Premium,17-L,MMC_17,,200.0,E185,1,TIKTAALIK,20.0,384 well plate Grainer,m9134733,plasmid,2026-02-03,50,,P6,tube,Premium,14.98970318386330900,2997.94063677266200
K10,10.0,K,11,10,,,,,,,E185,1,TIKTAALIK,,384 well plate Grainer,m9134733,,2026-02-03,50,,P6,,,0.13003956686773670,
K11,721.0,K,11,11,,tube_Premium,17-L,MMC_17,,200.0,E185,1,TIKTAALIK,20.0,384 well plate Grainer,m9134733,plasmid,2026-02-03,50,,P6,tube,Premium,14.40736501508915900,2881.47300301783160
K12,11.0,K,11,12,,,,,,,E185,1,TIKTAALIK,,384 well plate Grainer,m9134733,,2026-02-03,50,,P6,,,0.15012019337719020,
K13,9.0,K,11,13,,,,,,,E185,1,TIKTAALIK,,384 well plate Grainer,m9134733,,2026-02-03,50,,P6,,,0.10995894035828324,
K14,10.0,K,11,14,,,,,,,E185,1,TIKTAALIK,,384 well plate Grainer,m9134733,,2026-02-03,50,,P6,,,0.13003956686773670,
K15,7.0,K,11,15,,,,,,,E185,1,TIKTAALIK,,384 well plate Grainer,m9134733,,2026-02-03,50,,P6,,,0.06979768733937630,
K16,8.0,K,11,16,,,,,,,E185,1,TIKTAALIK,,384 well plate Grainer,m9134733,,2026-02-03,50,,P6,,,0.08987831384882977,
K17,10.0,K,11,17,,,,,,,E185,1,TIKTAALIK,,384 well plate Grainer,m9134733,,2026-02-03,50,,P6,,,0.13003956686773670,
K18,10.0,K,11,18,,,,,,,E185,1,TIKTAALIK,,384 well plate Grainer,m9134733,,2026-02-03,50,,P6,,,0.13003956686773670,
K19,6.0,K,11,19,,,,,,,E185,1,TIKTAALIK,,384 well plate Grainer,m9134733,,2026-02-03,50,,P6,,,0.04971706082992282,
K20,7.0,K,11,20,,,,,,,E185,1,TIKTAALIK,,384 well plate Grainer,m9134733,,2026-02-03,50,,P6,,,0.06979768733937630,
K21,9.0,K,11,21,,,,,,,E185,1,TIKTAALIK,,384 well plate Grainer,m9134733,,2026-02-03,50,,P6,,,0.10995894035828324,
K22,9.0,K,11,22,,,,,,,E185,1,TIKTAALIK,,384 well plate Grainer,m9134733,,2026-02-03,50,,P6,,,0.10995894035828324,
K23,161.0,K,11,23,,Standard - 3,,,4.0,1.0,E185,1,TIKTAALIK,,384 well plate Grainer,m9134733,,2026-02-03,50,,P6,Standard - 3,,3.16221416979521170,3.16221416979521
K24,202.0,K,11,24,,Standard - 3,,,4.0,1.0,E185,1,TIKTAALIK,,384 well plate Grainer,m9134733,,2026-02-03,50,,P6,Standard - 3,,3.98551985668280400,3.98551985668280
L1,329.0,L,12,1,,tube_Premium,17-L,MMC_17,,400.0,E185,1,TIKTAALIK,20.0,384 well plate Grainer,m9134733,plasmid,2026-02-03,50,,P6,tube,Premium,6.53575942338339550,2614.30376935335830
L2,8.0,L,12,2,,,,,,,E185,1,TIKTAALIK,,384 well plate Grainer,m9134733,,2026-02-03,50,,P6,,,0.08987831384882977,
L3,371.0,L,12,3,,tube_Premium,17-L,MMC_17,,400.0,E185,1,TIKTAALIK,20.0,384 well plate Grainer,m9134733,plasmid,2026-02-03,50,,P6,tube,Premium,7.37914573678044100,2951.65829471217650
L4,11.0,L,12,4,,,,,,,E185,1,TIKTAALIK,,384 well plate Grainer,m9134733,,2026-02-03,50,,P6,,,0.15012019337719020,
L5,284.0,L,12,5,,tube_Premium,17-L,MMC_17,,400.0,E185,1,TIKTAALIK,20.0,384 well plate Grainer,m9134733,plasmid,2026-02-03,50,,P6,tube,Premium,5.63213123045798900,2252.85249218319540
L6,10.0,L,12,6,,,,,,,E185,1,TIKTAALIK,,384 well plate Grainer,m9134733,,2026-02-03,50,,P6,,,0.13003956686773670,
L7,360.0,L,12,7,,tube_Premium,17-L,MMC_17,,400.0,E185,1,TIKTAALIK,20.0,384 well plate Grainer,m9134733,plasmid,2026-02-03,50,,P6,tube,Premium,7.15825884517645300,2863.30353807058150
L8,7.0,L,12,8,,,,,,,E185,1,TIKTAALIK,,384 well plate Grainer,m9134733,,2026-02-03,50,,P6,,,0.06979768733937630,
L9,349.0,L,12,9,,tube_Premium,17-L,MMC_17,,400.0,E185,1,TIKTAALIK,20.0,384 well plate Grainer,m9134733,plasmid,2026-02-03,50,,P6,tube,Premium,6.93737195357246500,2774.94878142898600
L10,8.0,L,12,10,,,,,,,E185,1,TIKTAALIK,,384 well plate Grainer,m9134733,,2026-02-03,50,,P6,,,0.08987831384882977,
L11,337.0,L,12,11,,tube_Premium,17-L,MMC_17,,400.0,E185,1,TIKTAALIK,20.0,384 well plate Grainer,m9134733,plasmid,2026-02-03,50,,P6,tube,Premium,6.69640443545902400,2678.56177418360950
L12,9.0,L,12,12,,,,,,,E185,1,TIKTAALIK,,384 well plate Grainer,m9134733,,2026-02-03,50,,P6,,,0.10995894035828324,
L13,7.0,L,12,13,,,,,,,E185,1,TIKTAALIK,,384 well plate Grainer,m9134733,,2026-02-03,50,,P6,,,0.06979768733937630,
L14,10.0,L,12,14,,,,,,,E185,1,TIKTAALIK,,384 well plate Grainer,m9134733,,2026-02-03,50,,P6,,,0.13003956686773670,
L15,9.0,L,12,15,,,,,,,E185,1,TIKTAALIK,,384 well plate Grainer,m9134733,,2026-02-03,50,,P6,,,0.10995894035828324,
L16,8.0,L,12,16,,,,,,,E185,1,TIKTAALIK,,384 well plate Grainer,m9134733,,2026-02-03,50,,P6,,,0.08987831384882977,
L17,9.0,L,12,17,,,,,,,E185,1,TIKTAALIK,,384 well plate Grainer,m9134733,,2026-02-03,50,,P6,,,0.10995894035828324,
L18,7.0,L,12,18,,,,,,,E185,1,TIKTAALIK,,384 well plate Grainer,m9134733,,2026-02-03,50,,P6,,,0.06979768733937630,
L19,10.0,L,12,19,,,,,,,E185,1,TIKTAALIK,,384 well plate Grainer,m9134733,,2026-02-03,50,,P6,,,0.13003956686773670,
L20,8.0,L,12,20,,,,,,,E185,1,TIKTAALIK,,384 well plate Grainer,m9134733,,2026-02-03,50,,P6,,,0.08987831384882977,
L21,8.0,L,12,21,,,,,,,E185,1,TIKTAALIK,,384 well plate Grainer,m9134733,,2026-02-03,50,,P6,,,0.08987831384882977,
L22,8.0,L,12,22,,,,,,,E185,1,TIKTAALIK,,384 well plate Grainer,m9134733,,2026-02-03,50,,P6,,,0.08987831384882977,
L23,348.0,L,12,23,,Standard - 4,,,8.0,1.0,E185,1,TIKTAALIK,,384 well plate Grainer,m9134733,,2026-02-03,50,,P6,Standard - 4,,6.91729132706301200,6.91729132706301
L24,404.0,L,12,24,,Standard - 4,,,8.0,1.0,E185,1,TIKTAALIK,,384 well plate Grainer,m9134733,,2026-02-03,50,,P6,Standard - 4,,8.04180641159240600,8.04180641159241
M1,654.0,M,13,1,,tube_Economy,17-L,MMD_18,,200.0,E185,1,TIKTAALIK,20.0,384 well plate Grainer,m9134733,plasmid,2026-02-03,50,,P6,tube,Economy,13.06196303895577600,2612.39260779115500
M2,9.0,M,13,2,,,,,,,E185,1,TIKTAALIK,,384 well plate Grainer,m9134733,,2026-02-03,50,,P6,,,0.10995894035828324,
M3,611.0,M,13,3,,tube_Economy,17-L,MMD_18,,200.0,E185,1,TIKTAALIK,20.0,384 well plate Grainer,m9134733,plasmid,2026-02-03,50,,P6,tube,Economy,12.19849609904927600,2439.69921980985500
M4,8.0,M,13,4,,,,,,,E185,1,TIKTAALIK,,384 well plate Grainer,m9134733,,2026-02-03,50,,P6,,,0.08987831384882977,
M5,626.0,M,13,5,,tube_Economy,17-L,MMD_18,,200.0,E185,1,TIKTAALIK,20.0,384 well plate Grainer,m9134733,plasmid,2026-02-03,50,,P6,tube,Economy,12.49970549669107800,2499.94109933821570
M6,9.0,M,13,6,,,,,,,E185,1,TIKTAALIK,,384 well plate Grainer,m9134733,,2026-02-03,50,,P6,,,0.10995894035828324,
M7,589.0,M,13,7,,tube_Economy,17-L,MMD_18,,200.0,E185,1,TIKTAALIK,20.0,384 well plate Grainer,m9134733,plasmid,2026-02-03,50,,P6,tube,Economy,11.75672231584130000,2351.34446316826000
M8,9.0,M,13,8,,,,,,,E185,1,TIKTAALIK,,384 well plate Grainer,m9134733,,2026-02-03,50,,P6,,,0.10995894035828324,
M9,632.0,M,13,9,,tube_Economy,17-L,MMD_18,,200.0,E185,1,TIKTAALIK,20.0,384 well plate Grainer,m9134733,plasmid,2026-02-03,50,,P6,tube,Economy,12.62018925574780000,2524.03785114956000
M10,10.0,M,13,10,,,,,,,E185,1,TIKTAALIK,,384 well plate Grainer,m9134733,,2026-02-03,50,,P6,,,0.13003956686773670,
M11,500.0,M,13,11,,tube_Economy,17-L,MMD_18,,200.0,E185,1,TIKTAALIK,20.0,384 well plate Grainer,m9134733,plasmid,2026-02-03,50,,P6,tube,Economy,9.96954655649994000,1993.90931129998800
M12,10.0,M,13,12,,,,,,,E185,1,TIKTAALIK,,384 well plate Grainer,m9134733,,2026-02-03,50,,P6,,,0.13003956686773670,
M13,9.0,M,13,13,,,,,,,E185,1,TIKTAALIK,,384 well plate Grainer,m9134733,,2026-02-03,50,,P6,,,0.10995894035828324,
M14,6.0,M,13,14,,,,,,,E185,1,TIKTAALIK,,384 well plate Grainer,m9134733,,2026-02-03,50,,P6,,,0.04971706082992282,
M15,9.0,M,13,15,,,,,,,E185,1,TIKTAALIK,,384 well plate Grainer,m9134733,,2026-02-03,50,,P6,,,0.10995894035828324,
M16,11.0,M,13,16,,,,,,,E185,1,TIKTAALIK,,384 well plate Grainer,m9134733,,2026-02-03,50,,P6,,,0.15012019337719020,
M17,10.0,M,13,17,,,,,,,E185,1,TIKTAALIK,,384 well plate Grainer,m9134733,,2026-02-03,50,,P6,,,0.13003956686773670,
M18,8.0,M,13,18,,,,,,,E185,1,TIKTAALIK,,384 well plate Grainer,m9134733,,2026-02-03,50,,P6,,,0.08987831384882977,
M19,9.0,M,13,19,,,,,,,E185,1,TIKTAALIK,,384 well plate Grainer,m9134733,,2026-02-03,50,,P6,,,0.10995894035828324,
M20,8.0,M,13,20,,,,,,,E185,1,TIKTAALIK,,384 well plate Grainer,m9134733,,2026-02-03,50,,P6,,,0.08987831384882977,
M21,9.0,M,13,21,,,,,,,E185,1,TIKTAALIK,,384 well plate Grainer,m9134733,,2026-02-03,50,,P6,,,0.10995894035828324,
M22,8.0,M,13,22,,,,,,,E185,1,TIKTAALIK,,384 well plate Grainer,m9134733,,2026-02-03,50,,P6,,,0.08987831384882977,
M23,712.0,M,13,23,,Standard - 5,,,16.0,1.0,E185,1,TIKTAALIK,,384 well plate Grainer,m9134733,,2026-02-03,50,,P6,Standard - 5,,14.22663937650407800,14.22663937650408
M24,814.0,M,13,24,,Standard - 5,,,16.0,1.0,E185,1,TIKTAALIK,,384 well plate Grainer,m9134733,,2026-02-03,50,,P6,Standard - 5,,16.27486328046833000,16.27486328046833
N1,316.0,N,14,1,,tube_Economy,17-L,MMD_18,,400.0,E185,1,TIKTAALIK,20.0,384 well plate Grainer,m9134733,plasmid,2026-02-03,50,,P6,tube,Economy,6.27471127876050100,2509.88451150420040
N2,10.0,N,14,2,,,,,,,E185,1,TIKTAALIK,,384 well plate Grainer,m9134733,,2026-02-03,50,,P6,,,0.13003956686773670,
N3,298.0,N,14,3,,tube_Economy,17-L,MMD_18,,400.0,E185,1,TIKTAALIK,20.0,384 well plate Grainer,m9134733,plasmid,2026-02-03,50,,P6,tube,Economy,5.91326000159033800,2365.30400063613520
N4,10.0,N,14,4,,,,,,,E185,1,TIKTAALIK,,384 well plate Grainer,m9134733,,2026-02-03,50,,P6,,,0.13003956686773670,
N5,313.0,N,14,5,,tube_Economy,17-L,MMD_18,,400.0,E185,1,TIKTAALIK,20.0,384 well plate Grainer,m9134733,plasmid,2026-02-03,50,,P6,tube,Economy,6.21446939923214000,2485.78775969285600
N6,7.0,N,14,6,,,,,,,E185,1,TIKTAALIK,,384 well plate Grainer,m9134733,,2026-02-03,50,,P6,,,0.06979768733937630,
N7,312.0,N,14,7,,tube_Economy,17-L,MMD_18,,400.0,E185,1,TIKTAALIK,20.0,384 well plate Grainer,m9134733,plasmid,2026-02-03,50,,P6,tube,Economy,6.19438877272268700,2477.75550908907460
N8,9.0,N,14,8,,,,,,,E185,1,TIKTAALIK,,384 well plate Grainer,m9134733,,2026-02-03,50,,P6,,,0.10995894035828324,
N9,293.0,N,14,9,,tube_Economy,17-L,MMD_18,,400.0,E185,1,TIKTAALIK,20.0,384 well plate Grainer,m9134733,plasmid,2026-02-03,50,,P6,tube,Economy,5.81285686904307000,2325.14274761722800
N10,8.0,N,14,10,,,,,,,E185,1,TIKTAALIK,,384 well plate Grainer,m9134733,,2026-02-03,50,,P6,,,0.08987831384882977,
N11,237.0,N,14,11,,tube_Economy,17-L,MMD_18,,400.0,E185,1,TIKTAALIK,20.0,384 well plate Grainer,m9134733,plasmid,2026-02-03,50,,P6,tube,Economy,4.68834178451367600,1875.33671380547030
N12,10.0,N,14,12,,,,,,,E185,1,TIKTAALIK,,384 well plate Grainer,m9134733,,2026-02-03,50,,P6,,,0.13003956686773670,
N13,8.0,N,14,13,,,,,,,E185,1,TIKTAALIK,,384 well plate Grainer,m9134733,,2026-02-03,50,,P6,,,0.08987831384882977,
N14,8.0,N,14,14,,,,,,,E185,1,TIKTAALIK,,384 well plate Grainer,m9134733,,2026-02-03,50,,P6,,,0.08987831384882977,
N15,5.0,N,14,15,,,,,,,E185,1,TIKTAALIK,,384 well plate Grainer,m9134733,,2026-02-03,50,,P6,,,0.02963643432046934,
N16,8.0,N,14,16,,,,,,,E185,1,TIKTAALIK,,384 well plate Grainer,m9134733,,2026-02-03,50,,P6,,,0.08987831384882977,
N17,8.0,N,14,17,,,,,,,E185,1,TIKTAALIK,,384 well plate Grainer,m9134733,,2026-02-03,50,,P6,,,0.08987831384882977,
N18,8.0,N,14,18,,,,,,,E185,1,TIKTAALIK,,384 well plate Grainer,m9134733,,2026-02-03,50,,P6,,,0.08987831384882977,
N19,8.0,N,14,19,,,,,,,E185,1,TIKTAALIK,,384 well plate Grainer,m9134733,,2026-02-03,50,,P6,,,0.08987831384882977,
N20,10.0,N,14,20,,,,,,,E185,1,TIKTAALIK,,384 well plate Grainer,m9134733,,2026-02-03,50,,P6,,,0.13003956686773670,
N21,1141.0,N,14,21,,spike-in,,,,20.0,E185,1,TIKTAALIK,,384 well plate Grainer,m9134733,,2026-02-03,50,,P6,spike-in,,22.84122814905961700,456.82456298119234
N22,205.0,N,14,22,,spike-in,,,,100.0,E185,1,TIKTAALIK,,384 well plate Grainer,m9134733,,2026-02-03,50,,P6,spike-in,,4.04576173621116500,404.57617362111650
N23,1673.0,N,14,23,,Standard - 6,,,32.0,1.0,E185,1,TIKTAALIK,,384 well plate Grainer,m9134733,,2026-02-03,50,,P6,Standard - 6,,33.52412145208887000,33.52412145208887
N24,1650.0,N,14,24,,Standard - 6,,,32.0,1.0,E185,1,TIKTAALIK,,384 well plate Grainer,m9134733,,2026-02-03,50,,P6,Standard - 6,,33.06226704237144000,33.06226704237144
O1,447.0,O,15,1,,tube_control,12-L,MMA_7,,200.0,E185,1,TIKTAALIK,20.0,384 well plate Grainer,m9134733,plasmid,2026-02-03,50,,P6,tube,control,8.90527335149890600,1781.05467029978130
O2,8.0,O,15,2,,,,,,,E185,1,TIKTAALIK,,384 well plate Grainer,m9134733,,2026-02-03,50,,P6,,,0.08987831384882977,
O3,541.0,O,15,3,,tube_control,12-L,MMA_7,,200.0,E185,1,TIKTAALIK,20.0,384 well plate Grainer,m9134733,plasmid,2026-02-03,50,,P6,tube,control,10.79285224338753200,2158.57044867750660
O4,8.0,O,15,4,,,,,,,E185,1,TIKTAALIK,,384 well plate Grainer,m9134733,,2026-02-03,50,,P6,,,0.08987831384882977,
O5,445.0,O,15,5,,tube_control,12-L,MMA_7,,200.0,E185,1,TIKTAALIK,20.0,384 well plate Grainer,m9134733,plasmid,2026-02-03,50,,P6,tube,control,8.86511209848000000,1773.02241969599980
O6,9.0,O,15,6,,,,,,,E185,1,TIKTAALIK,,384 well plate Grainer,m9134733,,2026-02-03,50,,P6,,,0.10995894035828324,
O7,553.0,O,15,7,,tube_control,12-L,MMA_7,,200.0,E185,1,TIKTAALIK,20.0,384 well plate Grainer,m9134733,plasmid,2026-02-03,50,,P6,tube,control,11.03381976150097500,2206.76395230019500
O8,8.0,O,15,8,,,,,,,E185,1,TIKTAALIK,,384 well plate Grainer,m9134733,,2026-02-03,50,,P6,,,0.08987831384882977,
O9,506.0,O,15,9,,tube_control,12-L,MMA_7,,200.0,E185,1,TIKTAALIK,20.0,384 well plate Grainer,m9134733,plasmid,2026-02-03,50,,P6,tube,control,10.09003031555666000,2018.00606311133200
O10,9.0,O,15,10,,,,,,,E185,1,TIKTAALIK,,384 well plate Grainer,m9134733,,2026-02-03,50,,P6,,,0.10995894035828324,
O11,465.0,O,15,11,,tube_control,12-L,MMA_7,,200.0,E185,1,TIKTAALIK,20.0,384 well plate Grainer,m9134733,plasmid,2026-02-03,50,,P6,tube,control,9.26672462866906900,1853.34492573381390
O12,9.0,O,15,12,,,,,,,E185,1,TIKTAALIK,,384 well plate Grainer,m9134733,,2026-02-03,50,,P6,,,0.10995894035828324,
O13,7.0,O,15,13,,,,,,,E185,1,TIKTAALIK,,384 well plate Grainer,m9134733,,2026-02-03,50,,P6,,,0.06979768733937630,
O14,10.0,O,15,14,,,,,,,E185,1,TIKTAALIK,,384 well plate Grainer,m9134733,,2026-02-03,50,,P6,,,0.13003956686773670,
O15,7.0,O,15,15,,,,,,,E185,1,TIKTAALIK,,384 well plate Grainer,m9134733,,2026-02-03,50,,P6,,,0.06979768733937630,
O16,8.0,O,15,16,,,,,,,E185,1,TIKTAALIK,,384 well plate Grainer,m9134733,,2026-02-03,50,,P6,,,0.08987831384882977,
O17,9.0,O,15,17,,,,,,,E185,1,TIKTAALIK,,384 well plate Grainer,m9134733,,2026-02-03,50,,P6,,,0.10995894035828324,
O18,9.0,O,15,18,,,,,,,E185,1,TIKTAALIK,,384 well plate Grainer,m9134733,,2026-02-03,50,,P6,,,0.10995894035828324,
O19,8.0,O,15,19,,,,,,,E185,1,TIKTAALIK,,384 well plate Grainer,m9134733,,2026-02-03,50,,P6,,,0.08987831384882977,
O20,10.0,O,15,20,,,,,,,E185,1,TIKTAALIK,,384 well plate Grainer,m9134733,,2026-02-03,50,,P6,,,0.13003956686773670,
O21,1163.0,O,15,21,,spike-in,,,,20.0,E185,1,TIKTAALIK,,384 well plate Grainer,m9134733,,2026-02-03,50,,P6,spike-in,,23.28300193226759500,465.66003864535190
O22,218.0,O,15,22,,spike-in,,,,100.0,E185,1,TIKTAALIK,,384 well plate Grainer,m9134733,,2026-02-03,50,,P6,spike-in,,4.30680988083406000,430.68098808340600
O23,3454.0,O,15,23,,Standard - 7,,,64.0,1.0,E185,1,TIKTAALIK,,384 well plate Grainer,m9134733,,2026-02-03,50,,P6,Standard - 7,,69.28771726542550000,69.28771726542550
O24,3246.0,O,15,24,,Standard - 7,,,64.0,1.0,E185,1,TIKTAALIK,,384 well plate Grainer,m9134733,,2026-02-03,50,,P6,Standard - 7,,65.11094695145920000,65.11094695145920
P1,182.0,P,16,1,,tube_control,12-L,MMA_7,,400.0,E185,1,TIKTAALIK,20.0,384 well plate Grainer,m9134733,plasmid,2026-02-03,50,,P6,tube,control,3.58390732649373470,1433.56293059749400
P2,9.0,P,16,2,,,,,,,E185,1,TIKTAALIK,,384 well plate Grainer,m9134733,,2026-02-03,50,,P6,,,0.10995894035828324,
P3,232.0,P,16,3,,tube_control,12-L,MMA_7,,400.0,E185,1,TIKTAALIK,20.0,384 well plate Grainer,m9134733,plasmid,2026-02-03,50,,P6,tube,control,4.58793865196640800,1835.17546078656320
P4,10.0,P,16,4,,,,,,,E185,1,TIKTAALIK,,384 well plate Grainer,m9134733,,2026-02-03,50,,P6,,,0.13003956686773670,
P5,194.0,P,16,5,,tube_control,12-L,MMA_7,,400.0,E185,1,TIKTAALIK,20.0,384 well plate Grainer,m9134733,plasmid,2026-02-03,50,,P6,tube,control,3.82487484460717650,1529.94993784287070
P6,7.0,P,16,6,,,,,,,E185,1,TIKTAALIK,,384 well plate Grainer,m9134733,,2026-02-03,50,,P6,,,0.06979768733937630,
P7,218.0,P,16,7,,tube_control,12-L,MMA_7,,400.0,E185,1,TIKTAALIK,20.0,384 well plate Grainer,m9134733,plasmid,2026-02-03,50,,P6,tube,control,4.30680988083406000,1722.72395233362400
P8,7.0,P,16,8,,,,,,,E185,1,TIKTAALIK,,384 well plate Grainer,m9134733,,2026-02-03,50,,P6,,,0.06979768733937630,
P9,202.0,P,16,9,,tube_control,12-L,MMA_7,,400.0,E185,1,TIKTAALIK,20.0,384 well plate Grainer,m9134733,plasmid,2026-02-03,50,,P6,tube,control,3.98551985668280400,1594.20794267312160
P10,10.0,P,16,10,,,,,,,E185,1,TIKTAALIK,,384 well plate Grainer,m9134733,,2026-02-03,50,,P6,,,0.13003956686773670,
P11,198.0,P,16,11,,tube_control,12-L,MMA_7,,400.0,E185,1,TIKTAALIK,20.0,384 well plate Grainer,m9134733,plasmid,2026-02-03,50,,P6,tube,control,3.90519735064499000,1562.07894025799600
P12,8.0,P,16,12,,,,,,,E185,1,TIKTAALIK,,384 well plate Grainer,m9134733,,2026-02-03,50,,P6,,,0.08987831384882977,
P13,9.0,P,16,13,,,,,,,E185,1,TIKTAALIK,,384 well plate Grainer,m9134733,,2026-02-03,50,,P6,,,0.10995894035828324,
P14,9.0,P,16,14,,,,,,,E185,1,TIKTAALIK,,384 well plate Grainer,m9134733,,2026-02-03,50,,P6,,,0.10995894035828324,
P15,7.0,P,16,15,,,,,,,E185,1,TIKTAALIK,,384 well plate Grainer,m9134733,,2026-02-03,50,,P6,,,0.06979768733937630,
P16,11.0,P,16,16,,,,,,,E185,1,TIKTAALIK,,384 well plate Grainer,m9134733,,2026-02-03,50,,P6,,,0.15012019337719020,
P17,8.0,P,16,17,,,,,,,E185,1,TIKTAALIK,,384 well plate Grainer,m9134733,,2026-02-03,50,,P6,,,0.08987831384882977,
P18,7.0,P,16,18,,,,,,,E185,1,TIKTAALIK,,384 well plate Grainer,m9134733,,2026-02-03,50,,P6,,,0.06979768733937630,
P19,9.0,P,16,19,,,,,,,E185,1,TIKTAALIK,,384 well plate Grainer,m9134733,,2026-02-03,50,,P6,,,0.10995894035828324,
P20,9.0,P,16,20,,,,,,,E185,1,TIKTAALIK,,384 well plate Grainer,m9134733,,2026-02-03,50,,P6,,,0.10995894035828324,
P21,1089.0,P,16,21,,spike-in,,,,20.0,E185,1,TIKTAALIK,,384 well plate Grainer,m9134733,,2026-02-03,50,,P6,spike-in,,21.79703557056804000,435.94071141136080
P22,225.0,P,16,22,,spike-in,,,,100.0,E185,1,TIKTAALIK,,384 well plate Grainer,m9134733,,2026-02-03,50,,P6,spike-in,,4.44737426640023400,444.73742664002344
P23,6199.0,P,16,23,,Standard - 8,,,128.0,1.0,E185,1,TIKTAALIK,,384 well plate Grainer,m9134733,,2026-02-03,50,,P6,Standard - 8,,124.40903703387531000,124.40903703387531
P24,6360.0,P,16,24,,Standard - 8,,,128.0,1.0,E185,1,TIKTAALIK,,384 well plate Grainer,m9134733,,2026-02-03,50,,P6,Standard - 8,,127.64201790189730000,127.64201790189730
A1,557.0,A,1,1,20-L_plasmid,384_Premium,20-L,MMC_22,,200.0,E210,1,TIKTAALIK,10.0,384 well plate Grainer,m9134733,plasmid,2026-03-10,50,,P6,384,Premium,12.13893432601461500,2427.78686520292300
A2,10.0,A,1,2,,,,,,,E210,1,TIKTAALIK,,384 well plate Grainer,,,2026-03-10,50,,P6,,,1.32167187744747630,
A3,476.0,A,1,3,20-L_plasmid,384_Premium,20-L,MMC_22,,200.0,E210,1,TIKTAALIK,10.0,384 well plate Grainer,m9134733,plasmid,2026-03-10,50,,P6,384,Premium,10.53710935648273600,2107.42187129654700
A4,7.0,A,1,4,,,,,,,E210,1,TIKTAALIK,,384 well plate Grainer,,,2026-03-10,50,,P6,,,1.26234502672407320,
A5,375.0,A,1,5,20-L_plasmid,384_Premium,20-L,MMC_22,,200.0,E210,1,TIKTAALIK,10.0,384 well plate Grainer,m9134733,plasmid,2026-03-10,50,,P6,384,Premium,8.53977204879483800,1707.95440975896760
A6,9.0,A,1,6,,,,,,,E210,1,TIKTAALIK,,384 well plate Grainer,,,2026-03-10,50,,P6,,,1.30189626053967530,
A7,284.0,A,1,7,20-L_plasmid,384_Premium,20-L,MMC_22,,200.0,E210,1,TIKTAALIK,10.0,384 well plate Grainer,m9134733,plasmid,2026-03-10,50,,P6,384,Premium,6.74019091018494600,1348.03818203698920
A8,10.0,A,1,8,,,,,,,E210,1,TIKTAALIK,,384 well plate Grainer,,,2026-03-10,50,,P6,,,1.32167187744747630,
A9,320.0,A,1,9,20-L_plasmid,384_Premium,20-L,MMC_22,,200.0,E210,1,TIKTAALIK,10.0,384 well plate Grainer,m9134733,plasmid,2026-03-10,50,,P6,384,Premium,7.45211311886578200,1490.42262377315640
A10,10.0,A,1,10,,,,,,,E210,1,TIKTAALIK,,384 well plate Grainer,,,2026-03-10,50,,P6,,,1.32167187744747630,
A11,525.0,A,1,11,20-L_plasmid,384_Premium,20-L,MMC_22,,200.0,E210,1,TIKTAALIK,10.0,384 well plate Grainer,m9134733,plasmid,2026-03-10,50,,P6,384,Premium,11.50611458496498500,2301.22291699299700
A12,9.0,A,1,12,,,,,,,E210,1,TIKTAALIK,,384 well plate Grainer,,,2026-03-10,50,,P6,,,1.30189626053967530,
A13,271.0,A,1,13,20-L_plasmid,384_Premium,20-L,MMC_22,,400.0,E210,1,TIKTAALIK,10.0,384 well plate Grainer,m9134733,plasmid,2026-03-10,50,,P6,384,Premium,6.48310789038353350,2593.24315615341360
A14,7.0,A,1,14,,,,,,,E210,1,TIKTAALIK,,384 well plate Grainer,,,2026-03-10,50,,P6,,,1.26234502672407320,
A15,218.0,A,1,15,20-L_plasmid,384_Premium,20-L,MMC_22,,400.0,E210,1,TIKTAALIK,10.0,384 well plate Grainer,m9134733,plasmid,2026-03-10,50,,P6,384,Premium,5.43500019427008100,2174.00007770803270
A16,7.0,A,1,16,,,,,,,E210,1,TIKTAALIK,,384 well plate Grainer,,,2026-03-10,50,,P6,,,1.26234502672407320,
A17,181.0,A,1,17,20-L_plasmid,384_Premium,20-L,MMC_22,,400.0,E210,1,TIKTAALIK,10.0,384 well plate Grainer,m9134733,plasmid,2026-03-10,50,,P6,384,Premium,4.70330236868144500,1881.32094747257820
A18,9.0,A,1,18,,,,,,,E210,1,TIKTAALIK,,384 well plate Grainer,,,2026-03-10,50,,P6,,,1.30189626053967530,
A19,139.0,A,1,19,20-L_plasmid,384_Premium,20-L,MMC_22,,400.0,E210,1,TIKTAALIK,10.0,384 well plate Grainer,m9134733,plasmid,2026-03-10,50,,P6,384,Premium,3.87272645855380350,1549.09058342152140
A20,10.0,A,1,20,,,,,,,E210,1,TIKTAALIK,,384 well plate Grainer,,,2026-03-10,50,,P6,,,1.32167187744747630,
A21,141.0,A,1,21,20-L_plasmid,384_Premium,20-L,MMC_22,,400.0,E210,1,TIKTAALIK,10.0,384 well plate Grainer,m9134733,plasmid,2026-03-10,50,,P6,384,Premium,3.91227769236940540,1564.91107694776220
A22,10.0,A,1,22,,,,,,,E210,1,TIKTAALIK,,384 well plate Grainer,,,2026-03-10,50,,P6,,,1.32167187744747630,
A23,257.0,A,1,23,20-L_plasmid,384_Premium,20-L,MMC_22,,400.0,E210,1,TIKTAALIK,10.0,384 well plate Grainer,m9134733,plasmid,2026-03-10,50,,P6,384,Premium,6.20624925367432000,2482.49970146972830
A24,31.0,A,1,24,Standard - 1,,,,1.0,1.0,E210,1,TIKTAALIK,,384 well plate Grainer,,,2026-03-10,50,,P6,,,1.73695983251129700,1.73695983251130
B1,385.0,B,2,1,20-L_linear,384_Premium,20-L,MMC_22,,200.0,E210,1,TIKTAALIK,10.0,384 well plate Grainer,m9229555,linear,2026-03-10,50,,P6,384,Premium,8.73752821787284600,1747.50564357456910
B2,7.0,B,2,2,,,,,,,E210,1,TIKTAALIK,,384 well plate Grainer,,,2026-03-10,50,,P6,,,1.26234502672407320,
B3,384.0,B,2,3,20-L_linear,384_Premium,20-L,MMC_22,,200.0,E210,1,TIKTAALIK,10.0,384 well plate Grainer,m9229555,linear,2026-03-10,50,,P6,384,Premium,8.71775260096504600,1743.55052019300900
B4,8.0,B,2,4,,,,,,,E210,1,TIKTAALIK,,384 well plate Grainer,,,2026-03-10,50,,P6,,,1.28212064363187440,
B5,409.0,B,2,5,20-L_linear,384_Premium,20-L,MMC_22,,200.0,E210,1,TIKTAALIK,10.0,384 well plate Grainer,m9229555,linear,2026-03-10,50,,P6,384,Premium,9.21214302366007000,1842.42860473201400
B6,7.0,B,2,6,,,,,,,E210,1,TIKTAALIK,,384 well plate Grainer,,,2026-03-10,50,,P6,,,1.26234502672407320,
B7,448.0,B,2,7,20-L_linear,384_Premium,20-L,MMC_22,,200.0,E210,1,TIKTAALIK,10.0,384 well plate Grainer,m9229555,linear,2026-03-10,50,,P6,384,Premium,9.98339208306430800,1996.67841661286160
B8,8.0,B,2,8,,,,,,,E210,1,TIKTAALIK,,384 well plate Grainer,,,2026-03-10,50,,P6,,,1.28212064363187440,
B9,470.0,B,2,9,20-L_linear,384_Premium,20-L,MMC_22,,200.0,E210,1,TIKTAALIK,10.0,384 well plate Grainer,m9229555,linear,2026-03-10,50,,P6,384,Premium,10.41845565503593000,2083.69113100718600
B10,7.0,B,2,10,,,,,,,E210,1,TIKTAALIK,,384 well plate Grainer,,,2026-03-10,50,,P6,,,1.26234502672407320,
B11,483.0,B,2,11,20-L_linear,384_Premium,20-L,MMC_22,,200.0,E210,1,TIKTAALIK,10.0,384 well plate Grainer,m9229555,linear,2026-03-10,50,,P6,384,Premium,10.67553867483734300,2135.10773496746900
B12,9.0,B,2,12,,,,,,,E210,1,TIKTAALIK,,384 well plate Grainer,,,2026-03-10,50,,P6,,,1.30189626053967530,
B13,177.0,B,2,13,20-L_linear,384_Premium,20-L,MMC_22,,400.0,E210,1,TIKTAALIK,10.0,384 well plate Grainer,m9229555,linear,2026-03-10,50,,P6,384,Premium,4.62419990105024150,1849.67996042009670
B14,6.0,B,2,14,,,,,,,E210,1,TIKTAALIK,,384 well plate Grainer,,,2026-03-10,50,,P6,,,1.24256940981627230,
B15,182.0,B,2,15,20-L_linear,384_Premium,20-L,MMC_22,,400.0,E210,1,TIKTAALIK,10.0,384 well plate Grainer,m9229555,linear,2026-03-10,50,,P6,384,Premium,4.72307798558924600,1889.23119423569820
B16,9.0,B,2,16,,,,,,,E210,1,TIKTAALIK,,384 well plate Grainer,,,2026-03-10,50,,P6,,,1.30189626053967530,
B17,197.0,B,2,17,20-L_linear,384_Premium,20-L,MMC_22,,400.0,E210,1,TIKTAALIK,10.0,384 well plate Grainer,m9229555,linear,2026-03-10,50,,P6,384,Premium,5.01971223920626000,2007.88489568250400
B18,10.0,B,2,18,,,,,,,E210,1,TIKTAALIK,,384 well plate Grainer,,,2026-03-10,50,,P6,,,1.32167187744747630,
B19,213.0,B,2,19,20-L_linear,384_Premium,20-L,MMC_22,,400.0,E210,1,TIKTAALIK,10.0,384 well plate Grainer,m9229555,linear,2026-03-10,50,,P6,384,Premium,5.33612210973107600,2134.44884389243040
B20,11.0,B,2,20,,,,,,,E210,1,TIKTAALIK,,384 well plate Grainer,,,2026-03-10,50,,P6,,,1.34144749435527720,
B21,217.0,B,2,21,20-L_linear,384_Premium,20-L,MMC_22,,400.0,E210,1,TIKTAALIK,10.0,384 well plate Grainer,m9229555,linear,2026-03-10,50,,P6,384,Premium,5.41522457736228100,2166.08983094491200
B22,9.0,B,2,22,,,,,,,E210,1,TIKTAALIK,,384 well plate Grainer,,,2026-03-10,50,,P6,,,1.30189626053967530,
B23,235.0,B,2,23,20-L_linear,384_Premium,20-L,MMC_22,,400.0,E210,1,TIKTAALIK,10.0,384 well plate Grainer,m9229555,linear,2026-03-10,50,,P6,384,Premium,5.77118568170269800,2308.47427268107900
B24,35.0,B,2,24,Standard - 1,,,,1.0,1.0,E210,1,TIKTAALIK,,384 well plate Grainer,,,2026-03-10,50,,P6,,,1.81606230014250100,1.81606230014250
C1,299.0,C,3,1,12-L_plasmid,384_control,12-L,MMA_7,,200.0,E210,1,TIKTAALIK,10.0,384 well plate Grainer,m9134733,plasmid,2026-03-10,50,,P6,384,control,7.03682516380196200,1407.36503276039230
C2,6.0,C,3,2,,,,,,,E210,1,TIKTAALIK,,384 well plate Grainer,,,2026-03-10,50,,P6,,,1.24256940981627230,
C3,306.0,C,3,3,12-L_plasmid,384_control,12-L,MMA_7,,200.0,E210,1,TIKTAALIK,10.0,384 well plate Grainer,m9134733,plasmid,2026-03-10,50,,P6,384,control,7.17525448215656900,1435.05089643131370
C4,6.0,C,3,4,,,,,,,E210,1,TIKTAALIK,,384 well plate Grainer,,,2026-03-10,50,,P6,,,1.24256940981627230,
C5,325.0,C,3,5,12-L_plasmid,384_control,12-L,MMA_7,,200.0,E210,1,TIKTAALIK,10.0,384 well plate Grainer,m9134733,plasmid,2026-03-10,50,,P6,384,control,7.55099120340478700,1510.19824068095750
C6,7.0,C,3,6,,,,,,,E210,1,TIKTAALIK,,384 well plate Grainer,,,2026-03-10,50,,P6,,,1.26234502672407320,
C7,329.0,C,3,7,12-L_plasmid,384_control,12-L,MMA_7,,200.0,E210,1,TIKTAALIK,10.0,384 well plate Grainer,m9134733,plasmid,2026-03-10,50,,P6,384,control,7.63009367103599100,1526.01873420719810
C8,9.0,C,3,8,,,,,,,E210,1,TIKTAALIK,,384 well plate Grainer,,,2026-03-10,50,,P6,,,1.30189626053967530,
C9,334.0,C,3,9,12-L_plasmid,384_control,12-L,MMA_7,,200.0,E210,1,TIKTAALIK,10.0,384 well plate Grainer,m9134733,plasmid,2026-03-10,50,,P6,384,control,7.72897175557499600,1545.79435111499920
C10,9.0,C,3,10,,,,,,,E210,1,TIKTAALIK,,384 well plate Grainer,,,2026-03-10,50,,P6,,,1.30189626053967530,
C11,342.0,C,3,11,12-L_plasmid,384_control,12-L,MMA_7,,200.0,E210,1,TIKTAALIK,10.0,384 well plate Grainer,m9134733,plasmid,2026-03-10,50,,P6,384,control,7.88717669083740350,1577.43533816748070
C12,9.0,C,3,12,,,,,,,E210,1,TIKTAALIK,,384 well plate Grainer,,,2026-03-10,50,,P6,,,1.30189626053967530,
C13,149.0,C,3,13,12-L_plasmid,384_control,12-L,MMA_7,,400.0,E210,1,TIKTAALIK,10.0,384 well plate Grainer,m9134733,plasmid,2026-03-10,50,,P6,384,control,4.07048262763181300,1628.19305105272540
C14,8.0,C,3,14,,,,,,,E210,1,TIKTAALIK,,384 well plate Grainer,,,2026-03-10,50,,P6,,,1.28212064363187440,
C15,153.0,C,3,15,12-L_plasmid,384_control,12-L,MMA_7,,400.0,E210,1,TIKTAALIK,10.0,384 well plate Grainer,m9134733,plasmid,2026-03-10,50,,P6,384,control,4.14958509526301700,1659.83403810520700
C16,9.0,C,3,16,,,,,,,E210,1,TIKTAALIK,,384 well plate Grainer,,,2026-03-10,50,,P6,,,1.30189626053967530,
C17,169.0,C,3,17,12-L_plasmid,384_control,12-L,MMA_7,,400.0,E210,1,TIKTAALIK,10.0,384 well plate Grainer,m9134733,plasmid,2026-03-10,50,,P6,384,control,4.46599496578783300,1786.39798631513330
C18,8.0,C,3,18,,,,,,,E210,1,TIKTAALIK,,384 well plate Grainer,,,2026-03-10,50,,P6,,,1.28212064363187440,
C19,174.0,C,3,19,12-L_plasmid,384_control,12-L,MMA_7,,400.0,E210,1,TIKTAALIK,10.0,384 well plate Grainer,m9134733,plasmid,2026-03-10,50,,P6,384,control,4.56487305032683800,1825.94922013073530
C20,8.0,C,3,20,,,,,,,E210,1,TIKTAALIK,,384 well plate Grainer,,,2026-03-10,50,,P6,,,1.28212064363187440,
C21,177.0,C,3,21,12-L_plasmid,384_control,12-L,MMA_7,,400.0,E210,1,TIKTAALIK,10.0,384 well plate Grainer,m9134733,plasmid,2026-03-10,50,,P6,384,control,4.62419990105024150,1849.67996042009670
C22,9.0,C,3,22,,,,,,,E210,1,TIKTAALIK,,384 well plate Grainer,,,2026-03-10,50,,P6,,,1.30189626053967530,
C23,174.0,C,3,23,12-L_plasmid,384_control,12-L,MMA_7,,400.0,E210,1,TIKTAALIK,10.0,384 well plate Grainer,m9134733,plasmid,2026-03-10,50,,P6,384,control,4.56487305032683800,1825.94922013073530
C24,73.0,C,3,24,Standard - 2,,,,2.0,1.0,E210,1,TIKTAALIK,,384 well plate Grainer,,,2026-03-10,50,,P6,,,2.56753574263893820,2.56753574263894
D1,245.0,D,4,1,12-L_linear,384_control,12-L,MMA_7,,200.0,E210,1,TIKTAALIK,10.0,384 well plate Grainer,m9229555,linear,2026-03-10,50,,P6,384,control,5.96894185078070800,1193.78837015614160
D2,8.0,D,4,2,,,,,,,E210,1,TIKTAALIK,,384 well plate Grainer,,,2026-03-10,50,,P6,,,1.28212064363187440,
D3,227.0,D,4,3,12-L_linear,384_control,12-L,MMA_7,,200.0,E210,1,TIKTAALIK,10.0,384 well plate Grainer,m9229555,linear,2026-03-10,50,,P6,384,control,5.61298074644029000,1122.59614928805800
D4,6.0,D,4,4,,,,,,,E210,1,TIKTAALIK,,384 well plate Grainer,,,2026-03-10,50,,P6,,,1.24256940981627230,
D5,231.0,D,4,5,12-L_linear,384_control,12-L,MMA_7,,200.0,E210,1,TIKTAALIK,10.0,384 well plate Grainer,m9229555,linear,2026-03-10,50,,P6,384,control,5.69208321407149400,1138.41664281429870
D6,5.0,D,4,6,,,,,,,E210,1,TIKTAALIK,,384 well plate Grainer,,,2026-03-10,50,,P6,,,1.22279379290847130,
D7,221.0,D,4,7,12-L_linear,384_control,12-L,MMA_7,,200.0,E210,1,TIKTAALIK,10.0,384 well plate Grainer,m9229555,linear,2026-03-10,50,,P6,384,control,5.49432704499348500,1098.86540899869700
D8,8.0,D,4,8,,,,,,,E210,1,TIKTAALIK,,384 well plate Grainer,,,2026-03-10,50,,P6,,,1.28212064363187440,
D9,247.0,D,4,9,12-L_linear,384_control,12-L,MMA_7,,200.0,E210,1,TIKTAALIK,10.0,384 well plate Grainer,m9229555,linear,2026-03-10,50,,P6,384,control,6.00849308459631000,1201.69861691926200
D10,9.0,D,4,10,,,,,,,E210,1,TIKTAALIK,,384 well plate Grainer,,,2026-03-10,50,,P6,,,1.30189626053967530,
D11,236.0,D,4,11,12-L_linear,384_control,12-L,MMA_7,,200.0,E210,1,TIKTAALIK,10.0,384 well plate Grainer,m9229555,linear,2026-03-10,50,,P6,384,control,5.79096129861049900,1158.19225972209980
D12,9.0,D,4,12,,,,,,,E210,1,TIKTAALIK,,384 well plate Grainer,,,2026-03-10,50,,P6,,,1.30189626053967530,
D13,115.0,D,4,13,12-L_linear,384_control,12-L,MMA_7,,400.0,E210,1,TIKTAALIK,10.0,384 well plate Grainer,m9229555,linear,2026-03-10,50,,P6,384,control,3.39811165276658000,1359.24466110663200
D14,8.0,D,4,14,,,,,,,E210,1,TIKTAALIK,,384 well plate Grainer,,,2026-03-10,50,,P6,,,1.28212064363187440,
D15,120.0,D,4,15,12-L_linear,384_control,12-L,MMA_7,,400.0,E210,1,TIKTAALIK,10.0,384 well plate Grainer,m9229555,linear,2026-03-10,50,,P6,384,control,3.49698973730558470,1398.79589492223390
D16,10.0,D,4,16,,,,,,,E210,1,TIKTAALIK,,384 well plate Grainer,,,2026-03-10,50,,P6,,,1.32167187744747630,
D17,121.0,D,4,17,12-L_linear,384_control,12-L,MMA_7,,400.0,E210,1,TIKTAALIK,10.0,384 well plate Grainer,m9229555,linear,2026-03-10,50,,P6,384,control,3.51676535421338570,1406.70614168535420
D18,11.0,D,4,18,,,,,,,E210,1,TIKTAALIK,,384 well plate Grainer,,,2026-03-10,50,,P6,,,1.34144749435527720,
D19,129.0,D,4,19,12-L_linear,384_control,12-L,MMA_7,,400.0,E210,1,TIKTAALIK,10.0,384 well plate Grainer,m9229555,linear,2026-03-10,50,,P6,384,control,3.67497028947579360,1469.98811579031740
D20,8.0,D,4,20,,,,,,,E210,1,TIKTAALIK,,384 well plate Grainer,,,2026-03-10,50,,P6,,,1.28212064363187440,
D21,131.0,D,4,21,12-L_linear,384_control,12-L,MMA_7,,400.0,E210,1,TIKTAALIK,10.0,384 well plate Grainer,m9229555,linear,2026-03-10,50,,P6,384,control,3.71452152329139550,1485.80860931655820
D22,10.0,D,4,22,,,,,,,E210,1,TIKTAALIK,,384 well plate Grainer,,,2026-03-10,50,,P6,,,1.32167187744747630,
D23,131.0,D,4,23,12-L_linear,384_control,12-L,MMA_7,,400.0,E210,1,TIKTAALIK,10.0,384 well plate Grainer,m9229555,linear,2026-03-10,50,,P6,384,control,3.71452152329139550,1485.80860931655820
D24,76.0,D,4,24,Standard - 2,,,,2.0,1.0,E210,1,TIKTAALIK,,384 well plate Grainer,,,2026-03-10,50,,P6,,,2.62686259336234150,2.62686259336234
E1,7.0,E,5,1,neg,384_neg,12-L,MMA_7,,200.0,E210,1,TIKTAALIK,10.0,384 well plate Grainer,,neg,2026-03-10,50,,P6,384,neg,1.26234502672407320,252.46900534481463
E2,7.0,E,5,2,,,,,,,E210,1,TIKTAALIK,,384 well plate Grainer,,,2026-03-10,50,,P6,,,1.26234502672407320,
E3,9.0,E,5,3,neg,384_neg,12-L,MMA_7,,200.0,E210,1,TIKTAALIK,10.0,384 well plate Grainer,,neg,2026-03-10,50,,P6,384,neg,1.30189626053967530,260.37925210793510
E4,10.0,E,5,4,,,,,,,E210,1,TIKTAALIK,,384 well plate Grainer,,,2026-03-10,50,,P6,,,1.32167187744747630,
E5,10.0,E,5,5,neg,384_neg,12-L,MMA_7,,200.0,E210,1,TIKTAALIK,10.0,384 well plate Grainer,,neg,2026-03-10,50,,P6,384,neg,1.32167187744747630,264.33437548949524
E6,9.0,E,5,6,,,,,,,E210,1,TIKTAALIK,,384 well plate Grainer,,,2026-03-10,50,,P6,,,1.30189626053967530,
E7,9.0,E,5,7,neg,384_neg,12-L,MMA_7,,200.0,E210,1,TIKTAALIK,10.0,384 well plate Grainer,,neg,2026-03-10,50,,P6,384,neg,1.30189626053967530,260.37925210793510
E8,10.0,E,5,8,,,,,,,E210,1,TIKTAALIK,,384 well plate Grainer,,,2026-03-10,50,,P6,,,1.32167187744747630,
E9,10.0,E,5,9,neg,384_neg,12-L,MMA_7,,200.0,E210,1,TIKTAALIK,10.0,384 well plate Grainer,,neg,2026-03-10,50,,P6,384,neg,1.32167187744747630,264.33437548949524
E10,8.0,E,5,10,,,,,,,E210,1,TIKTAALIK,,384 well plate Grainer,,,2026-03-10,50,,P6,,,1.28212064363187440,
E11,9.0,E,5,11,neg,384_neg,12-L,MMA_7,,200.0,E210,1,TIKTAALIK,10.0,384 well plate Grainer,,neg,2026-03-10,50,,P6,384,neg,1.30189626053967530,260.37925210793510
E12,8.0,E,5,12,,,,,,,E210,1,TIKTAALIK,,384 well plate Grainer,,,2026-03-10,50,,P6,,,1.28212064363187440,
E13,7.0,E,5,13,,,,,,,E210,1,TIKTAALIK,10.0,384 well plate Grainer,,,2026-03-10,50,,P6,,,1.26234502672407320,
E14,8.0,E,5,14,,,,,,,E210,1,TIKTAALIK,,384 well plate Grainer,,,2026-03-10,50,,P6,,,1.28212064363187440,
E15,6.0,E,5,15,,,,,,,E210,1,TIKTAALIK,10.0,384 well plate Grainer,,,2026-03-10,50,,P6,,,1.24256940981627230,
E16,9.0,E,5,16,,,,,,,E210,1,TIKTAALIK,,384 well plate Grainer,,,2026-03-10,50,,P6,,,1.30189626053967530,
E17,10.0,E,5,17,,,,,,,E210,1,TIKTAALIK,10.0,384 well plate Grainer,,,2026-03-10,50,,P6,,,1.32167187744747630,
E18,9.0,E,5,18,,,,,,,E210,1,TIKTAALIK,,384 well plate Grainer,,,2026-03-10,50,,P6,,,1.30189626053967530,
E19,9.0,E,5,19,,,,,,,E210,1,TIKTAALIK,10.0,384 well plate Grainer,,,2026-03-10,50,,P6,,,1.30189626053967530,
E20,8.0,E,5,20,,,,,,,E210,1,TIKTAALIK,,384 well plate Grainer,,,2026-03-10,50,,P6,,,1.28212064363187440,
E21,11.0,E,5,21,,,,,,,E210,1,TIKTAALIK,10.0,384 well plate Grainer,,,2026-03-10,50,,P6,,,1.34144749435527720,
E22,8.0,E,5,22,,,,,,,E210,1,TIKTAALIK,,384 well plate Grainer,,,2026-03-10,50,,P6,,,1.28212064363187440,
E23,10.0,E,5,23,,,,,,,E210,1,TIKTAALIK,10.0,384 well plate Grainer,,,2026-03-10,50,,P6,,,1.32167187744747630,
E24,165.0,E,5,24,Standard - 3,,,,4.0,1.0,E210,1,TIKTAALIK,,384 well plate Grainer,,,2026-03-10,50,,P6,,,4.38689249815662900,4.38689249815663
F1,9.0,F,6,1,,,,,,,E210,1,TIKTAALIK,,384 well plate Grainer,,,2026-03-10,50,,P6,,,1.30189626053967530,
F2,7.0,F,6,2,,,,,,,E210,1,TIKTAALIK,,384 well plate Grainer,,,2026-03-10,50,,P6,,,1.26234502672407320,
F3,8.0,F,6,3,,,,,,,E210,1,TIKTAALIK,,384 well plate Grainer,,,2026-03-10,50,,P6,,,1.28212064363187440,
F4,9.0,F,6,4,,,,,,,E210,1,TIKTAALIK,,384 well plate Grainer,,,2026-03-10,50,,P6,,,1.30189626053967530,
F5,9.0,F,6,5,,,,,,,E210,1,TIKTAALIK,,384 well plate Grainer,,,2026-03-10,50,,P6,,,1.30189626053967530,
F6,8.0,F,6,6,,,,,,,E210,1,TIKTAALIK,,384 well plate Grainer,,,2026-03-10,50,,P6,,,1.28212064363187440,
F7,7.0,F,6,7,,,,,,,E210,1,TIKTAALIK,,384 well plate Grainer,,,2026-03-10,50,,P6,,,1.26234502672407320,
F8,12.0,F,6,8,,,,,,,E210,1,TIKTAALIK,,384 well plate Grainer,,,2026-03-10,50,,P6,,,1.36122311126307820,
F9,9.0,F,6,9,,,,,,,E210,1,TIKTAALIK,,384 well plate Grainer,,,2026-03-10,50,,P6,,,1.30189626053967530,
F10,10.0,F,6,10,,,,,,,E210,1,TIKTAALIK,,384 well plate Grainer,,,2026-03-10,50,,P6,,,1.32167187744747630,
F11,8.0,F,6,11,,,,,,,E210,1,TIKTAALIK,,384 well plate Grainer,,,2026-03-10,50,,P6,,,1.28212064363187440,
F12,7.0,F,6,12,,,,,,,E210,1,TIKTAALIK,,384 well plate Grainer,,,2026-03-10,50,,P6,,,1.26234502672407320,
F13,9.0,F,6,13,,,,,,,E210,1,TIKTAALIK,,384 well plate Grainer,,,2026-03-10,50,,P6,,,1.30189626053967530,
F14,8.0,F,6,14,,,,,,,E210,1,TIKTAALIK,,384 well plate Grainer,,,2026-03-10,50,,P6,,,1.28212064363187440,
F15,8.0,F,6,15,,,,,,,E210,1,TIKTAALIK,,384 well plate Grainer,,,2026-03-10,50,,P6,,,1.28212064363187440,
F16,10.0,F,6,16,,,,,,,E210,1,TIKTAALIK,,384 well plate Grainer,,,2026-03-10,50,,P6,,,1.32167187744747630,
F17,9.0,F,6,17,,,,,,,E210,1,TIKTAALIK,,384 well plate Grainer,,,2026-03-10,50,,P6,,,1.30189626053967530,
F18,8.0,F,6,18,,,,,,,E210,1,TIKTAALIK,,384 well plate Grainer,,,2026-03-10,50,,P6,,,1.28212064363187440,
F19,9.0,F,6,19,,,,,,,E210,1,TIKTAALIK,,384 well plate Grainer,,,2026-03-10,50,,P6,,,1.30189626053967530,
F20,7.0,F,6,20,,,,,,,E210,1,TIKTAALIK,,384 well plate Grainer,,,2026-03-10,50,,P6,,,1.26234502672407320,
F21,8.0,F,6,21,,,,,,,E210,1,TIKTAALIK,,384 well plate Grainer,,,2026-03-10,50,,P6,,,1.28212064363187440,
F22,6.0,F,6,22,,,,,,,E210,1,TIKTAALIK,,384 well plate Grainer,,,2026-03-10,50,,P6,,,1.24256940981627230,
F23,8.0,F,6,23,,,,,,,E210,1,TIKTAALIK,,384 well plate Grainer,,,2026-03-10,50,,P6,,,1.28212064363187440,
F24,176.0,F,6,24,Standard - 3,,,,4.0,1.0,E210,1,TIKTAALIK,,384 well plate Grainer,,,2026-03-10,50,,P6,,,4.60442428414244000,4.60442428414244
G2,9.0,G,7,2,,,,,,,E210,1,TIKTAALIK,,384 well plate Grainer,,,2026-03-10,50,,P6,,,1.30189626053967530,
G4,7.0,G,7,4,,,,,,,E210,1,TIKTAALIK,,384 well plate Grainer,,,2026-03-10,50,,P6,,,1.26234502672407320,
G6,9.0,G,7,6,,,,,,,E210,1,TIKTAALIK,,384 well plate Grainer,,,2026-03-10,50,,P6,,,1.30189626053967530,
G7,8.0,G,7,7,,,,,,,E210,1,TIKTAALIK,,384 well plate Grainer,,,2026-03-10,50,,P6,,,1.28212064363187440,
G8,8.0,G,7,8,,,,,,,E210,1,TIKTAALIK,,384 well plate Grainer,,,2026-03-10,50,,P6,,,1.28212064363187440,
G9,8.0,G,7,9,,,,,,,E210,1,TIKTAALIK,,384 well plate Grainer,,,2026-03-10,50,,P6,,,1.28212064363187440,
G10,8.0,G,7,10,,,,,,,E210,1,TIKTAALIK,,384 well plate Grainer,,,2026-03-10,50,,P6,,,1.28212064363187440,
G11,9.0,G,7,11,,,,,,,E210,1,TIKTAALIK,,384 well plate Grainer,,,2026-03-10,50,,P6,,,1.30189626053967530,
G12,10.0,G,7,12,,,,,,,E210,1,TIKTAALIK,,384 well plate Grainer,,,2026-03-10,50,,P6,,,1.32167187744747630,
G13,7.0,G,7,13,,,,,,,E210,1,TIKTAALIK,,384 well plate Grainer,,,2026-03-10,50,,P6,,,1.26234502672407320,
G14,9.0,G,7,14,,,,,,,E210,1,TIKTAALIK,,384 well plate Grainer,,,2026-03-10,50,,P6,,,1.30189626053967530,
G15,8.0,G,7,15,,,,,,,E210,1,TIKTAALIK,,384 well plate Grainer,,,2026-03-10,50,,P6,,,1.28212064363187440,
G16,8.0,G,7,16,,,,,,,E210,1,TIKTAALIK,,384 well plate Grainer,,,2026-03-10,50,,P6,,,1.28212064363187440,
G17,10.0,G,7,17,,,,,,,E210,1,TIKTAALIK,,384 well plate Grainer,,,2026-03-10,50,,P6,,,1.32167187744747630,
G18,9.0,G,7,18,,,,,,,E210,1,TIKTAALIK,,384 well plate Grainer,,,2026-03-10,50,,P6,,,1.30189626053967530,
G19,9.0,G,7,19,,,,,,,E210,1,TIKTAALIK,,384 well plate Grainer,,,2026-03-10,50,,P6,,,1.30189626053967530,
G20,10.0,G,7,20,,,,,,,E210,1,TIKTAALIK,,384 well plate Grainer,,,2026-03-10,50,,P6,,,1.32167187744747630,
G21,10.0,G,7,21,,,,,,,E210,1,TIKTAALIK,,384 well plate Grainer,,,2026-03-10,50,,P6,,,1.32167187744747630,
G22,8.0,G,7,22,,,,,,,E210,1,TIKTAALIK,,384 well plate Grainer,,,2026-03-10,50,,P6,,,1.28212064363187440,
G23,7.0,G,7,23,,,,,,,E210,1,TIKTAALIK,,384 well plate Grainer,,,2026-03-10,50,,P6,,,1.26234502672407320,
G24,398.0,G,7,24,Standard - 4,,,,8.0,1.0,E210,1,TIKTAALIK,,384 well plate Grainer,,,2026-03-10,50,,P6,,,8.99461123767426000,8.99461123767426
H2,4.0,H,8,2,,,,,,,E210,1,TIKTAALIK,,384 well plate Grainer,,,2026-03-10,50,,P6,,,1.20301817600067040,
H4,9.0,H,8,4,,,,,,,E210,1,TIKTAALIK,,384 well plate Grainer,,,2026-03-10,50,,P6,,,1.30189626053967530,
H6,9.0,H,8,6,,,,,,,E210,1,TIKTAALIK,,384 well plate Grainer,,,2026-03-10,50,,P6,,,1.30189626053967530,
H7,7.0,H,8,7,,,,,,,E210,1,TIKTAALIK,,384 well plate Grainer,,,2026-03-10,50,,P6,,,1.26234502672407320,
H8,12.0,H,8,8,,,,,,,E210,1,TIKTAALIK,,384 well plate Grainer,,,2026-03-10,50,,P6,,,1.36122311126307820,
H9,10.0,H,8,9,,,,,,,E210,1,TIKTAALIK,,384 well plate Grainer,,,2026-03-10,50,,P6,,,1.32167187744747630,
H10,9.0,H,8,10,,,,,,,E210,1,TIKTAALIK,,384 well plate Grainer,,,2026-03-10,50,,P6,,,1.30189626053967530,
H11,10.0,H,8,11,,,,,,,E210,1,TIKTAALIK,,384 well plate Grainer,,,2026-03-10,50,,P6,,,1.32167187744747630,
H12,8.0,H,8,12,,,,,,,E210,1,TIKTAALIK,,384 well plate Grainer,,,2026-03-10,50,,P6,,,1.28212064363187440,
H13,6.0,H,8,13,,,,,,,E210,1,TIKTAALIK,,384 well plate Grainer,,,2026-03-10,50,,P6,,,1.24256940981627230,
H14,10.0,H,8,14,,,,,,,E210,1,TIKTAALIK,,384 well plate Grainer,,,2026-03-10,50,,P6,,,1.32167187744747630,
H15,11.0,H,8,15,,,,,,,E210,1,TIKTAALIK,,384 well plate Grainer,,,2026-03-10,50,,P6,,,1.34144749435527720,
H16,8.0,H,8,16,,,,,,,E210,1,TIKTAALIK,,384 well plate Grainer,,,2026-03-10,50,,P6,,,1.28212064363187440,
H17,7.0,H,8,17,,,,,,,E210,1,TIKTAALIK,,384 well plate Grainer,,,2026-03-10,50,,P6,,,1.26234502672407320,
H18,9.0,H,8,18,,,,,,,E210,1,TIKTAALIK,,384 well plate Grainer,,,2026-03-10,50,,P6,,,1.30189626053967530,
H19,7.0,H,8,19,,,,,,,E210,1,TIKTAALIK,,384 well plate Grainer,,,2026-03-10,50,,P6,,,1.26234502672407320,
H20,10.0,H,8,20,,,,,,,E210,1,TIKTAALIK,,384 well plate Grainer,,,2026-03-10,50,,P6,,,1.32167187744747630,
H21,10.0,H,8,21,,,,,,,E210,1,TIKTAALIK,,384 well plate Grainer,,,2026-03-10,50,,P6,,,1.32167187744747630,
H22,7.0,H,8,22,,,,,,,E210,1,TIKTAALIK,,384 well plate Grainer,,,2026-03-10,50,,P6,,,1.26234502672407320,
H23,8.0,H,8,23,,,,,,,E210,1,TIKTAALIK,,384 well plate Grainer,,,2026-03-10,50,,P6,,,1.28212064363187440,
H24,384.0,H,8,24,Standard - 4,,,,8.0,1.0,E210,1,TIKTAALIK,,384 well plate Grainer,,,2026-03-10,50,,P6,,,8.71775260096504600,8.71775260096505
I2,8.0,I,9,2,,,,,,,E210,1,TIKTAALIK,,384 well plate Grainer,,,2026-03-10,50,,P6,,,1.28212064363187440,
I4,9.0,I,9,4,,,,,,,E210,1,TIKTAALIK,,384 well plate Grainer,,,2026-03-10,50,,P6,,,1.30189626053967530,
I6,7.0,I,9,6,,,,,,,E210,1,TIKTAALIK,,384 well plate Grainer,,,2026-03-10,50,,P6,,,1.26234502672407320,
I7,6.0,I,9,7,,,,,,,E210,1,TIKTAALIK,,384 well plate Grainer,,,2026-03-10,50,,P6,,,1.24256940981627230,
I8,11.0,I,9,8,,,,,,,E210,1,TIKTAALIK,,384 well plate Grainer,,,2026-03-10,50,,P6,,,1.34144749435527720,
I9,10.0,I,9,9,,,,,,,E210,1,TIKTAALIK,,384 well plate Grainer,,,2026-03-10,50,,P6,,,1.32167187744747630,
I10,9.0,I,9,10,,,,,,,E210,1,TIKTAALIK,,384 well plate Grainer,,,2026-03-10,50,,P6,,,1.30189626053967530,
I11,13.0,I,9,11,,,,,,,E210,1,TIKTAALIK,,384 well plate Grainer,,,2026-03-10,50,,P6,,,1.38099872817087930,
I12,7.0,I,9,12,,,,,,,E210,1,TIKTAALIK,,384 well plate Grainer,,,2026-03-10,50,,P6,,,1.26234502672407320,
I13,5.0,I,9,13,,,,,,,E210,1,TIKTAALIK,,384 well plate Grainer,,,2026-03-10,50,,P6,,,1.22279379290847130,
I14,8.0,I,9,14,,,,,,,E210,1,TIKTAALIK,,384 well plate Grainer,,,2026-03-10,50,,P6,,,1.28212064363187440,
I15,9.0,I,9,15,,,,,,,E210,1,TIKTAALIK,,384 well plate Grainer,,,2026-03-10,50,,P6,,,1.30189626053967530,
I16,8.0,I,9,16,,,,,,,E210,1,TIKTAALIK,,384 well plate Grainer,,,2026-03-10,50,,P6,,,1.28212064363187440,
I17,8.0,I,9,17,,,,,,,E210,1,TIKTAALIK,,384 well plate Grainer,,,2026-03-10,50,,P6,,,1.28212064363187440,
I18,8.0,I,9,18,,,,,,,E210,1,TIKTAALIK,,384 well plate Grainer,,,2026-03-10,50,,P6,,,1.28212064363187440,
I19,8.0,I,9,19,,,,,,,E210,1,TIKTAALIK,,384 well plate Grainer,,,2026-03-10,50,,P6,,,1.28212064363187440,
I20,7.0,I,9,20,,,,,,,E210,1,TIKTAALIK,,384 well plate Grainer,,,2026-03-10,50,,P6,,,1.26234502672407320,
I21,9.0,I,9,21,,,,,,,E210,1,TIKTAALIK,,384 well plate Grainer,,,2026-03-10,50,,P6,,,1.30189626053967530,
I22,9.0,I,9,22,,,,,,,E210,1,TIKTAALIK,,384 well plate Grainer,,,2026-03-10,50,,P6,,,1.30189626053967530,
I23,9.0,I,9,23,,,,,,,E210,1,TIKTAALIK,,384 well plate Grainer,,,2026-03-10,50,,P6,,,1.30189626053967530,
I24,778.0,I,9,24,Standard - 5,,,,16.0,1.0,E210,1,TIKTAALIK,,384 well plate Grainer,,,2026-03-10,50,,P6,,,16.50934566263863300,16.50934566263863
J2,8.0,J,10,2,,,,,,,E210,1,TIKTAALIK,,384 well plate Grainer,,,2026-03-10,50,,P6,,,1.28212064363187440,
J4,8.0,J,10,4,,,,,,,E210,1,TIKTAALIK,,384 well plate Grainer,,,2026-03-10,50,,P6,,,1.28212064363187440,
G1,1305.0,G,7,1,spike-in,spike-in,spike-in,spike-in,,20.0,E210,1,TIKTAALIK,10.0,384 well plate Grainer,,spike-in,2026-03-10,50,,P6,spike-in,,26.93109577304975500,538.62191546099510
G3,253.0,G,7,3,spike-in,spike-in,spike-in,spike-in,,100.0,E210,1,TIKTAALIK,10.0,384 well plate Grainer,,spike-in,2026-03-10,50,,P6,spike-in,,6.12714678604311600,612.71467860431150
G5,107.0,G,7,5,spike-in,spike-in,spike-in,spike-in,,200.0,E210,1,TIKTAALIK,10.0,384 well plate Grainer,,spike-in,2026-03-10,50,,P6,spike-in,,3.23990671750417200,647.98134350083440
H1,1248.0,H,8,1,spike-in,spike-in,spike-in,spike-in,,20.0,E210,1,TIKTAALIK,10.0,384 well plate Grainer,,spike-in,2026-03-10,50,,P6,spike-in,,25.80388560930509800,516.07771218610200
H3,265.0,H,8,3,spike-in,spike-in,spike-in,spike-in,,100.0,E210,1,TIKTAALIK,10.0,384 well plate Grainer,,spike-in,2026-03-10,50,,P6,spike-in,,6.36445418893672800,636.44541889367280
H5,111.0,H,8,5,spike-in,spike-in,spike-in,spike-in,,200.0,E210,1,TIKTAALIK,10.0,384 well plate Grainer,,spike-in,2026-03-10,50,,P6,spike-in,,3.31900918513537600,663.80183702707520
I1,1264.0,I,9,1,spike-in,spike-in,spike-in,spike-in,,20.0,E210,1,TIKTAALIK,10.0,384 well plate Grainer,,spike-in,2026-03-10,50,,P6,spike-in,,26.12029547982991300,522.40590959659820
I3,263.0,I,9,3,spike-in,spike-in,spike-in,spike-in,,100.0,E210,1,TIKTAALIK,10.0,384 well plate Grainer,,spike-in,2026-03-10,50,,P6,spike-in,,6.32490295512112600,632.49029551211270
I5,123.0,I,9,5,spike-in,spike-in,spike-in,spike-in,,200.0,E210,1,TIKTAALIK,10.0,384 well plate Grainer,,spike-in,2026-03-10,50,,P6,spike-in,,3.55631658802898750,711.26331760579750
J1,1221.0,J,10,1,spike-in,spike-in,spike-in,spike-in,,20.0,E210,1,TIKTAALIK,10.0,384 well plate Grainer,,spike-in,2026-03-10,50,,P6,spike-in,,25.26994395279447000,505.39887905588944
J3,259.0,J,10,3,spike-in,spike-in,spike-in,spike-in,,100.0,E210,1,TIKTAALIK,10.0,384 well plate Grainer,,spike-in,2026-03-10,50,,P6,spike-in,,6.24580048748992200,624.58004874899220
J5,116.0,J,10,5,spike-in,spike-in,spike-in,spike-in,,200.0,E210,1,TIKTAALIK,10.0,384 well plate Grainer,,spike-in,2026-03-10,50,,P6,spike-in,,3.41788726967438100,683.57745393487620
J6,7.0,J,10,6,,,,,,,E210,1,TIKTAALIK,,384 well plate Grainer,,,2026-03-10,50,,P6,,,1.26234502672407320,
J7,9.0,J,10,7,,,,,,,E210,1,TIKTAALIK,,384 well plate Grainer,,,2026-03-10,50,,P6,,,1.30189626053967530,
J8,9.0,J,10,8,,,,,,,E210,1,TIKTAALIK,,384 well plate Grainer,,,2026-03-10,50,,P6,,,1.30189626053967530,
J9,7.0,J,10,9,,,,,,,E210,1,TIKTAALIK,,384 well plate Grainer,,,2026-03-10,50,,P6,,,1.26234502672407320,
J10,8.0,J,10,10,,,,,,,E210,1,TIKTAALIK,,384 well plate Grainer,,,2026-03-10,50,,P6,,,1.28212064363187440,
J11,7.0,J,10,11,,,,,,,E210,1,TIKTAALIK,,384 well plate Grainer,,,2026-03-10,50,,P6,,,1.26234502672407320,
J12,11.0,J,10,12,,,,,,,E210,1,TIKTAALIK,,384 well plate Grainer,,,2026-03-10,50,,P6,,,1.34144749435527720,
J13,10.0,J,10,13,,,,,,,E210,1,TIKTAALIK,,384 well plate Grainer,,,2026-03-10,50,,P6,,,1.32167187744747630,
J14,7.0,J,10,14,,,,,,,E210,1,TIKTAALIK,,384 well plate Grainer,,,2026-03-10,50,,P6,,,1.26234502672407320,
J15,8.0,J,10,15,,,,,,,E210,1,TIKTAALIK,,384 well plate Grainer,,,2026-03-10,50,,P6,,,1.28212064363187440,
J16,8.0,J,10,16,,,,,,,E210,1,TIKTAALIK,,384 well plate Grainer,,,2026-03-10,50,,P6,,,1.28212064363187440,
J17,9.0,J,10,17,,,,,,,E210,1,TIKTAALIK,,384 well plate Grainer,,,2026-03-10,50,,P6,,,1.30189626053967530,
J18,8.0,J,10,18,,,,,,,E210,1,TIKTAALIK,,384 well plate Grainer,,,2026-03-10,50,,P6,,,1.28212064363187440,
J19,8.0,J,10,19,,,,,,,E210,1,TIKTAALIK,,384 well plate Grainer,,,2026-03-10,50,,P6,,,1.28212064363187440,
J20,7.0,J,10,20,,,,,,,E210,1,TIKTAALIK,,384 well plate Grainer,,,2026-03-10,50,,P6,,,1.26234502672407320,
J21,8.0,J,10,21,,,,,,,E210,1,TIKTAALIK,,384 well plate Grainer,,,2026-03-10,50,,P6,,,1.28212064363187440,
J22,8.0,J,10,22,,,,,,,E210,1,TIKTAALIK,,384 well plate Grainer,,,2026-03-10,50,,P6,,,1.28212064363187440,
J23,10.0,J,10,23,,,,,,,E210,1,TIKTAALIK,,384 well plate Grainer,,,2026-03-10,50,,P6,,,1.32167187744747630,
J24,775.0,J,10,24,Standard - 5,,,,16.0,1.0,E210,1,TIKTAALIK,,384 well plate Grainer,,,2026-03-10,50,,P6,,,16.45001881191523000,16.45001881191523
K1,8.0,K,11,1,,,,,,,E210,1,TIKTAALIK,,384 well plate Grainer,,,2026-03-10,50,,P6,,,1.28212064363187440,
K2,8.0,K,11,2,,,,,,,E210,1,TIKTAALIK,,384 well plate Grainer,,,2026-03-10,50,,P6,,,1.28212064363187440,
K3,6.0,K,11,3,,,,,,,E210,1,TIKTAALIK,,384 well plate Grainer,,,2026-03-10,50,,P6,,,1.24256940981627230,
K4,5.0,K,11,4,,,,,,,E210,1,TIKTAALIK,,384 well plate Grainer,,,2026-03-10,50,,P6,,,1.22279379290847130,
K5,8.0,K,11,5,,,,,,,E210,1,TIKTAALIK,,384 well plate Grainer,,,2026-03-10,50,,P6,,,1.28212064363187440,
K6,6.0,K,11,6,,,,,,,E210,1,TIKTAALIK,,384 well plate Grainer,,,2026-03-10,50,,P6,,,1.24256940981627230,
K7,8.0,K,11,7,,,,,,,E210,1,TIKTAALIK,,384 well plate Grainer,,,2026-03-10,50,,P6,,,1.28212064363187440,
K8,9.0,K,11,8,,,,,,,E210,1,TIKTAALIK,,384 well plate Grainer,,,2026-03-10,50,,P6,,,1.30189626053967530,
K9,10.0,K,11,9,,,,,,,E210,1,TIKTAALIK,,384 well plate Grainer,,,2026-03-10,50,,P6,,,1.32167187744747630,
K10,10.0,K,11,10,,,,,,,E210,1,TIKTAALIK,,384 well plate Grainer,,,2026-03-10,50,,P6,,,1.32167187744747630,
K11,10.0,K,11,11,,,,,,,E210,1,TIKTAALIK,,384 well plate Grainer,,,2026-03-10,50,,P6,,,1.32167187744747630,
K12,7.0,K,11,12,,,,,,,E210,1,TIKTAALIK,,384 well plate Grainer,,,2026-03-10,50,,P6,,,1.26234502672407320,
K13,8.0,K,11,13,,,,,,,E210,1,TIKTAALIK,,384 well plate Grainer,,,2026-03-10,50,,P6,,,1.28212064363187440,
K14,9.0,K,11,14,,,,,,,E210,1,TIKTAALIK,,384 well plate Grainer,,,2026-03-10,50,,P6,,,1.30189626053967530,
K15,7.0,K,11,15,,,,,,,E210,1,TIKTAALIK,,384 well plate Grainer,,,2026-03-10,50,,P6,,,1.26234502672407320,
K16,11.0,K,11,16,,,,,,,E210,1,TIKTAALIK,,384 well plate Grainer,,,2026-03-10,50,,P6,,,1.34144749435527720,
K17,9.0,K,11,17,,,,,,,E210,1,TIKTAALIK,,384 well plate Grainer,,,2026-03-10,50,,P6,,,1.30189626053967530,
K18,8.0,K,11,18,,,,,,,E210,1,TIKTAALIK,,384 well plate Grainer,,,2026-03-10,50,,P6,,,1.28212064363187440,
K19,7.0,K,11,19,,,,,,,E210,1,TIKTAALIK,,384 well plate Grainer,,,2026-03-10,50,,P6,,,1.26234502672407320,
K20,6.0,K,11,20,,,,,,,E210,1,TIKTAALIK,,384 well plate Grainer,,,2026-03-10,50,,P6,,,1.24256940981627230,
K21,7.0,K,11,21,,,,,,,E210,1,TIKTAALIK,,384 well plate Grainer,,,2026-03-10,50,,P6,,,1.26234502672407320,
K22,7.0,K,11,22,,,,,,,E210,1,TIKTAALIK,,384 well plate Grainer,,,2026-03-10,50,,P6,,,1.26234502672407320,
K23,10.0,K,11,23,,,,,,,E210,1,TIKTAALIK,,384 well plate Grainer,,,2026-03-10,50,,P6,,,1.32167187744747630,
K24,1667.0,K,11,24,Standard - 6,,,,32.0,1.0,E210,1,TIKTAALIK,,384 well plate Grainer,,,2026-03-10,50,,P6,,,34.08986909367371000,34.08986909367371
L1,9.0,L,12,1,,,,,,,E210,1,TIKTAALIK,,384 well plate Grainer,,,2026-03-10,50,,P6,,,1.30189626053967530,
L2,9.0,L,12,2,,,,,,,E210,1,TIKTAALIK,,384 well plate Grainer,,,2026-03-10,50,,P6,,,1.30189626053967530,
L3,11.0,L,12,3,,,,,,,E210,1,TIKTAALIK,,384 well plate Grainer,,,2026-03-10,50,,P6,,,1.34144749435527720,
L4,9.0,L,12,4,,,,,,,E210,1,TIKTAALIK,,384 well plate Grainer,,,2026-03-10,50,,P6,,,1.30189626053967530,
L5,8.0,L,12,5,,,,,,,E210,1,TIKTAALIK,,384 well plate Grainer,,,2026-03-10,50,,P6,,,1.28212064363187440,
L6,9.0,L,12,6,,,,,,,E210,1,TIKTAALIK,,384 well plate Grainer,,,2026-03-10,50,,P6,,,1.30189626053967530,
L7,7.0,L,12,7,,,,,,,E210,1,TIKTAALIK,,384 well plate Grainer,,,2026-03-10,50,,P6,,,1.26234502672407320,
L8,8.0,L,12,8,,,,,,,E210,1,TIKTAALIK,,384 well plate Grainer,,,2026-03-10,50,,P6,,,1.28212064363187440,
L9,9.0,L,12,9,,,,,,,E210,1,TIKTAALIK,,384 well plate Grainer,,,2026-03-10,50,,P6,,,1.30189626053967530,
L10,8.0,L,12,10,,,,,,,E210,1,TIKTAALIK,,384 well plate Grainer,,,2026-03-10,50,,P6,,,1.28212064363187440,
L11,10.0,L,12,11,,,,,,,E210,1,TIKTAALIK,,384 well plate Grainer,,,2026-03-10,50,,P6,,,1.32167187744747630,
L12,8.0,L,12,12,,,,,,,E210,1,TIKTAALIK,,384 well plate Grainer,,,2026-03-10,50,,P6,,,1.28212064363187440,
L13,5.0,L,12,13,,,,,,,E210,1,TIKTAALIK,,384 well plate Grainer,,,2026-03-10,50,,P6,,,1.22279379290847130,
L14,8.0,L,12,14,,,,,,,E210,1,TIKTAALIK,,384 well plate Grainer,,,2026-03-10,50,,P6,,,1.28212064363187440,
L15,8.0,L,12,15,,,,,,,E210,1,TIKTAALIK,,384 well plate Grainer,,,2026-03-10,50,,P6,,,1.28212064363187440,
L16,4.0,L,12,16,,,,,,,E210,1,TIKTAALIK,,384 well plate Grainer,,,2026-03-10,50,,P6,,,1.20301817600067040,
L17,8.0,L,12,17,,,,,,,E210,1,TIKTAALIK,,384 well plate Grainer,,,2026-03-10,50,,P6,,,1.28212064363187440,
L18,8.0,L,12,18,,,,,,,E210,1,TIKTAALIK,,384 well plate Grainer,,,2026-03-10,50,,P6,,,1.28212064363187440,
L19,7.0,L,12,19,,,,,,,E210,1,TIKTAALIK,,384 well plate Grainer,,,2026-03-10,50,,P6,,,1.26234502672407320,
L20,7.0,L,12,20,,,,,,,E210,1,TIKTAALIK,,384 well plate Grainer,,,2026-03-10,50,,P6,,,1.26234502672407320,
L21,7.0,L,12,21,,,,,,,E210,1,TIKTAALIK,,384 well plate Grainer,,,2026-03-10,50,,P6,,,1.26234502672407320,
L22,7.0,L,12,22,,,,,,,E210,1,TIKTAALIK,,384 well plate Grainer,,,2026-03-10,50,,P6,,,1.26234502672407320,
L23,11.0,L,12,23,,,,,,,E210,1,TIKTAALIK,,384 well plate Grainer,,,2026-03-10,50,,P6,,,1.34144749435527720,
L24,1551.0,L,12,24,Standard - 6,,,,32.0,1.0,E210,1,TIKTAALIK,,384 well plate Grainer,,,2026-03-10,50,,P6,,,31.79589753236879800,31.79589753236880
M1,12.0,M,13,1,,,,,,,E210,1,TIKTAALIK,,384 well plate Grainer,,,2026-03-10,50,,P6,,,1.36122311126307820,
M2,10.0,M,13,2,,,,,,,E210,1,TIKTAALIK,,384 well plate Grainer,,,2026-03-10,50,,P6,,,1.32167187744747630,
M3,10.0,M,13,3,,,,,,,E210,1,TIKTAALIK,,384 well plate Grainer,,,2026-03-10,50,,P6,,,1.32167187744747630,
M4,7.0,M,13,4,,,,,,,E210,1,TIKTAALIK,,384 well plate Grainer,,,2026-03-10,50,,P6,,,1.26234502672407320,
M5,11.0,M,13,5,,,,,,,E210,1,TIKTAALIK,,384 well plate Grainer,,,2026-03-10,50,,P6,,,1.34144749435527720,
M6,8.0,M,13,6,,,,,,,E210,1,TIKTAALIK,,384 well plate Grainer,,,2026-03-10,50,,P6,,,1.28212064363187440,
M7,9.0,M,13,7,,,,,,,E210,1,TIKTAALIK,,384 well plate Grainer,,,2026-03-10,50,,P6,,,1.30189626053967530,
M8,8.0,M,13,8,,,,,,,E210,1,TIKTAALIK,,384 well plate Grainer,,,2026-03-10,50,,P6,,,1.28212064363187440,
M9,7.0,M,13,9,,,,,,,E210,1,TIKTAALIK,,384 well plate Grainer,,,2026-03-10,50,,P6,,,1.26234502672407320,
M10,8.0,M,13,10,,,,,,,E210,1,TIKTAALIK,,384 well plate Grainer,,,2026-03-10,50,,P6,,,1.28212064363187440,
M11,9.0,M,13,11,,,,,,,E210,1,TIKTAALIK,,384 well plate Grainer,,,2026-03-10,50,,P6,,,1.30189626053967530,
M12,9.0,M,13,12,,,,,,,E210,1,TIKTAALIK,,384 well plate Grainer,,,2026-03-10,50,,P6,,,1.30189626053967530,
M13,8.0,M,13,13,,,,,,,E210,1,TIKTAALIK,,384 well plate Grainer,,,2026-03-10,50,,P6,,,1.28212064363187440,
M14,9.0,M,13,14,,,,,,,E210,1,TIKTAALIK,,384 well plate Grainer,,,2026-03-10,50,,P6,,,1.30189626053967530,
M15,8.0,M,13,15,,,,,,,E210,1,TIKTAALIK,,384 well plate Grainer,,,2026-03-10,50,,P6,,,1.28212064363187440,
M16,9.0,M,13,16,,,,,,,E210,1,TIKTAALIK,,384 well plate Grainer,,,2026-03-10,50,,P6,,,1.30189626053967530,
M17,8.0,M,13,17,,,,,,,E210,1,TIKTAALIK,,384 well plate Grainer,,,2026-03-10,50,,P6,,,1.28212064363187440,
M18,8.0,M,13,18,,,,,,,E210,1,TIKTAALIK,,384 well plate Grainer,,,2026-03-10,50,,P6,,,1.28212064363187440,
M19,9.0,M,13,19,,,,,,,E210,1,TIKTAALIK,,384 well plate Grainer,,,2026-03-10,50,,P6,,,1.30189626053967530,
M20,10.0,M,13,20,,,,,,,E210,1,TIKTAALIK,,384 well plate Grainer,,,2026-03-10,50,,P6,,,1.32167187744747630,
M21,12.0,M,13,21,,,,,,,E210,1,TIKTAALIK,,384 well plate Grainer,,,2026-03-10,50,,P6,,,1.36122311126307820,
M22,9.0,M,13,22,,,,,,,E210,1,TIKTAALIK,,384 well plate Grainer,,,2026-03-10,50,,P6,,,1.30189626053967530,
M23,7.0,M,13,23,,,,,,,E210,1,TIKTAALIK,,384 well plate Grainer,,,2026-03-10,50,,P6,,,1.26234502672407320,
M24,3553.0,M,13,24,Standard - 7,,,,64.0,1.0,E210,1,TIKTAALIK,,384 well plate Grainer,,,2026-03-10,50,,P6,,,71.38668258178637000,71.38668258178637
N1,9.0,N,14,1,,,,,,,E210,1,TIKTAALIK,,384 well plate Grainer,,,2026-03-10,50,,P6,,,1.30189626053967530,
N2,9.0,N,14,2,,,,,,,E210,1,TIKTAALIK,,384 well plate Grainer,,,2026-03-10,50,,P6,,,1.30189626053967530,
N3,7.0,N,14,3,,,,,,,E210,1,TIKTAALIK,,384 well plate Grainer,,,2026-03-10,50,,P6,,,1.26234502672407320,
N4,10.0,N,14,4,,,,,,,E210,1,TIKTAALIK,,384 well plate Grainer,,,2026-03-10,50,,P6,,,1.32167187744747630,
N5,9.0,N,14,5,,,,,,,E210,1,TIKTAALIK,,384 well plate Grainer,,,2026-03-10,50,,P6,,,1.30189626053967530,
N6,8.0,N,14,6,,,,,,,E210,1,TIKTAALIK,,384 well plate Grainer,,,2026-03-10,50,,P6,,,1.28212064363187440,
N7,9.0,N,14,7,,,,,,,E210,1,TIKTAALIK,,384 well plate Grainer,,,2026-03-10,50,,P6,,,1.30189626053967530,
N8,6.0,N,14,8,,,,,,,E210,1,TIKTAALIK,,384 well plate Grainer,,,2026-03-10,50,,P6,,,1.24256940981627230,
N9,7.0,N,14,9,,,,,,,E210,1,TIKTAALIK,,384 well plate Grainer,,,2026-03-10,50,,P6,,,1.26234502672407320,
N10,6.0,N,14,10,,,,,,,E210,1,TIKTAALIK,,384 well plate Grainer,,,2026-03-10,50,,P6,,,1.24256940981627230,
N11,11.0,N,14,11,,,,,,,E210,1,TIKTAALIK,,384 well plate Grainer,,,2026-03-10,50,,P6,,,1.34144749435527720,
N12,7.0,N,14,12,,,,,,,E210,1,TIKTAALIK,,384 well plate Grainer,,,2026-03-10,50,,P6,,,1.26234502672407320,
N13,9.0,N,14,13,,,,,,,E210,1,TIKTAALIK,,384 well plate Grainer,,,2026-03-10,50,,P6,,,1.30189626053967530,
N14,7.0,N,14,14,,,,,,,E210,1,TIKTAALIK,,384 well plate Grainer,,,2026-03-10,50,,P6,,,1.26234502672407320,
N15,7.0,N,14,15,,,,,,,E210,1,TIKTAALIK,,384 well plate Grainer,,,2026-03-10,50,,P6,,,1.26234502672407320,
N16,9.0,N,14,16,,,,,,,E210,1,TIKTAALIK,,384 well plate Grainer,,,2026-03-10,50,,P6,,,1.30189626053967530,
N17,8.0,N,14,17,,,,,,,E210,1,TIKTAALIK,,384 well plate Grainer,,,2026-03-10,50,,P6,,,1.28212064363187440,
N18,9.0,N,14,18,,,,,,,E210,1,TIKTAALIK,,384 well plate Grainer,,,2026-03-10,50,,P6,,,1.30189626053967530,
N19,7.0,N,14,19,,,,,,,E210,1,TIKTAALIK,,384 well plate Grainer,,,2026-03-10,50,,P6,,,1.26234502672407320,
N20,9.0,N,14,20,,,,,,,E210,1,TIKTAALIK,,384 well plate Grainer,,,2026-03-10,50,,P6,,,1.30189626053967530,
N21,9.0,N,14,21,,,,,,,E210,1,TIKTAALIK,,384 well plate Grainer,,,2026-03-10,50,,P6,,,1.30189626053967530,
N22,6.0,N,14,22,,,,,,,E210,1,TIKTAALIK,,384 well plate Grainer,,,2026-03-10,50,,P6,,,1.24256940981627230,
N23,8.0,N,14,23,,,,,,,E210,1,TIKTAALIK,,384 well plate Grainer,,,2026-03-10,50,,P6,,,1.28212064363187440,
N24,2470.0,N,14,24,Standard - 7,,,,64.0,1.0,E210,1,TIKTAALIK,,384 well plate Grainer,,,2026-03-10,50,,P6,,,49.96968947063790000,49.96968947063790
O1,8.0,O,15,1,,,,,,,E210,1,TIKTAALIK,,384 well plate Grainer,,,2026-03-10,50,,P6,,,1.28212064363187440,
O2,7.0,O,15,2,,,,,,,E210,1,TIKTAALIK,,384 well plate Grainer,,,2026-03-10,50,,P6,,,1.26234502672407320,
O3,9.0,O,15,3,,,,,,,E210,1,TIKTAALIK,,384 well plate Grainer,,,2026-03-10,50,,P6,,,1.30189626053967530,
O4,6.0,O,15,4,,,,,,,E210,1,TIKTAALIK,,384 well plate Grainer,,,2026-03-10,50,,P6,,,1.24256940981627230,
O5,6.0,O,15,5,,,,,,,E210,1,TIKTAALIK,,384 well plate Grainer,,,2026-03-10,50,,P6,,,1.24256940981627230,
O6,7.0,O,15,6,,,,,,,E210,1,TIKTAALIK,,384 well plate Grainer,,,2026-03-10,50,,P6,,,1.26234502672407320,
O7,10.0,O,15,7,,,,,,,E210,1,TIKTAALIK,,384 well plate Grainer,,,2026-03-10,50,,P6,,,1.32167187744747630,
O8,10.0,O,15,8,,,,,,,E210,1,TIKTAALIK,,384 well plate Grainer,,,2026-03-10,50,,P6,,,1.32167187744747630,
O9,7.0,O,15,9,,,,,,,E210,1,TIKTAALIK,,384 well plate Grainer,,,2026-03-10,50,,P6,,,1.26234502672407320,
O10,9.0,O,15,10,,,,,,,E210,1,TIKTAALIK,,384 well plate Grainer,,,2026-03-10,50,,P6,,,1.30189626053967530,
O11,9.0,O,15,11,,,,,,,E210,1,TIKTAALIK,,384 well plate Grainer,,,2026-03-10,50,,P6,,,1.30189626053967530,
O12,6.0,O,15,12,,,,,,,E210,1,TIKTAALIK,,384 well plate Grainer,,,2026-03-10,50,,P6,,,1.24256940981627230,
O13,9.0,O,15,13,,,,,,,E210,1,TIKTAALIK,,384 well plate Grainer,,,2026-03-10,50,,P6,,,1.30189626053967530,
O14,9.0,O,15,14,,,,,,,E210,1,TIKTAALIK,,384 well plate Grainer,,,2026-03-10,50,,P6,,,1.30189626053967530,
O15,8.0,O,15,15,,,,,,,E210,1,TIKTAALIK,,384 well plate Grainer,,,2026-03-10,50,,P6,,,1.28212064363187440,
O16,9.0,O,15,16,,,,,,,E210,1,TIKTAALIK,,384 well plate Grainer,,,2026-03-10,50,,P6,,,1.30189626053967530,
O17,8.0,O,15,17,,,,,,,E210,1,TIKTAALIK,,384 well plate Grainer,,,2026-03-10,50,,P6,,,1.28212064363187440,
O18,8.0,O,15,18,,,,,,,E210,1,TIKTAALIK,,384 well plate Grainer,,,2026-03-10,50,,P6,,,1.28212064363187440,
O19,7.0,O,15,19,,,,,,,E210,1,TIKTAALIK,,384 well plate Grainer,,,2026-03-10,50,,P6,,,1.26234502672407320,
O20,9.0,O,15,20,,,,,,,E210,1,TIKTAALIK,,384 well plate Grainer,,,2026-03-10,50,,P6,,,1.30189626053967530,
O21,8.0,O,15,21,,,,,,,E210,1,TIKTAALIK,,384 well plate Grainer,,,2026-03-10,50,,P6,,,1.28212064363187440,
O22,6.0,O,15,22,,,,,,,E210,1,TIKTAALIK,,384 well plate Grainer,,,2026-03-10,50,,P6,,,1.24256940981627230,
O23,6.0,O,15,23,,,,,,,E210,1,TIKTAALIK,,384 well plate Grainer,,,2026-03-10,50,,P6,,,1.24256940981627230,
O24,6970.0,O,15,24,Standard - 8,,,,128.0,1.0,E210,1,TIKTAALIK,,384 well plate Grainer,,,2026-03-10,50,,P6,,,138.95996555574231000,138.95996555574231
P1,8.0,P,16,1,,,,,,,E210,1,TIKTAALIK,,384 well plate Grainer,,,2026-03-10,50,,P6,,,1.28212064363187440,
P2,8.0,P,16,2,,,,,,,E210,1,TIKTAALIK,,384 well plate Grainer,,,2026-03-10,50,,P6,,,1.28212064363187440,
P3,8.0,P,16,3,,,,,,,E210,1,TIKTAALIK,,384 well plate Grainer,,,2026-03-10,50,,P6,,,1.28212064363187440,
P4,9.0,P,16,4,,,,,,,E210,1,TIKTAALIK,,384 well plate Grainer,,,2026-03-10,50,,P6,,,1.30189626053967530,
P5,8.0,P,16,5,,,,,,,E210,1,TIKTAALIK,,384 well plate Grainer,,,2026-03-10,50,,P6,,,1.28212064363187440,
P6,9.0,P,16,6,,,,,,,E210,1,TIKTAALIK,,384 well plate Grainer,,,2026-03-10,50,,P6,,,1.30189626053967530,
P7,11.0,P,16,7,,,,,,,E210,1,TIKTAALIK,,384 well plate Grainer,,,2026-03-10,50,,P6,,,1.34144749435527720,
P8,11.0,P,16,8,,,,,,,E210,1,TIKTAALIK,,384 well plate Grainer,,,2026-03-10,50,,P6,,,1.34144749435527720,
P9,9.0,P,16,9,,,,,,,E210,1,TIKTAALIK,,384 well plate Grainer,,,2026-03-10,50,,P6,,,1.30189626053967530,
P10,8.0,P,16,10,,,,,,,E210,1,TIKTAALIK,,384 well plate Grainer,,,2026-03-10,50,,P6,,,1.28212064363187440,
P11,11.0,P,16,11,,,,,,,E210,1,TIKTAALIK,,384 well plate Grainer,,,2026-03-10,50,,P6,,,1.34144749435527720,
P12,8.0,P,16,12,,,,,,,E210,1,TIKTAALIK,,384 well plate Grainer,,,2026-03-10,50,,P6,,,1.28212064363187440,
P13,4.0,P,16,13,,,,,,,E210,1,TIKTAALIK,,384 well plate Grainer,,,2026-03-10,50,,P6,,,1.20301817600067040,
P14,7.0,P,16,14,,,,,,,E210,1,TIKTAALIK,,384 well plate Grainer,,,2026-03-10,50,,P6,,,1.26234502672407320,
P15,10.0,P,16,15,,,,,,,E210,1,TIKTAALIK,,384 well plate Grainer,,,2026-03-10,50,,P6,,,1.32167187744747630,
P16,8.0,P,16,16,,,,,,,E210,1,TIKTAALIK,,384 well plate Grainer,,,2026-03-10,50,,P6,,,1.28212064363187440,
P17,11.0,P,16,17,,,,,,,E210,1,TIKTAALIK,,384 well plate Grainer,,,2026-03-10,50,,P6,,,1.34144749435527720,
P18,6.0,P,16,18,,,,,,,E210,1,TIKTAALIK,,384 well plate Grainer,,,2026-03-10,50,,P6,,,1.24256940981627230,
P19,8.0,P,16,19,,,,,,,E210,1,TIKTAALIK,,384 well plate Grainer,,,2026-03-10,50,,P6,,,1.28212064363187440,
P20,9.0,P,16,20,,,,,,,E210,1,TIKTAALIK,,384 well plate Grainer,,,2026-03-10,50,,P6,,,1.30189626053967530,
P21,7.0,P,16,21,,,,,,,E210,1,TIKTAALIK,,384 well plate Grainer,,,2026-03-10,50,,P6,,,1.26234502672407320,
P22,8.0,P,16,22,,,,,,,E210,1,TIKTAALIK,,384 well plate Grainer,,,2026-03-10,50,,P6,,,1.28212064363187440,
P23,10.0,P,16,23,,,,,,,E210,1,TIKTAALIK,,384 well plate Grainer,,,2026-03-10,50,,P6,,,1.32167187744747630,
P24,5778.0,P,16,24,Standard - 8,,,,128.0,1.0,E210,1,TIKTAALIK,,384 well plate Grainer,,,2026-03-10,50,,P6,,,115.38743020164357000,115.38743020164357
A1,348.0,A,1,1,kit_Optimal Condition_plasmid,384_Premium,17-L,MMC_20,,200.0,E209,1,TIKTAALIK,10.0,384 well plate Grainer,m9134733,plasmid,2026-03-10,50,kit_Optimal Condition,P6,384,Premium,6.63912009186383000,1327.82401837276600
A2,10.0,A,1,2,,,,,,,E209,1,TIKTAALIK,,384 well plate Grainer,,,2026-03-10,50,,P6,,,-0.06056358810319032,
A3,312.0,A,1,3,kit_Optimal Condition_plasmid,384_Premium,17-L,MMC_20,,200.0,E209,1,TIKTAALIK,10.0,384 well plate Grainer,m9134733,plasmid,2026-03-10,50,kit_Optimal Condition,P6,384,Premium,5.92554431529929550,1185.10886305985900
A4,8.0,A,1,4,,,,,,,E209,1,TIKTAALIK,,384 well plate Grainer,,,2026-03-10,50,,P6,,,-0.10020668680122002,
A5,299.0,A,1,5,kit_Optimal Condition_plasmid,384_Premium,17-L,MMC_20,,200.0,E209,1,TIKTAALIK,10.0,384 well plate Grainer,m9134733,plasmid,2026-03-10,50,kit_Optimal Condition,P6,384,Premium,5.66786417376210200,1133.57283475242050
A6,4.0,A,1,6,,,,,,,E209,1,TIKTAALIK,,384 well plate Grainer,,,2026-03-10,50,,P6,,,-0.17949288419727943,
A7,326.0,A,1,7,kit_Optimal Condition_plasmid,384_Premium,17-L,MMC_20,,200.0,E209,1,TIKTAALIK,10.0,384 well plate Grainer,m9134733,plasmid,2026-03-10,50,kit_Optimal Condition,P6,384,Premium,6.20304600618550300,1240.60920123710070
A11,407.0,A,1,11,kit_Arbor Optimal Condition_plasmid,384_Premium,17-L,MMC_20,,200.0,E209,1,TIKTAALIK,10.0,384 well plate Grainer,m9134733,plasmid,2026-03-10,50,kit_Arbor Optimal Condition,P6,384,Premium,7.80859150345570500,1561.71830069114120
A12,9.0,A,1,12,,,,,,,E209,1,TIKTAALIK,,384 well plate Grainer,,,2026-03-10,50,,P6,,,-0.08038513745220516,
A13,315.0,A,1,13,kit_Arbor Optimal Condition_plasmid,384_Premium,17-L,MMC_20,,200.0,E209,1,TIKTAALIK,10.0,384 well plate Grainer,m9134733,plasmid,2026-03-10,50,kit_Arbor Optimal Condition,P6,384,Premium,5.98500896334634000,1197.00179266926800
A14,9.0,A,1,14,,,,,,,E209,1,TIKTAALIK,,384 well plate Grainer,,,2026-03-10,50,,P6,,,-0.08038513745220516,
A15,327.0,A,1,15,kit_Arbor Optimal Condition_plasmid,384_Premium,17-L,MMC_20,,200.0,E209,1,TIKTAALIK,10.0,384 well plate Grainer,m9134733,plasmid,2026-03-10,50,kit_Arbor Optimal Condition,P6,384,Premium,6.22286755553451800,1244.57351110690370
A16,11.0,A,1,16,,,,,,,E209,1,TIKTAALIK,,384 well plate Grainer,,,2026-03-10,50,,P6,,,-0.04074203875417548,
A17,335.0,A,1,17,kit_Arbor Optimal Condition_plasmid,384_Premium,17-L,MMC_20,,200.0,E209,1,TIKTAALIK,10.0,384 well plate Grainer,m9134733,plasmid,2026-03-10,50,kit_Arbor Optimal Condition,P6,384,Premium,6.38143995032663600,1276.28799006532720
A18,8.0,A,1,18,,,,,,,E209,1,TIKTAALIK,,384 well plate Grainer,,,2026-03-10,50,,P6,,,-0.10020668680122002,
A19,11.0,A,1,19,,,,,,,E209,1,TIKTAALIK,,384 well plate Grainer,,,2026-03-10,50,,P6,,,-0.04074203875417548,
A20,10.0,A,1,20,,,,,,,E209,1,TIKTAALIK,,384 well plate Grainer,,,2026-03-10,50,,P6,,,-0.06056358810319032,
A21,8.0,A,1,21,,,,,,,E209,1,TIKTAALIK,,384 well plate Grainer,,,2026-03-10,50,,P6,,,-0.10020668680122002,
A22,9.0,A,1,22,,,,,,,E209,1,TIKTAALIK,,384 well plate Grainer,,,2026-03-10,50,,P6,,,-0.08038513745220516,
A23,9.0,A,1,23,,,,,,,E209,1,TIKTAALIK,,384 well plate Grainer,,,2026-03-10,50,,P6,,,-0.08038513745220516,
A24,36.0,A,1,24,Standard - 1,,,,1.0,1.0,E209,1,TIKTAALIK,,384 well plate Grainer,,,2026-03-10,50,,P6,,,0.45479669497119590,0.45479669497120
B1,367.0,B,2,1,kit_Optimal Condition_linear,384_Premium,17-L,MMC_20,,200.0,E209,1,TIKTAALIK,10.0,384 well plate Grainer,m9229555,linear,2026-03-10,50,kit_Optimal Condition,P6,384,Premium,7.01572952949511200,1403.14590589902240
B2,10.0,B,2,2,,,,,,,E209,1,TIKTAALIK,,384 well plate Grainer,,,2026-03-10,50,,P6,,,-0.06056358810319032,
B3,378.0,B,2,3,kit_Optimal Condition_linear,384_Premium,17-L,MMC_20,,200.0,E209,1,TIKTAALIK,10.0,384 well plate Grainer,m9229555,linear,2026-03-10,50,kit_Optimal Condition,P6,384,Premium,7.23376657233427500,1446.75331446685500
B4,9.0,B,2,4,,,,,,,E209,1,TIKTAALIK,,384 well plate Grainer,,,2026-03-10,50,,P6,,,-0.08038513745220516,
B5,513.0,B,2,5,kit_Optimal Condition_linear,384_Premium,17-L,MMC_20,,200.0,E209,1,TIKTAALIK,10.0,384 well plate Grainer,m9229555,linear,2026-03-10,50,kit_Optimal Condition,P6,384,Premium,9.90967573445128000,1981.93514689025600
B6,8.0,B,2,6,,,,,,,E209,1,TIKTAALIK,,384 well plate Grainer,,,2026-03-10,50,,P6,,,-0.10020668680122002,
B7,573.0,B,2,7,kit_Optimal Condition_linear,384_Premium,17-L,MMC_20,,200.0,E209,1,TIKTAALIK,10.0,384 well plate Grainer,m9229555,linear,2026-03-10,50,kit_Optimal Condition,P6,384,Premium,11.09896869539217200,2219.79373907843400
B11,382.0,B,2,11,kit_Arbor Optimal Condition_linear,384_Premium,17-L,MMC_20,,200.0,E209,1,TIKTAALIK,10.0,384 well plate Grainer,m9229555,linear,2026-03-10,50,kit_Arbor Optimal Condition,P6,384,Premium,7.31305276973033450,1462.61055394606680
B12,9.0,B,2,12,,,,,,,E209,1,TIKTAALIK,,384 well plate Grainer,,,2026-03-10,50,,P6,,,-0.08038513745220516,
B13,531.0,B,2,13,kit_Arbor Optimal Condition_linear,384_Premium,17-L,MMC_20,,200.0,E209,1,TIKTAALIK,10.0,384 well plate Grainer,m9229555,linear,2026-03-10,50,kit_Arbor Optimal Condition,P6,384,Premium,10.26646362273354800,2053.29272454670950
B14,8.0,B,2,14,,,,,,,E209,1,TIKTAALIK,,384 well plate Grainer,,,2026-03-10,50,,P6,,,-0.10020668680122002,
B15,583.0,B,2,15,kit_Arbor Optimal Condition_linear,384_Premium,17-L,MMC_20,,200.0,E209,1,TIKTAALIK,10.0,384 well plate Grainer,m9229555,linear,2026-03-10,50,kit_Arbor Optimal Condition,P6,384,Premium,11.29718418888232100,2259.43683777646400
B16,7.0,B,2,16,,,,,,,E209,1,TIKTAALIK,,384 well plate Grainer,,,2026-03-10,50,,P6,,,-0.12002823615023489,
B17,725.0,B,2,17,kit_Arbor Optimal Condition_linear,384_Premium,17-L,MMC_20,,200.0,E209,1,TIKTAALIK,10.0,384 well plate Grainer,m9229555,linear,2026-03-10,50,kit_Arbor Optimal Condition,P6,384,Premium,14.11184419644243000,2822.36883928848600
B18,8.0,B,2,18,,,,,,,E209,1,TIKTAALIK,,384 well plate Grainer,,,2026-03-10,50,,P6,,,-0.10020668680122002,
B19,7.0,B,2,19,,,,,,,E209,1,TIKTAALIK,,384 well plate Grainer,,,2026-03-10,50,,P6,,,-0.12002823615023489,
B20,9.0,B,2,20,,,,,,,E209,1,TIKTAALIK,,384 well plate Grainer,,,2026-03-10,50,,P6,,,-0.08038513745220516,
B21,10.0,B,2,21,,,,,,,E209,1,TIKTAALIK,,384 well plate Grainer,,,2026-03-10,50,,P6,,,-0.06056358810319032,
B22,9.0,B,2,22,,,,,,,E209,1,TIKTAALIK,,384 well plate Grainer,,,2026-03-10,50,,P6,,,-0.08038513745220516,
B23,9.0,B,2,23,,,,,,,E209,1,TIKTAALIK,,384 well plate Grainer,,,2026-03-10,50,,P6,,,-0.08038513745220516,
B24,40.0,B,2,24,Standard - 1,,,,1.0,1.0,E209,1,TIKTAALIK,,384 well plate Grainer,,,2026-03-10,50,,P6,,,0.53408289236725530,0.53408289236726
C1,332.0,C,3,1,Arbor kit_Optimal Condition_plasmid,Arbor,Arbor lysate,Arbor,,200.0,E209,1,TIKTAALIK,10.0,384 well plate Grainer,m9134733,plasmid,2026-03-10,50,Arbor kit_Optimal Condition,P6,Arbor,,6.32197530227959300,1264.39506045591860
C2,6.0,C,3,2,,,,,,,E209,1,TIKTAALIK,,384 well plate Grainer,,,2026-03-10,50,,P6,,,-0.13984978549924973,
C3,324.0,C,3,3,Arbor kit_Optimal Condition_plasmid,Arbor,Arbor lysate,Arbor,,200.0,E209,1,TIKTAALIK,10.0,384 well plate Grainer,m9134733,plasmid,2026-03-10,50,Arbor kit_Optimal Condition,P6,Arbor,,6.16340290748747300,1232.68058149749460
C4,6.0,C,3,4,,,,,,,E209,1,TIKTAALIK,,384 well plate Grainer,,,2026-03-10,50,,P6,,,-0.13984978549924973,
C5,359.0,C,3,5,Arbor kit_Optimal Condition_plasmid,Arbor,Arbor lysate,Arbor,,200.0,E209,1,TIKTAALIK,10.0,384 well plate Grainer,m9134733,plasmid,2026-03-10,50,Arbor kit_Optimal Condition,P6,Arbor,,6.85715713470299400,1371.43142694059860
C6,8.0,C,3,6,,,,,,,E209,1,TIKTAALIK,,384 well plate Grainer,,,2026-03-10,50,,P6,,,-0.10020668680122002,
C7,364.0,C,3,7,Arbor kit_Optimal Condition_plasmid,Arbor,Arbor lysate,Arbor,,200.0,E209,1,TIKTAALIK,10.0,384 well plate Grainer,m9134733,plasmid,2026-03-10,50,Arbor kit_Optimal Condition,P6,Arbor,,6.95626488144806700,1391.25297628961360
C11,735.0,C,3,11,Arbor kit_Arbor Optimal Condition_plasmid,Arbor,Arbor lysate,Arbor,,200.0,E209,1,TIKTAALIK,10.0,384 well plate Grainer,m9134733,plasmid,2026-03-10,50,Arbor kit_Arbor Optimal Condition,P6,Arbor,,14.31005968993257800,2862.01193798651550
C12,7.0,C,3,12,,,,,,,E209,1,TIKTAALIK,,384 well plate Grainer,,,2026-03-10,50,,P6,,,-0.12002823615023489,
C13,733.0,C,3,13,Arbor kit_Arbor Optimal Condition_plasmid,Arbor,Arbor lysate,Arbor,,200.0,E209,1,TIKTAALIK,10.0,384 well plate Grainer,m9134733,plasmid,2026-03-10,50,Arbor kit_Arbor Optimal Condition,P6,Arbor,,14.27041659123454800,2854.08331824690960
C14,10.0,C,3,14,,,,,,,E209,1,TIKTAALIK,,384 well plate Grainer,,,2026-03-10,50,,P6,,,-0.06056358810319032,
C15,707.0,C,3,15,Arbor kit_Arbor Optimal Condition_plasmid,Arbor,Arbor lysate,Arbor,,200.0,E209,1,TIKTAALIK,10.0,384 well plate Grainer,m9134733,plasmid,2026-03-10,50,Arbor kit_Arbor Optimal Condition,P6,Arbor,,13.75505630816016200,2751.01126163203250
C16,10.0,C,3,16,,,,,,,E209,1,TIKTAALIK,,384 well plate Grainer,,,2026-03-10,50,,P6,,,-0.06056358810319032,
C17,819.0,C,3,17,Arbor kit_Arbor Optimal Condition_plasmid,Arbor,Arbor lysate,Arbor,,200.0,E209,1,TIKTAALIK,10.0,384 well plate Grainer,m9134733,plasmid,2026-03-10,50,Arbor kit_Arbor Optimal Condition,P6,Arbor,,15.97506983524982600,3195.01396704996520
C18,9.0,C,3,18,,,,,,,E209,1,TIKTAALIK,,384 well plate Grainer,,,2026-03-10,50,,P6,,,-0.08038513745220516,
C19,10.0,C,3,19,,,,,,,E209,1,TIKTAALIK,,384 well plate Grainer,,,2026-03-10,50,,P6,,,-0.06056358810319032,
C20,12.0,C,3,20,,,,,,,E209,1,TIKTAALIK,,384 well plate Grainer,,,2026-03-10,50,,P6,,,-0.02092048940516061,
C21,9.0,C,3,21,,,,,,,E209,1,TIKTAALIK,,384 well plate Grainer,,,2026-03-10,50,,P6,,,-0.08038513745220516,
C22,7.0,C,3,22,,,,,,,E209,1,TIKTAALIK,,384 well plate Grainer,,,2026-03-10,50,,P6,,,-0.12002823615023489,
C23,8.0,C,3,23,,,,,,,E209,1,TIKTAALIK,,384 well plate Grainer,,,2026-03-10,50,,P6,,,-0.10020668680122002,
C24,83.0,C,3,24,Standard - 2,,,,2.0,1.0,E209,1,TIKTAALIK,,384 well plate Grainer,,,2026-03-10,50,,P6,,,1.38640951437489400,1.38640951437489
D1,489.0,D,4,1,Arbor kit_Optimal Condition_linear,Arbor,Arbor lysate,Arbor,,200.0,E209,1,TIKTAALIK,10.0,384 well plate Grainer,m9229555,linear,2026-03-10,50,Arbor kit_Optimal Condition,P6,Arbor,,9.43395855007492500,1886.79171001498500
D2,9.0,D,4,2,,,,,,,E209,1,TIKTAALIK,,384 well plate Grainer,,,2026-03-10,50,,P6,,,-0.08038513745220516,
D3,488.0,D,4,3,Arbor kit_Optimal Condition_linear,Arbor,Arbor lysate,Arbor,,200.0,E209,1,TIKTAALIK,10.0,384 well plate Grainer,m9229555,linear,2026-03-10,50,Arbor kit_Optimal Condition,P6,Arbor,,9.41413700072590800,1882.82740014518160
D4,8.0,D,4,4,,,,,,,E209,1,TIKTAALIK,,384 well plate Grainer,,,2026-03-10,50,,P6,,,-0.10020668680122002,
D5,487.0,D,4,5,Arbor kit_Optimal Condition_linear,Arbor,Arbor lysate,Arbor,,200.0,E209,1,TIKTAALIK,10.0,384 well plate Grainer,m9229555,linear,2026-03-10,50,Arbor kit_Optimal Condition,P6,Arbor,,9.39431545137689400,1878.86309027537870
D6,7.0,D,4,6,,,,,,,E209,1,TIKTAALIK,,384 well plate Grainer,,,2026-03-10,50,,P6,,,-0.12002823615023489,
D7,536.0,D,4,7,Arbor kit_Optimal Condition_linear,Arbor,Arbor lysate,Arbor,,200.0,E209,1,TIKTAALIK,10.0,384 well plate Grainer,m9229555,linear,2026-03-10,50,Arbor kit_Optimal Condition,P6,Arbor,,10.36557136947862300,2073.11427389572460
D9,8.0,D,4,9,,,,,,,E209,1,TIKTAALIK,,384 well plate Grainer,,,2026-03-10,50,,P6,,,-0.10020668680122002,
D11,624.0,D,4,11,Arbor kit_Arbor Optimal Condition_linear,Arbor,Arbor lysate,Arbor,,200.0,E209,1,TIKTAALIK,10.0,384 well plate Grainer,m9229555,linear,2026-03-10,50,Arbor kit_Arbor Optimal Condition,P6,Arbor,,12.10986771219193000,2421.97354243838600
D12,9.0,D,4,12,,,,,,,E209,1,TIKTAALIK,,384 well plate Grainer,,,2026-03-10,50,,P6,,,-0.08038513745220516,
D13,606.0,D,4,13,Arbor kit_Arbor Optimal Condition_linear,Arbor,Arbor lysate,Arbor,,200.0,E209,1,TIKTAALIK,10.0,384 well plate Grainer,m9229555,linear,2026-03-10,50,Arbor kit_Arbor Optimal Condition,P6,Arbor,,11.75307982390966200,2350.61596478193220
D14,10.0,D,4,14,,,,,,,E209,1,TIKTAALIK,,384 well plate Grainer,,,2026-03-10,50,,P6,,,-0.06056358810319032,
D15,591.0,D,4,15,Arbor kit_Arbor Optimal Condition_linear,Arbor,Arbor lysate,Arbor,,200.0,E209,1,TIKTAALIK,10.0,384 well plate Grainer,m9229555,linear,2026-03-10,50,Arbor kit_Arbor Optimal Condition,P6,Arbor,,11.45575658367444000,2291.15131673488800
D16,6.0,D,4,16,,,,,,,E209,1,TIKTAALIK,,384 well plate Grainer,,,2026-03-10,50,,P6,,,-0.13984978549924973,
D17,706.0,D,4,17,Arbor kit_Arbor Optimal Condition_linear,Arbor,Arbor lysate,Arbor,,200.0,E209,1,TIKTAALIK,10.0,384 well plate Grainer,m9229555,linear,2026-03-10,50,Arbor kit_Arbor Optimal Condition,P6,Arbor,,13.73523475881114700,2747.04695176222960
D18,9.0,D,4,18,,,,,,,E209,1,TIKTAALIK,,384 well plate Grainer,,,2026-03-10,50,,P6,,,-0.08038513745220516,
D19,10.0,D,4,19,,,,,,,E209,1,TIKTAALIK,,384 well plate Grainer,,,2026-03-10,50,,P6,,,-0.06056358810319032,
D20,10.0,D,4,20,,,,,,,E209,1,TIKTAALIK,,384 well plate Grainer,,,2026-03-10,50,,P6,,,-0.06056358810319032,
D21,8.0,D,4,21,,,,,,,E209,1,TIKTAALIK,,384 well plate Grainer,,,2026-03-10,50,,P6,,,-0.10020668680122002,
D22,6.0,D,4,22,,,,,,,E209,1,TIKTAALIK,,384 well plate Grainer,,,2026-03-10,50,,P6,,,-0.13984978549924973,
D23,9.0,D,4,23,,,,,,,E209,1,TIKTAALIK,,384 well plate Grainer,,,2026-03-10,50,,P6,,,-0.08038513745220516,
D24,77.0,D,4,24,Standard - 2,,,,2.0,1.0,E209,1,TIKTAALIK,,384 well plate Grainer,,,2026-03-10,50,,P6,,,1.26748021828080470,1.26748021828080
E1,363.0,E,5,1,12-L-control_Optimal Condition_plasmid,384_control,12-L,MMA_7,,200.0,E209,1,TIKTAALIK,10.0,384 well plate Grainer,m9134733,plasmid,2026-03-10,50,12-L-control_Optimal Condition,P6,384,control,6.93644333209905300,1387.28866641981060
E2,12.0,E,5,2,,,,,,,E209,1,TIKTAALIK,,384 well plate Grainer,,,2026-03-10,50,,P6,,,-0.02092048940516061,
E3,404.0,E,5,3,12-L-control_Optimal Condition_plasmid,384_control,12-L,MMA_7,,200.0,E209,1,TIKTAALIK,10.0,384 well plate Grainer,m9134733,plasmid,2026-03-10,50,12-L-control_Optimal Condition,P6,384,control,7.74912685540866200,1549.82537108173230
E4,10.0,E,5,4,,,,,,,E209,1,TIKTAALIK,,384 well plate Grainer,,,2026-03-10,50,,P6,,,-0.06056358810319032,
E5,359.0,E,5,5,12-L-control_Optimal Condition_plasmid,384_control,12-L,MMA_7,,200.0,E209,1,TIKTAALIK,10.0,384 well plate Grainer,m9134733,plasmid,2026-03-10,50,12-L-control_Optimal Condition,P6,384,control,6.85715713470299400,1371.43142694059860
E6,9.0,E,5,6,,,,,,,E209,1,TIKTAALIK,,384 well plate Grainer,,,2026-03-10,50,,P6,,,-0.08038513745220516,
E7,327.0,E,5,7,12-L-control_Optimal Condition_plasmid,384_control,12-L,MMA_7,,200.0,E209,1,TIKTAALIK,10.0,384 well plate Grainer,m9134733,plasmid,2026-03-10,50,12-L-control_Optimal Condition,P6,384,control,6.22286755553451800,1244.57351110690370
E8,9.0,E,5,8,,,,,,,E209,1,TIKTAALIK,,384 well plate Grainer,,,2026-03-10,50,,P6,,,-0.08038513745220516,
E9,6.0,E,5,9,,,,,,,E209,1,TIKTAALIK,,384 well plate Grainer,,,2026-03-10,50,,P6,,,-0.13984978549924973,
E10,6.0,E,5,10,,,,,,,E209,1,TIKTAALIK,,384 well plate Grainer,,,2026-03-10,50,,P6,,,-0.13984978549924973,
E11,319.0,E,5,11,12-L-control_Arbor Optimal Condition_plasmid,384_control,12-L,MMA_7,,200.0,E209,1,TIKTAALIK,10.0,384 well plate Grainer,m9134733,plasmid,2026-03-10,50,12-L-control_Arbor Optimal Condition,P6,384,control,6.06429516074239900,1212.85903214847990
E12,7.0,E,5,12,,,,,,,E209,1,TIKTAALIK,,384 well plate Grainer,,,2026-03-10,50,,P6,,,-0.12002823615023489,
E13,307.0,E,5,13,12-L-control_Arbor Optimal Condition_plasmid,384_control,12-L,MMA_7,,200.0,E209,1,TIKTAALIK,10.0,384 well plate Grainer,m9134733,plasmid,2026-03-10,50,12-L-control_Arbor Optimal Condition,P6,384,control,5.82643656855422100,1165.28731371084400
E14,10.0,E,5,14,,,,,,,E209,1,TIKTAALIK,,384 well plate Grainer,,,2026-03-10,50,,P6,,,-0.06056358810319032,
E15,290.0,E,5,15,12-L-control_Arbor Optimal Condition_plasmid,384_control,12-L,MMA_7,,200.0,E209,1,TIKTAALIK,10.0,384 well plate Grainer,m9134733,plasmid,2026-03-10,50,12-L-control_Arbor Optimal Condition,P6,384,control,5.48947022962096800,1097.89404592419370
E16,9.0,E,5,16,,,,,,,E209,1,TIKTAALIK,,384 well plate Grainer,,,2026-03-10,50,,P6,,,-0.08038513745220516,
E17,321.0,E,5,17,12-L-control_Arbor Optimal Condition_plasmid,384_control,12-L,MMA_7,,200.0,E209,1,TIKTAALIK,10.0,384 well plate Grainer,m9134733,plasmid,2026-03-10,50,12-L-control_Arbor Optimal Condition,P6,384,control,6.10393825944042900,1220.78765188808570
E18,10.0,E,5,18,,,,,,,E209,1,TIKTAALIK,,384 well plate Grainer,,,2026-03-10,50,,P6,,,-0.06056358810319032,
E19,7.0,E,5,19,,,,,,,E209,1,TIKTAALIK,,384 well plate Grainer,,,2026-03-10,50,,P6,,,-0.12002823615023489,
E20,9.0,E,5,20,,,,,,,E209,1,TIKTAALIK,,384 well plate Grainer,,,2026-03-10,50,,P6,,,-0.08038513745220516,
E21,6.0,E,5,21,,,,,,,E209,1,TIKTAALIK,,384 well plate Grainer,,,2026-03-10,50,,P6,,,-0.13984978549924973,
E22,11.0,E,5,22,,,,,,,E209,1,TIKTAALIK,,384 well plate Grainer,,,2026-03-10,50,,P6,,,-0.04074203875417548,
E23,8.0,E,5,23,,,,,,,E209,1,TIKTAALIK,,384 well plate Grainer,,,2026-03-10,50,,P6,,,-0.10020668680122002,
E24,189.0,E,5,24,Standard - 3,,,,4.0,1.0,E209,1,TIKTAALIK,,384 well plate Grainer,,,2026-03-10,50,,P6,,,3.48749374537046800,3.48749374537047
F1,9.0,F,6,1,12-L-control_Optimal Condition_neg,384_neg,12-L,MMA_7,,200.0,E209,1,TIKTAALIK,10.0,384 well plate Grainer,,neg,2026-03-10,50,12-L-control_Optimal Condition,P6,384,neg,-0.08038513745220516,0.00000000000000
F2,10.0,F,6,2,,,,,,,E209,1,TIKTAALIK,,384 well plate Grainer,,,2026-03-10,50,,P6,,,-0.06056358810319032,
F3,6.0,F,6,3,12-L-control_Optimal Condition_neg,384_neg,12-L,MMA_7,,200.0,E209,1,TIKTAALIK,10.0,384 well plate Grainer,,neg,2026-03-10,50,12-L-control_Optimal Condition,P6,384,neg,-0.13984978549924973,0.00000000000000
F4,6.0,F,6,4,,,,,,,E209,1,TIKTAALIK,,384 well plate Grainer,,,2026-03-10,50,,P6,,,-0.13984978549924973,
F5,12.0,F,6,5,12-L-control_Optimal Condition_neg,384_neg,12-L,MMA_7,,200.0,E209,1,TIKTAALIK,10.0,384 well plate Grainer,,neg,2026-03-10,50,12-L-control_Optimal Condition,P6,384,neg,-0.02092048940516061,0.00000000000000
F6,9.0,F,6,6,,,,,,,E209,1,TIKTAALIK,,384 well plate Grainer,,,2026-03-10,50,,P6,,,-0.08038513745220516,
F7,11.0,F,6,7,12-L-control_Optimal Condition_neg,384_neg,12-L,MMA_7,,200.0,E209,1,TIKTAALIK,10.0,384 well plate Grainer,,neg,2026-03-10,50,12-L-control_Optimal Condition,P6,384,neg,-0.04074203875417548,0.00000000000000
F8,7.0,F,6,8,,,,,,,E209,1,TIKTAALIK,,384 well plate Grainer,,,2026-03-10,50,,P6,,,-0.12002823615023489,
F9,9.0,F,6,9,,,,,,,E209,1,TIKTAALIK,,384 well plate Grainer,,,2026-03-10,50,,P6,,,-0.08038513745220516,
F10,9.0,F,6,10,,,,,,,E209,1,TIKTAALIK,,384 well plate Grainer,,,2026-03-10,50,,P6,,,-0.08038513745220516,
F11,8.0,F,6,11,12-L-control_Arbor Optimal Condition_neg,384_neg,12-L,MMA_7,,200.0,E209,1,TIKTAALIK,10.0,384 well plate Grainer,,neg,2026-03-10,50,12-L-control_Arbor Optimal Condition,P6,384,neg,-0.10020668680122002,0.00000000000000
F12,7.0,F,6,12,,,,,,,E209,1,TIKTAALIK,,384 well plate Grainer,,,2026-03-10,50,,P6,,,-0.12002823615023489,
F13,6.0,F,6,13,12-L-control_Arbor Optimal Condition_neg,384_neg,12-L,MMA_7,,200.0,E209,1,TIKTAALIK,10.0,384 well plate Grainer,,neg,2026-03-10,50,12-L-control_Arbor Optimal Condition,P6,384,neg,-0.13984978549924973,0.00000000000000
F14,11.0,F,6,14,,,,,,,E209,1,TIKTAALIK,,384 well plate Grainer,,,2026-03-10,50,,P6,,,-0.04074203875417548,
F15,10.0,F,6,15,12-L-control_Arbor Optimal Condition_neg,384_neg,12-L,MMA_7,,200.0,E209,1,TIKTAALIK,10.0,384 well plate Grainer,,neg,2026-03-10,50,12-L-control_Arbor Optimal Condition,P6,384,neg,-0.06056358810319032,0.00000000000000
F16,11.0,F,6,16,,,,,,,E209,1,TIKTAALIK,,384 well plate Grainer,,,2026-03-10,50,,P6,,,-0.04074203875417548,
F17,6.0,F,6,17,12-L-control_Arbor Optimal Condition_neg,384_neg,12-L,MMA_7,,200.0,E209,1,TIKTAALIK,10.0,384 well plate Grainer,,neg,2026-03-10,50,12-L-control_Arbor Optimal Condition,P6,384,neg,-0.13984978549924973,0.00000000000000
F18,8.0,F,6,18,,,,,,,E209,1,TIKTAALIK,,384 well plate Grainer,,,2026-03-10,50,,P6,,,-0.10020668680122002,
F19,10.0,F,6,19,,,,,,,E209,1,TIKTAALIK,,384 well plate Grainer,,,2026-03-10,50,,P6,,,-0.06056358810319032,
F20,8.0,F,6,20,,,,,,,E209,1,TIKTAALIK,,384 well plate Grainer,,,2026-03-10,50,,P6,,,-0.10020668680122002,
F21,9.0,F,6,21,,,,,,,E209,1,TIKTAALIK,,384 well plate Grainer,,,2026-03-10,50,,P6,,,-0.08038513745220516,
F22,4.0,F,6,22,,,,,,,E209,1,TIKTAALIK,,384 well plate Grainer,,,2026-03-10,50,,P6,,,-0.17949288419727943,
F23,9.0,F,6,23,,,,,,,E209,1,TIKTAALIK,,384 well plate Grainer,,,2026-03-10,50,,P6,,,-0.08038513745220516,
F24,164.0,F,6,24,Standard - 3,,,,4.0,1.0,E209,1,TIKTAALIK,,384 well plate Grainer,,,2026-03-10,50,,P6,,,2.99195501164509700,2.99195501164510
G1,8.0,G,7,1,,,,,,,E209,1,TIKTAALIK,,384 well plate Grainer,,,2026-03-10,50,,P6,,,-0.10020668680122002,
G2,6.0,G,7,2,,,,,,,E209,1,TIKTAALIK,,384 well plate Grainer,,,2026-03-10,50,,P6,,,-0.13984978549924973,
G3,8.0,G,7,3,,,,,,,E209,1,TIKTAALIK,,384 well plate Grainer,,,2026-03-10,50,,P6,,,-0.10020668680122002,
G4,7.0,G,7,4,,,,,,,E209,1,TIKTAALIK,,384 well plate Grainer,,,2026-03-10,50,,P6,,,-0.12002823615023489,
G5,10.0,G,7,5,,,,,,,E209,1,TIKTAALIK,,384 well plate Grainer,,,2026-03-10,50,,P6,,,-0.06056358810319032,
G6,9.0,G,7,6,,,,,,,E209,1,TIKTAALIK,,384 well plate Grainer,,,2026-03-10,50,,P6,,,-0.08038513745220516,
G7,7.0,G,7,7,,,,,,,E209,1,TIKTAALIK,,384 well plate Grainer,,,2026-03-10,50,,P6,,,-0.12002823615023489,
G8,9.0,G,7,8,,,,,,,E209,1,TIKTAALIK,,384 well plate Grainer,,,2026-03-10,50,,P6,,,-0.08038513745220516,
G9,7.0,G,7,9,,,,,,,E209,1,TIKTAALIK,,384 well plate Grainer,,,2026-03-10,50,,P6,,,-0.12002823615023489,
G10,10.0,G,7,10,,,,,,,E209,1,TIKTAALIK,,384 well plate Grainer,,,2026-03-10,50,,P6,,,-0.06056358810319032,
G11,7.0,G,7,11,,,,,,,E209,1,TIKTAALIK,,384 well plate Grainer,,,2026-03-10,50,,P6,,,-0.12002823615023489,
G12,10.0,G,7,12,,,,,,,E209,1,TIKTAALIK,,384 well plate Grainer,,,2026-03-10,50,,P6,,,-0.06056358810319032,
G13,8.0,G,7,13,,,,,,,E209,1,TIKTAALIK,,384 well plate Grainer,,,2026-03-10,50,,P6,,,-0.10020668680122002,
G14,7.0,G,7,14,,,,,,,E209,1,TIKTAALIK,,384 well plate Grainer,,,2026-03-10,50,,P6,,,-0.12002823615023489,
G15,8.0,G,7,15,,,,,,,E209,1,TIKTAALIK,,384 well plate Grainer,,,2026-03-10,50,,P6,,,-0.10020668680122002,
G16,9.0,G,7,16,,,,,,,E209,1,TIKTAALIK,,384 well plate Grainer,,,2026-03-10,50,,P6,,,-0.08038513745220516,
G17,8.0,G,7,17,,,,,,,E209,1,TIKTAALIK,,384 well plate Grainer,,,2026-03-10,50,,P6,,,-0.10020668680122002,
G18,9.0,G,7,18,,,,,,,E209,1,TIKTAALIK,,384 well plate Grainer,,,2026-03-10,50,,P6,,,-0.08038513745220516,
G19,10.0,G,7,19,,,,,,,E209,1,TIKTAALIK,,384 well plate Grainer,,,2026-03-10,50,,P6,,,-0.06056358810319032,
G20,10.0,G,7,20,,,,,,,E209,1,TIKTAALIK,,384 well plate Grainer,,,2026-03-10,50,,P6,,,-0.06056358810319032,
G21,12.0,G,7,21,,,,,,,E209,1,TIKTAALIK,,384 well plate Grainer,,,2026-03-10,50,,P6,,,-0.02092048940516061,
G22,8.0,G,7,22,,,,,,,E209,1,TIKTAALIK,,384 well plate Grainer,,,2026-03-10,50,,P6,,,-0.10020668680122002,
G23,6.0,G,7,23,,,,,,,E209,1,TIKTAALIK,,384 well plate Grainer,,,2026-03-10,50,,P6,,,-0.13984978549924973,
G24,437.0,G,7,24,Standard - 4,,,,8.0,1.0,E209,1,TIKTAALIK,,384 well plate Grainer,,,2026-03-10,50,,P6,,,8.40323798392615200,8.40323798392615
H1,158.0,H,8,1,kit_Optimal Condition_plasmid,384_Premium,17-L,MMC_20,,400.0,E209,1,TIKTAALIK,10.0,384 well plate Grainer,m9134733,plasmid,2026-03-10,50,kit_Optimal Condition,P6,384,Premium,2.87302571555100800,1149.21028622040300
H2,9.0,H,8,2,,,,,,,E209,1,TIKTAALIK,,384 well plate Grainer,,,2026-03-10,50,,P6,,,-0.08038513745220516,
H3,158.0,H,8,3,kit_Optimal Condition_plasmid,384_Premium,17-L,MMC_20,,400.0,E209,1,TIKTAALIK,10.0,384 well plate Grainer,m9134733,plasmid,2026-03-10,50,kit_Optimal Condition,P6,384,Premium,2.87302571555100800,1149.21028622040300
H4,8.0,H,8,4,,,,,,,E209,1,TIKTAALIK,,384 well plate Grainer,,,2026-03-10,50,,P6,,,-0.10020668680122002,
H5,163.0,H,8,5,kit_Optimal Condition_plasmid,384_Premium,17-L,MMC_20,,400.0,E209,1,TIKTAALIK,10.0,384 well plate Grainer,m9134733,plasmid,2026-03-10,50,kit_Optimal Condition,P6,384,Premium,2.97213346229608200,1188.85338491843300
H6,11.0,H,8,6,,,,,,,E209,1,TIKTAALIK,,384 well plate Grainer,,,2026-03-10,50,,P6,,,-0.04074203875417548,
H7,174.0,H,8,7,kit_Optimal Condition_plasmid,384_Premium,17-L,MMC_20,,400.0,E209,1,TIKTAALIK,10.0,384 well plate Grainer,m9134733,plasmid,2026-03-10,50,kit_Optimal Condition,P6,384,Premium,3.19017050513524540,1276.06820205409800
H9,6.0,H,8,9,,,,,,,E209,1,TIKTAALIK,,384 well plate Grainer,,,2026-03-10,50,,P6,,,-0.13984978549924973,
H10,7.0,H,8,10,,,,,,,E209,1,TIKTAALIK,,384 well plate Grainer,,,2026-03-10,50,,P6,,,-0.12002823615023489,
H11,213.0,H,8,11,kit_Arbor Optimal Condition_plasmid,384_Premium,17-L,MMC_20,,400.0,E209,1,TIKTAALIK,10.0,384 well plate Grainer,m9134733,plasmid,2026-03-10,50,kit_Arbor Optimal Condition,P6,384,Premium,3.96321092974682450,1585.28437189873000
H12,10.0,H,8,12,,,,,,,E209,1,TIKTAALIK,,384 well plate Grainer,,,2026-03-10,50,,P6,,,-0.06056358810319032,
H13,170.0,H,8,13,kit_Arbor Optimal Condition_plasmid,384_Premium,17-L,MMC_20,,400.0,E209,1,TIKTAALIK,10.0,384 well plate Grainer,m9134733,plasmid,2026-03-10,50,kit_Arbor Optimal Condition,P6,384,Premium,3.11088430773918600,1244.35372309567450
H14,8.0,H,8,14,,,,,,,E209,1,TIKTAALIK,,384 well plate Grainer,,,2026-03-10,50,,P6,,,-0.10020668680122002,
H15,171.0,H,8,15,kit_Arbor Optimal Condition_plasmid,384_Premium,17-L,MMC_20,,400.0,E209,1,TIKTAALIK,10.0,384 well plate Grainer,m9134733,plasmid,2026-03-10,50,kit_Arbor Optimal Condition,P6,384,Premium,3.13070585708820100,1252.28234283528040
H16,10.0,H,8,16,,,,,,,E209,1,TIKTAALIK,,384 well plate Grainer,,,2026-03-10,50,,P6,,,-0.06056358810319032,
H17,182.0,H,8,17,kit_Arbor Optimal Condition_plasmid,384_Premium,17-L,MMC_20,,400.0,E209,1,TIKTAALIK,10.0,384 well plate Grainer,m9134733,plasmid,2026-03-10,50,kit_Arbor Optimal Condition,P6,384,Premium,3.34874289992736430,1339.49715997094560
H18,7.0,H,8,18,,,,,,,E209,1,TIKTAALIK,,384 well plate Grainer,,,2026-03-10,50,,P6,,,-0.12002823615023489,
H19,7.0,H,8,19,,,,,,,E209,1,TIKTAALIK,,384 well plate Grainer,,,2026-03-10,50,,P6,,,-0.12002823615023489,
H20,7.0,H,8,20,,,,,,,E209,1,TIKTAALIK,,384 well plate Grainer,,,2026-03-10,50,,P6,,,-0.12002823615023489,
H21,8.0,H,8,21,,,,,,,E209,1,TIKTAALIK,,384 well plate Grainer,,,2026-03-10,50,,P6,,,-0.10020668680122002,
H22,8.0,H,8,22,,,,,,,E209,1,TIKTAALIK,,384 well plate Grainer,,,2026-03-10,50,,P6,,,-0.10020668680122002,
H23,8.0,H,8,23,,,,,,,E209,1,TIKTAALIK,,384 well plate Grainer,,,2026-03-10,50,,P6,,,-0.10020668680122002,
H24,445.0,H,8,24,Standard - 4,,,,8.0,1.0,E209,1,TIKTAALIK,,384 well plate Grainer,,,2026-03-10,50,,P6,,,8.56181037871827000,8.56181037871827
I1,153.0,I,9,1,kit_Optimal Condition_linear,384_Premium,17-L,MMC_20,,400.0,E209,1,TIKTAALIK,10.0,384 well plate Grainer,m9229555,linear,2026-03-10,50,kit_Optimal Condition,P6,384,Premium,2.77391796880593370,1109.56718752237340
I2,10.0,I,9,2,,,,,,,E209,1,TIKTAALIK,,384 well plate Grainer,,,2026-03-10,50,,P6,,,-0.06056358810319032,
I3,175.0,I,9,3,kit_Optimal Condition_linear,384_Premium,17-L,MMC_20,,400.0,E209,1,TIKTAALIK,10.0,384 well plate Grainer,m9229555,linear,2026-03-10,50,kit_Optimal Condition,P6,384,Premium,3.20999205448426040,1283.99682179370420
I4,8.0,I,9,4,,,,,,,E209,1,TIKTAALIK,,384 well plate Grainer,,,2026-03-10,50,,P6,,,-0.10020668680122002,
I5,243.0,I,9,5,kit_Optimal Condition_linear,384_Premium,17-L,MMC_20,,400.0,E209,1,TIKTAALIK,10.0,384 well plate Grainer,m9229555,linear,2026-03-10,50,kit_Optimal Condition,P6,384,Premium,4.55785741021727000,1823.14296408690800
I6,8.0,I,9,6,,,,,,,E209,1,TIKTAALIK,,384 well plate Grainer,,,2026-03-10,50,,P6,,,-0.10020668680122002,
I7,275.0,I,9,7,kit_Optimal Condition_linear,384_Premium,17-L,MMC_20,,400.0,E209,1,TIKTAALIK,10.0,384 well plate Grainer,m9229555,linear,2026-03-10,50,kit_Optimal Condition,P6,384,Premium,5.19214698938574600,2076.85879575429800
I9,5.0,I,9,9,,,,,,,E209,1,TIKTAALIK,,384 well plate Grainer,,,2026-03-10,50,,P6,,,-0.15967133484826457,
I10,9.0,I,9,10,,,,,,,E209,1,TIKTAALIK,,384 well plate Grainer,,,2026-03-10,50,,P6,,,-0.08038513745220516,
I11,175.0,I,9,11,kit_Arbor Optimal Condition_linear,384_Premium,17-L,MMC_20,,400.0,E209,1,TIKTAALIK,10.0,384 well plate Grainer,m9229555,linear,2026-03-10,50,kit_Arbor Optimal Condition,P6,384,Premium,3.20999205448426040,1283.99682179370420
I12,10.0,I,9,12,,,,,,,E209,1,TIKTAALIK,,384 well plate Grainer,,,2026-03-10,50,,P6,,,-0.06056358810319032,
I13,270.0,I,9,13,kit_Arbor Optimal Condition_linear,384_Premium,17-L,MMC_20,,400.0,E209,1,TIKTAALIK,10.0,384 well plate Grainer,m9229555,linear,2026-03-10,50,kit_Arbor Optimal Condition,P6,384,Premium,5.09303924264067100,2037.21569705626850
I14,8.0,I,9,14,,,,,,,E209,1,TIKTAALIK,,384 well plate Grainer,,,2026-03-10,50,,P6,,,-0.10020668680122002,
I15,283.0,I,9,15,kit_Arbor Optimal Condition_linear,384_Premium,17-L,MMC_20,,400.0,E209,1,TIKTAALIK,10.0,384 well plate Grainer,m9229555,linear,2026-03-10,50,kit_Arbor Optimal Condition,P6,384,Premium,5.35071938417786400,2140.28775367114580
I16,11.0,I,9,16,,,,,,,E209,1,TIKTAALIK,,384 well plate Grainer,,,2026-03-10,50,,P6,,,-0.04074203875417548,
I17,352.0,I,9,17,kit_Arbor Optimal Condition_linear,384_Premium,17-L,MMC_20,,400.0,E209,1,TIKTAALIK,10.0,384 well plate Grainer,m9229555,linear,2026-03-10,50,kit_Arbor Optimal Condition,P6,384,Premium,6.71840628925988900,2687.36251570395550
I18,11.0,I,9,18,,,,,,,E209,1,TIKTAALIK,,384 well plate Grainer,,,2026-03-10,50,,P6,,,-0.04074203875417548,
I19,7.0,I,9,19,,,,,,,E209,1,TIKTAALIK,,384 well plate Grainer,,,2026-03-10,50,,P6,,,-0.12002823615023489,
I20,4.0,I,9,20,,,,,,,E209,1,TIKTAALIK,,384 well plate Grainer,,,2026-03-10,50,,P6,,,-0.17949288419727943,
I21,8.0,I,9,21,,,,,,,E209,1,TIKTAALIK,,384 well plate Grainer,,,2026-03-10,50,,P6,,,-0.10020668680122002,
I22,9.0,I,9,22,,,,,,,E209,1,TIKTAALIK,,384 well plate Grainer,,,2026-03-10,50,,P6,,,-0.08038513745220516,
I23,11.0,I,9,23,,,,,,,E209,1,TIKTAALIK,,384 well plate Grainer,,,2026-03-10,50,,P6,,,-0.04074203875417548,
I24,984.0,I,9,24,Standard - 5,,,,16.0,1.0,E209,1,TIKTAALIK,,384 well plate Grainer,,,2026-03-10,50,,P6,,,19.24562547783727600,19.24562547783728
J1,176.0,J,10,1,Arbor kit_Optimal Condition_plasmid,Arbor,Arbor lysate,Arbor,,400.0,E209,1,TIKTAALIK,10.0,384 well plate Grainer,m9134733,plasmid,2026-03-10,50,Arbor kit_Optimal Condition,P6,Arbor,,3.22981360383327500,1291.92544153331000
J2,10.0,J,10,2,,,,,,,E209,1,TIKTAALIK,,384 well plate Grainer,,,2026-03-10,50,,P6,,,-0.06056358810319032,
J3,161.0,J,10,3,Arbor kit_Optimal Condition_plasmid,Arbor,Arbor lysate,Arbor,,400.0,E209,1,TIKTAALIK,10.0,384 well plate Grainer,m9134733,plasmid,2026-03-10,50,Arbor kit_Optimal Condition,P6,Arbor,,2.93249036359805260,1172.99614543922100
J4,7.0,J,10,4,,,,,,,E209,1,TIKTAALIK,,384 well plate Grainer,,,2026-03-10,50,,P6,,,-0.12002823615023489,
J5,177.0,J,10,5,Arbor kit_Optimal Condition_plasmid,Arbor,Arbor lysate,Arbor,,400.0,E209,1,TIKTAALIK,10.0,384 well plate Grainer,m9134733,plasmid,2026-03-10,50,Arbor kit_Optimal Condition,P6,Arbor,,3.24963515318229000,1299.85406127291600
J6,8.0,J,10,6,,,,,,,E209,1,TIKTAALIK,,384 well plate Grainer,,,2026-03-10,50,,P6,,,-0.10020668680122002,
J7,168.0,J,10,7,Arbor kit_Optimal Condition_plasmid,Arbor,Arbor lysate,Arbor,,400.0,E209,1,TIKTAALIK,10.0,384 well plate Grainer,m9134733,plasmid,2026-03-10,50,Arbor kit_Optimal Condition,P6,Arbor,,3.07124120904115650,1228.49648361646270
J9,8.0,J,10,9,,,,,,,E209,1,TIKTAALIK,,384 well plate Grainer,,,2026-03-10,50,,P6,,,-0.10020668680122002,
J10,11.0,J,10,10,,,,,,,E209,1,TIKTAALIK,,384 well plate Grainer,,,2026-03-10,50,,P6,,,-0.04074203875417548,
J11,367.0,J,10,11,Arbor kit_Arbor Optimal Condition_plasmid,Arbor,Arbor lysate,Arbor,,400.0,E209,1,TIKTAALIK,10.0,384 well plate Grainer,m9134733,plasmid,2026-03-10,50,Arbor kit_Arbor Optimal Condition,P6,Arbor,,7.01572952949511200,2806.29181179804500
J12,7.0,J,10,12,,,,,,,E209,1,TIKTAALIK,,384 well plate Grainer,,,2026-03-10,50,,P6,,,-0.12002823615023489,
J13,387.0,J,10,13,Arbor kit_Arbor Optimal Condition_plasmid,Arbor,Arbor lysate,Arbor,,400.0,E209,1,TIKTAALIK,10.0,384 well plate Grainer,m9134733,plasmid,2026-03-10,50,Arbor kit_Arbor Optimal Condition,P6,Arbor,,7.41216051647540900,2964.86420659016360
J14,8.0,J,10,14,,,,,,,E209,1,TIKTAALIK,,384 well plate Grainer,,,2026-03-10,50,,P6,,,-0.10020668680122002,
J15,364.0,J,10,15,Arbor kit_Arbor Optimal Condition_plasmid,Arbor,Arbor lysate,Arbor,,400.0,E209,1,TIKTAALIK,10.0,384 well plate Grainer,m9134733,plasmid,2026-03-10,50,Arbor kit_Arbor Optimal Condition,P6,Arbor,,6.95626488144806700,2782.50595257922700
J16,8.0,J,10,16,,,,,,,E209,1,TIKTAALIK,,384 well plate Grainer,,,2026-03-10,50,,P6,,,-0.10020668680122002,
J17,419.0,J,10,17,Arbor kit_Arbor Optimal Condition_plasmid,Arbor,Arbor lysate,Arbor,,400.0,E209,1,TIKTAALIK,10.0,384 well plate Grainer,m9134733,plasmid,2026-03-10,50,Arbor kit_Arbor Optimal Condition,P6,Arbor,,8.04645009564388400,3218.58003825755350
J18,6.0,J,10,18,,,,,,,E209,1,TIKTAALIK,,384 well plate Grainer,,,2026-03-10,50,,P6,,,-0.13984978549924973,
J19,9.0,J,10,19,,,,,,,E209,1,TIKTAALIK,,384 well plate Grainer,,,2026-03-10,50,,P6,,,-0.08038513745220516,
J20,9.0,J,10,20,,,,,,,E209,1,TIKTAALIK,,384 well plate Grainer,,,2026-03-10,50,,P6,,,-0.08038513745220516,
J21,10.0,J,10,21,,,,,,,E209,1,TIKTAALIK,,384 well plate Grainer,,,2026-03-10,50,,P6,,,-0.06056358810319032,
J22,8.0,J,10,22,,,,,,,E209,1,TIKTAALIK,,384 well plate Grainer,,,2026-03-10,50,,P6,,,-0.10020668680122002,
J23,9.0,J,10,23,,,,,,,E209,1,TIKTAALIK,,384 well plate Grainer,,,2026-03-10,50,,P6,,,-0.08038513745220516,
J24,808.0,J,10,24,Standard - 5,,,,16.0,1.0,E209,1,TIKTAALIK,,384 well plate Grainer,,,2026-03-10,50,,P6,,,15.75703279241066200,15.75703279241066
K1,241.0,K,11,1,Arbor kit_Optimal Condition_linear,Arbor,Arbor lysate,Arbor,,400.0,E209,1,TIKTAALIK,10.0,384 well plate Grainer,m9229555,linear,2026-03-10,50,Arbor kit_Optimal Condition,P6,Arbor,,4.51821431151924100,1807.28572460769650
K2,10.0,K,11,2,,,,,,,E209,1,TIKTAALIK,,384 well plate Grainer,,,2026-03-10,50,,P6,,,-0.06056358810319032,
K3,235.0,K,11,3,Arbor kit_Optimal Condition_linear,Arbor,Arbor lysate,Arbor,,400.0,E209,1,TIKTAALIK,10.0,384 well plate Grainer,m9229555,linear,2026-03-10,50,Arbor kit_Optimal Condition,P6,Arbor,,4.39928501542515200,1759.71400617006070
K4,8.0,K,11,4,,,,,,,E209,1,TIKTAALIK,,384 well plate Grainer,,,2026-03-10,50,,P6,,,-0.10020668680122002,
K5,252.0,K,11,5,Arbor kit_Optimal Condition_linear,Arbor,Arbor lysate,Arbor,,400.0,E209,1,TIKTAALIK,10.0,384 well plate Grainer,m9229555,linear,2026-03-10,50,Arbor kit_Optimal Condition,P6,Arbor,,4.73625135435840400,1894.50054174336170
K6,10.0,K,11,6,,,,,,,E209,1,TIKTAALIK,,384 well plate Grainer,,,2026-03-10,50,,P6,,,-0.06056358810319032,
K7,266.0,K,11,7,Arbor kit_Optimal Condition_linear,Arbor,Arbor lysate,Arbor,,400.0,E209,1,TIKTAALIK,10.0,384 well plate Grainer,m9229555,linear,2026-03-10,50,Arbor kit_Optimal Condition,P6,Arbor,,5.01375304524461200,2005.50121809784470
A8,1266.0,A,1,8,spike-in,spike-in,spike-in,spike-in,,20.0,E209,1,TIKTAALIK,10.0,384 well plate Grainer,,,2026-03-10,50,spike-in,P6,spike-in,,24.83530239425946500,496.70604788518926
A9,119.0,A,1,9,spike-in,spike-in,spike-in,spike-in,,200.0,E209,1,TIKTAALIK,10.0,384 well plate Grainer,,,2026-03-10,50,spike-in,P6,spike-in,,2.09998529093942880,419.99705818788570
A10,56.0,A,1,10,spike-in,spike-in,spike-in,spike-in,,400.0,E209,1,TIKTAALIK,10.0,384 well plate Grainer,,,2026-03-10,50,spike-in,P6,spike-in,,0.85122768195149280,340.49107278059710
B8,1454.0,B,2,8,spike-in,spike-in,spike-in,spike-in,,20.0,E209,1,TIKTAALIK,10.0,384 well plate Grainer,,,2026-03-10,50,spike-in,P6,spike-in,,28.56175367187425700,571.23507343748520
B9,122.0,B,2,9,spike-in,spike-in,spike-in,spike-in,,200.0,E209,1,TIKTAALIK,10.0,384 well plate Grainer,,,2026-03-10,50,spike-in,P6,spike-in,,2.15944993898647300,431.88998779729457
B10,60.0,B,2,10,spike-in,spike-in,spike-in,spike-in,,400.0,E209,1,TIKTAALIK,10.0,384 well plate Grainer,,,2026-03-10,50,spike-in,P6,spike-in,,0.93051387934755230,372.20555173902090
C8,1380.0,C,3,8,spike-in,spike-in,spike-in,spike-in,,20.0,E209,1,TIKTAALIK,10.0,384 well plate Grainer,,,2026-03-10,50,spike-in,P6,spike-in,,27.09495902004715600,541.89918040094310
C9,126.0,C,3,9,spike-in,spike-in,spike-in,spike-in,,200.0,E209,1,TIKTAALIK,10.0,384 well plate Grainer,,,2026-03-10,50,spike-in,P6,spike-in,,2.23873613638253270,447.74722727650650
C10,62.0,C,3,10,spike-in,spike-in,spike-in,spike-in,,400.0,E209,1,TIKTAALIK,10.0,384 well plate Grainer,,,2026-03-10,50,spike-in,P6,spike-in,,0.97015697804558210,388.06279121823286
D8,1251.0,D,4,8,spike-in,spike-in,spike-in,spike-in,,20.0,E209,1,TIKTAALIK,10.0,384 well plate Grainer,,,2026-03-10,50,spike-in,P6,spike-in,,24.53797915402424200,490.75958308048484
D10,62.0,D,4,10,spike-in,spike-in,spike-in,spike-in,,400.0,E209,1,TIKTAALIK,10.0,384 well plate Grainer,,,2026-03-10,50,spike-in,P6,spike-in,,0.97015697804558210,388.06279121823286
H8,239.0,H,8,8,spike-in,spike-in,spike-in,spike-in,,100.0,E209,1,TIKTAALIK,10.0,384 well plate Grainer,,,2026-03-10,50,spike-in,P6,spike-in,,4.47857121282121100,447.85712128212110
I8,249.0,I,9,8,spike-in,spike-in,spike-in,spike-in,,100.0,E209,1,TIKTAALIK,10.0,384 well plate Grainer,,,2026-03-10,50,spike-in,P6,spike-in,,4.67678670631135950,467.67867063113596
J8,242.0,J,10,8,spike-in,spike-in,spike-in,spike-in,,100.0,E209,1,TIKTAALIK,10.0,384 well plate Grainer,,,2026-03-10,50,spike-in,P6,spike-in,,4.53803586086825600,453.80358608682560
K8,236.0,K,11,8,spike-in,spike-in,spike-in,spike-in,,100.0,E209,1,TIKTAALIK,10.0,384 well plate Grainer,,,2026-03-10,50,spike-in,P6,spike-in,,4.41910656477416600,441.91065647741664
K9,11.0,K,11,9,,,,,,,E209,1,TIKTAALIK,,384 well plate Grainer,,,2026-03-10,50,,P6,,,-0.04074203875417548,
K10,6.0,K,11,10,,,,,,,E209,1,TIKTAALIK,,384 well plate Grainer,,,2026-03-10,50,,P6,,,-0.13984978549924973,
K11,305.0,K,11,11,Arbor kit_Arbor Optimal Condition_linear,Arbor,Arbor lysate,Arbor,,400.0,E209,1,TIKTAALIK,10.0,384 well plate Grainer,m9229555,linear,2026-03-10,50,Arbor kit_Arbor Optimal Condition,P6,Arbor,,5.78679346985619200,2314.71738794247680
K12,8.0,K,11,12,,,,,,,E209,1,TIKTAALIK,,384 well plate Grainer,,,2026-03-10,50,,P6,,,-0.10020668680122002,
K13,304.0,K,11,13,Arbor kit_Arbor Optimal Condition_linear,Arbor,Arbor lysate,Arbor,,400.0,E209,1,TIKTAALIK,10.0,384 well plate Grainer,m9229555,linear,2026-03-10,50,Arbor kit_Arbor Optimal Condition,P6,Arbor,,5.76697192050717600,2306.78876820287040
K14,9.0,K,11,14,,,,,,,E209,1,TIKTAALIK,,384 well plate Grainer,,,2026-03-10,50,,P6,,,-0.08038513745220516,
K15,301.0,K,11,15,Arbor kit_Arbor Optimal Condition_linear,Arbor,Arbor lysate,Arbor,,400.0,E209,1,TIKTAALIK,10.0,384 well plate Grainer,m9229555,linear,2026-03-10,50,Arbor kit_Arbor Optimal Condition,P6,Arbor,,5.70750727246013150,2283.00290898405270
K16,9.0,K,11,16,,,,,,,E209,1,TIKTAALIK,,384 well plate Grainer,,,2026-03-10,50,,P6,,,-0.08038513745220516,
K17,361.0,K,11,17,Arbor kit_Arbor Optimal Condition_linear,Arbor,Arbor lysate,Arbor,,400.0,E209,1,TIKTAALIK,10.0,384 well plate Grainer,m9229555,linear,2026-03-10,50,Arbor kit_Arbor Optimal Condition,P6,Arbor,,6.89680023340102300,2758.72009336040900
K18,8.0,K,11,18,,,,,,,E209,1,TIKTAALIK,,384 well plate Grainer,,,2026-03-10,50,,P6,,,-0.10020668680122002,
K19,9.0,K,11,19,,,,,,,E209,1,TIKTAALIK,,384 well plate Grainer,,,2026-03-10,50,,P6,,,-0.08038513745220516,
K20,9.0,K,11,20,,,,,,,E209,1,TIKTAALIK,,384 well plate Grainer,,,2026-03-10,50,,P6,,,-0.08038513745220516,
K21,7.0,K,11,21,,,,,,,E209,1,TIKTAALIK,,384 well plate Grainer,,,2026-03-10,50,,P6,,,-0.12002823615023489,
K22,9.0,K,11,22,,,,,,,E209,1,TIKTAALIK,,384 well plate Grainer,,,2026-03-10,50,,P6,,,-0.08038513745220516,
K23,7.0,K,11,23,,,,,,,E209,1,TIKTAALIK,,384 well plate Grainer,,,2026-03-10,50,,P6,,,-0.12002823615023489,
K24,2391.0,K,11,24,Standard - 6,,,,,,E209,1,TIKTAALIK,,384 well plate Grainer,,,2026-03-10,50,,P6,,,47.13454541190117000,
L1,157.0,L,12,1,12-L-control_Optimal Condition_plasmid,384_control,12-L,MMA_7,,400.0,E209,1,TIKTAALIK,10.0,384 well plate Grainer,m9134733,plasmid,2026-03-10,50,12-L-control_Optimal Condition,P6,384,control,2.85320416620199300,1141.28166648079720
L2,11.0,L,12,2,,,,,,,E209,1,TIKTAALIK,,384 well plate Grainer,,,2026-03-10,50,,P6,,,-0.04074203875417548,
L3,177.0,L,12,3,12-L-control_Optimal Condition_plasmid,384_control,12-L,MMA_7,,400.0,E209,1,TIKTAALIK,10.0,384 well plate Grainer,m9134733,plasmid,2026-03-10,50,12-L-control_Optimal Condition,P6,384,control,3.24963515318229000,1299.85406127291600
L4,8.0,L,12,4,,,,,,,E209,1,TIKTAALIK,,384 well plate Grainer,,,2026-03-10,50,,P6,,,-0.10020668680122002,
L5,177.0,L,12,5,12-L-control_Optimal Condition_plasmid,384_control,12-L,MMA_7,,400.0,E209,1,TIKTAALIK,10.0,384 well plate Grainer,m9134733,plasmid,2026-03-10,50,12-L-control_Optimal Condition,P6,384,control,3.24963515318229000,1299.85406127291600
L6,8.0,L,12,6,,,,,,,E209,1,TIKTAALIK,,384 well plate Grainer,,,2026-03-10,50,,P6,,,-0.10020668680122002,
L7,149.0,L,12,7,12-L-control_Optimal Condition_plasmid,384_control,12-L,MMA_7,,400.0,E209,1,TIKTAALIK,10.0,384 well plate Grainer,m9134733,plasmid,2026-03-10,50,12-L-control_Optimal Condition,P6,384,control,2.69463177140987400,1077.85270856394960
L8,7.0,L,12,8,,,,,,,E209,1,TIKTAALIK,,384 well plate Grainer,,,2026-03-10,50,,P6,,,-0.12002823615023489,
L9,7.0,L,12,9,,,,,,,E209,1,TIKTAALIK,,384 well plate Grainer,,,2026-03-10,50,,P6,,,-0.12002823615023489,
L10,11.0,L,12,10,,,,,,,E209,1,TIKTAALIK,,384 well plate Grainer,,,2026-03-10,50,,P6,,,-0.04074203875417548,
L11,148.0,L,12,11,12-L-control_Arbor Optimal Condition_plasmid,384_control,12-L,MMA_7,,400.0,E209,1,TIKTAALIK,10.0,384 well plate Grainer,m9134733,plasmid,2026-03-10,50,12-L-control_Arbor Optimal Condition,P6,384,control,2.67481022206085940,1069.92408882434370
L12,9.0,L,12,12,,,,,,,E209,1,TIKTAALIK,,384 well plate Grainer,,,2026-03-10,50,,P6,,,-0.08038513745220516,
L13,151.0,L,12,13,12-L-control_Arbor Optimal Condition_plasmid,384_control,12-L,MMA_7,,400.0,E209,1,TIKTAALIK,10.0,384 well plate Grainer,m9134733,plasmid,2026-03-10,50,12-L-control_Arbor Optimal Condition,P6,384,control,2.73427487010790400,1093.70994804316160
L14,10.0,L,12,14,,,,,,,E209,1,TIKTAALIK,,384 well plate Grainer,,,2026-03-10,50,,P6,,,-0.06056358810319032,
L15,135.0,L,12,15,12-L-control_Arbor Optimal Condition_plasmid,384_control,12-L,MMA_7,,400.0,E209,1,TIKTAALIK,10.0,384 well plate Grainer,m9134733,plasmid,2026-03-10,50,12-L-control_Arbor Optimal Condition,P6,384,control,2.41713008052366600,966.85203220946640
L16,10.0,L,12,16,,,,,,,E209,1,TIKTAALIK,,384 well plate Grainer,,,2026-03-10,50,,P6,,,-0.06056358810319032,
L17,141.0,L,12,17,12-L-control_Arbor Optimal Condition_plasmid,384_control,12-L,MMA_7,,400.0,E209,1,TIKTAALIK,10.0,384 well plate Grainer,m9134733,plasmid,2026-03-10,50,12-L-control_Arbor Optimal Condition,P6,384,control,2.53605937661775550,1014.42375064710220
L18,8.0,L,12,18,,,,,,,E209,1,TIKTAALIK,,384 well plate Grainer,,,2026-03-10,50,,P6,,,-0.10020668680122002,
L19,10.0,L,12,19,,,,,,,E209,1,TIKTAALIK,,384 well plate Grainer,,,2026-03-10,50,,P6,,,-0.06056358810319032,
L20,9.0,L,12,20,,,,,,,E209,1,TIKTAALIK,,384 well plate Grainer,,,2026-03-10,50,,P6,,,-0.08038513745220516,
L21,9.0,L,12,21,,,,,,,E209,1,TIKTAALIK,,384 well plate Grainer,,,2026-03-10,50,,P6,,,-0.08038513745220516,
L22,10.0,L,12,22,,,,,,,E209,1,TIKTAALIK,,384 well plate Grainer,,,2026-03-10,50,,P6,,,-0.06056358810319032,
L23,9.0,L,12,23,,,,,,,E209,1,TIKTAALIK,,384 well plate Grainer,,,2026-03-10,50,,P6,,,-0.08038513745220516,
L24,1688.0,L,12,24,Standard - 6,,,,32.0,1.0,E209,1,TIKTAALIK,,384 well plate Grainer,,,2026-03-10,50,,P6,,,33.19999621954373500,33.19999621954374
M1,8.0,M,13,1,12-L-control_Optimal Condition_neg,384_neg,12-L,MMA_7,,400.0,E209,1,TIKTAALIK,10.0,384 well plate Grainer,,neg,2026-03-10,50,12-L-control_Optimal Condition,P6,384,neg,-0.10020668680122002,0.00000000000000
M2,8.0,M,13,2,,,,,,,E209,1,TIKTAALIK,,384 well plate Grainer,,,2026-03-10,50,,P6,,,-0.10020668680122002,
M3,7.0,M,13,3,12-L-control_Optimal Condition_neg,384_neg,12-L,MMA_7,,400.0,E209,1,TIKTAALIK,10.0,384 well plate Grainer,,neg,2026-03-10,50,12-L-control_Optimal Condition,P6,384,neg,-0.12002823615023489,0.00000000000000
M4,10.0,M,13,4,,,,,,,E209,1,TIKTAALIK,,384 well plate Grainer,,,2026-03-10,50,,P6,,,-0.06056358810319032,
M5,7.0,M,13,5,12-L-control_Optimal Condition_neg,384_neg,12-L,MMA_7,,400.0,E209,1,TIKTAALIK,10.0,384 well plate Grainer,,neg,2026-03-10,50,12-L-control_Optimal Condition,P6,384,neg,-0.12002823615023489,0.00000000000000
M6,7.0,M,13,6,,,,,,,E209,1,TIKTAALIK,,384 well plate Grainer,,,2026-03-10,50,,P6,,,-0.12002823615023489,
M7,10.0,M,13,7,12-L-control_Optimal Condition_neg,384_neg,12-L,MMA_7,,400.0,E209,1,TIKTAALIK,10.0,384 well plate Grainer,,neg,2026-03-10,50,12-L-control_Optimal Condition,P6,384,neg,-0.06056358810319032,0.00000000000000
M8,6.0,M,13,8,,,,,,,E209,1,TIKTAALIK,,384 well plate Grainer,,,2026-03-10,50,,P6,,,-0.13984978549924973,
M9,8.0,M,13,9,,,,,,,E209,1,TIKTAALIK,,384 well plate Grainer,,,2026-03-10,50,,P6,,,-0.10020668680122002,
M10,12.0,M,13,10,,,,,,,E209,1,TIKTAALIK,,384 well plate Grainer,,,2026-03-10,50,,P6,,,-0.02092048940516061,
M11,9.0,M,13,11,12-L-control_Arbor Optimal Condition_neg,384_neg,12-L,MMA_7,,400.0,E209,1,TIKTAALIK,10.0,384 well plate Grainer,,neg,2026-03-10,50,12-L-control_Arbor Optimal Condition,P6,384,neg,-0.08038513745220516,0.00000000000000
M12,8.0,M,13,12,,,,,,,E209,1,TIKTAALIK,,384 well plate Grainer,,,2026-03-10,50,,P6,,,-0.10020668680122002,
M13,8.0,M,13,13,12-L-control_Arbor Optimal Condition_neg,384_neg,12-L,MMA_7,,400.0,E209,1,TIKTAALIK,10.0,384 well plate Grainer,,neg,2026-03-10,50,12-L-control_Arbor Optimal Condition,P6,384,neg,-0.10020668680122002,0.00000000000000
M14,9.0,M,13,14,,,,,,,E209,1,TIKTAALIK,,384 well plate Grainer,,,2026-03-10,50,,P6,,,-0.08038513745220516,
M15,8.0,M,13,15,12-L-control_Arbor Optimal Condition_neg,384_neg,12-L,MMA_7,,400.0,E209,1,TIKTAALIK,10.0,384 well plate Grainer,,neg,2026-03-10,50,12-L-control_Arbor Optimal Condition,P6,384,neg,-0.10020668680122002,0.00000000000000
M16,10.0,M,13,16,,,,,,,E209,1,TIKTAALIK,,384 well plate Grainer,,,2026-03-10,50,,P6,,,-0.06056358810319032,
M17,7.0,M,13,17,12-L-control_Arbor Optimal Condition_neg,384_neg,12-L,MMA_7,,400.0,E209,1,TIKTAALIK,10.0,384 well plate Grainer,,neg,2026-03-10,50,12-L-control_Arbor Optimal Condition,P6,384,neg,-0.12002823615023489,0.00000000000000
M18,8.0,M,13,18,,,,,,,E209,1,TIKTAALIK,,384 well plate Grainer,,,2026-03-10,50,,P6,,,-0.10020668680122002,
M19,11.0,M,13,19,,,,,,,E209,1,TIKTAALIK,,384 well plate Grainer,,,2026-03-10,50,,P6,,,-0.04074203875417548,
M20,8.0,M,13,20,,,,,,,E209,1,TIKTAALIK,,384 well plate Grainer,,,2026-03-10,50,,P6,,,-0.10020668680122002,
M21,8.0,M,13,21,,,,,,,E209,1,TIKTAALIK,,384 well plate Grainer,,,2026-03-10,50,,P6,,,-0.10020668680122002,
M22,6.0,M,13,22,,,,,,,E209,1,TIKTAALIK,,384 well plate Grainer,,,2026-03-10,50,,P6,,,-0.13984978549924973,
M23,10.0,M,13,23,,,,,,,E209,1,TIKTAALIK,,384 well plate Grainer,,,2026-03-10,50,,P6,,,-0.06056358810319032,
M24,3084.0,M,13,24,Standard - 7,,,,64.0,1.0,E209,1,TIKTAALIK,,384 well plate Grainer,,,2026-03-10,50,,P6,,,60.87087911076846000,60.87087911076846
N1,7.0,N,14,1,,,,,,,E209,1,TIKTAALIK,,384 well plate Grainer,,,2026-03-10,50,,P6,,,-0.12002823615023489,
N2,7.0,N,14,2,,,,,,,E209,1,TIKTAALIK,,384 well plate Grainer,,,2026-03-10,50,,P6,,,-0.12002823615023489,
N3,7.0,N,14,3,,,,,,,E209,1,TIKTAALIK,,384 well plate Grainer,,,2026-03-10,50,,P6,,,-0.12002823615023489,
N4,10.0,N,14,4,,,,,,,E209,1,TIKTAALIK,,384 well plate Grainer,,,2026-03-10,50,,P6,,,-0.06056358810319032,
N5,11.0,N,14,5,,,,,,,E209,1,TIKTAALIK,,384 well plate Grainer,,,2026-03-10,50,,P6,,,-0.04074203875417548,
N6,9.0,N,14,6,,,,,,,E209,1,TIKTAALIK,,384 well plate Grainer,,,2026-03-10,50,,P6,,,-0.08038513745220516,
N7,6.0,N,14,7,,,,,,,E209,1,TIKTAALIK,,384 well plate Grainer,,,2026-03-10,50,,P6,,,-0.13984978549924973,
N8,8.0,N,14,8,,,,,,,E209,1,TIKTAALIK,,384 well plate Grainer,,,2026-03-10,50,,P6,,,-0.10020668680122002,
N9,5.0,N,14,9,,,,,,,E209,1,TIKTAALIK,,384 well plate Grainer,,,2026-03-10,50,,P6,,,-0.15967133484826457,
N10,7.0,N,14,10,,,,,,,E209,1,TIKTAALIK,,384 well plate Grainer,,,2026-03-10,50,,P6,,,-0.12002823615023489,
N11,9.0,N,14,11,,,,,,,E209,1,TIKTAALIK,,384 well plate Grainer,,,2026-03-10,50,,P6,,,-0.08038513745220516,
N12,11.0,N,14,12,,,,,,,E209,1,TIKTAALIK,,384 well plate Grainer,,,2026-03-10,50,,P6,,,-0.04074203875417548,
N13,7.0,N,14,13,,,,,,,E209,1,TIKTAALIK,,384 well plate Grainer,,,2026-03-10,50,,P6,,,-0.12002823615023489,
N14,9.0,N,14,14,,,,,,,E209,1,TIKTAALIK,,384 well plate Grainer,,,2026-03-10,50,,P6,,,-0.08038513745220516,
N15,6.0,N,14,15,,,,,,,E209,1,TIKTAALIK,,384 well plate Grainer,,,2026-03-10,50,,P6,,,-0.13984978549924973,
N16,10.0,N,14,16,,,,,,,E209,1,TIKTAALIK,,384 well plate Grainer,,,2026-03-10,50,,P6,,,-0.06056358810319032,
N17,9.0,N,14,17,,,,,,,E209,1,TIKTAALIK,,384 well plate Grainer,,,2026-03-10,50,,P6,,,-0.08038513745220516,
N18,7.0,N,14,18,,,,,,,E209,1,TIKTAALIK,,384 well plate Grainer,,,2026-03-10,50,,P6,,,-0.12002823615023489,
N19,10.0,N,14,19,,,,,,,E209,1,TIKTAALIK,,384 well plate Grainer,,,2026-03-10,50,,P6,,,-0.06056358810319032,
N20,9.0,N,14,20,,,,,,,E209,1,TIKTAALIK,,384 well plate Grainer,,,2026-03-10,50,,P6,,,-0.08038513745220516,
N21,8.0,N,14,21,,,,,,,E209,1,TIKTAALIK,,384 well plate Grainer,,,2026-03-10,50,,P6,,,-0.10020668680122002,
N22,8.0,N,14,22,,,,,,,E209,1,TIKTAALIK,,384 well plate Grainer,,,2026-03-10,50,,P6,,,-0.10020668680122002,
N23,7.0,N,14,23,,,,,,,E209,1,TIKTAALIK,,384 well plate Grainer,,,2026-03-10,50,,P6,,,-0.12002823615023489,
N24,3362.0,N,14,24,Standard - 7,,,,64.0,1.0,E209,1,TIKTAALIK,,384 well plate Grainer,,,2026-03-10,50,,P6,,,66.38126982979460000,66.38126982979460
O1,9.0,O,15,1,,,,,,,E209,1,TIKTAALIK,,384 well plate Grainer,,,2026-03-10,50,,P6,,,-0.08038513745220516,
O2,9.0,O,15,2,,,,,,,E209,1,TIKTAALIK,,384 well plate Grainer,,,2026-03-10,50,,P6,,,-0.08038513745220516,
O3,9.0,O,15,3,,,,,,,E209,1,TIKTAALIK,,384 well plate Grainer,,,2026-03-10,50,,P6,,,-0.08038513745220516,
O4,7.0,O,15,4,,,,,,,E209,1,TIKTAALIK,,384 well plate Grainer,,,2026-03-10,50,,P6,,,-0.12002823615023489,
O5,8.0,O,15,5,,,,,,,E209,1,TIKTAALIK,,384 well plate Grainer,,,2026-03-10,50,,P6,,,-0.10020668680122002,
O6,6.0,O,15,6,,,,,,,E209,1,TIKTAALIK,,384 well plate Grainer,,,2026-03-10,50,,P6,,,-0.13984978549924973,
O7,10.0,O,15,7,,,,,,,E209,1,TIKTAALIK,,384 well plate Grainer,,,2026-03-10,50,,P6,,,-0.06056358810319032,
O8,8.0,O,15,8,,,,,,,E209,1,TIKTAALIK,,384 well plate Grainer,,,2026-03-10,50,,P6,,,-0.10020668680122002,
O9,9.0,O,15,9,,,,,,,E209,1,TIKTAALIK,,384 well plate Grainer,,,2026-03-10,50,,P6,,,-0.08038513745220516,
O10,11.0,O,15,10,,,,,,,E209,1,TIKTAALIK,,384 well plate Grainer,,,2026-03-10,50,,P6,,,-0.04074203875417548,
O11,11.0,O,15,11,,,,,,,E209,1,TIKTAALIK,,384 well plate Grainer,,,2026-03-10,50,,P6,,,-0.04074203875417548,
O12,8.0,O,15,12,,,,,,,E209,1,TIKTAALIK,,384 well plate Grainer,,,2026-03-10,50,,P6,,,-0.10020668680122002,
O13,7.0,O,15,13,,,,,,,E209,1,TIKTAALIK,,384 well plate Grainer,,,2026-03-10,50,,P6,,,-0.12002823615023489,
O14,9.0,O,15,14,,,,,,,E209,1,TIKTAALIK,,384 well plate Grainer,,,2026-03-10,50,,P6,,,-0.08038513745220516,
O15,10.0,O,15,15,,,,,,,E209,1,TIKTAALIK,,384 well plate Grainer,,,2026-03-10,50,,P6,,,-0.06056358810319032,
O16,8.0,O,15,16,,,,,,,E209,1,TIKTAALIK,,384 well plate Grainer,,,2026-03-10,50,,P6,,,-0.10020668680122002,
O17,6.0,O,15,17,,,,,,,E209,1,TIKTAALIK,,384 well plate Grainer,,,2026-03-10,50,,P6,,,-0.13984978549924973,
O18,7.0,O,15,18,,,,,,,E209,1,TIKTAALIK,,384 well plate Grainer,,,2026-03-10,50,,P6,,,-0.12002823615023489,
O19,9.0,O,15,19,,,,,,,E209,1,TIKTAALIK,,384 well plate Grainer,,,2026-03-10,50,,P6,,,-0.08038513745220516,
O20,9.0,O,15,20,,,,,,,E209,1,TIKTAALIK,,384 well plate Grainer,,,2026-03-10,50,,P6,,,-0.08038513745220516,
O21,10.0,O,15,21,,,,,,,E209,1,TIKTAALIK,,384 well plate Grainer,,,2026-03-10,50,,P6,,,-0.06056358810319032,
O22,11.0,O,15,22,,,,,,,E209,1,TIKTAALIK,,384 well plate Grainer,,,2026-03-10,50,,P6,,,-0.04074203875417548,
O23,8.0,O,15,23,,,,,,,E209,1,TIKTAALIK,,384 well plate Grainer,,,2026-03-10,50,,P6,,,-0.10020668680122002,
O24,6508.0,O,15,24,Standard - 8,,,,128.0,1.0,E209,1,TIKTAALIK,,384 well plate Grainer,,,2026-03-10,50,,P6,,,128.73986408179533000,128.73986408179533
P1,7.0,P,16,1,,,,,,,E209,1,TIKTAALIK,,384 well plate Grainer,,,2026-03-10,50,,P6,,,-0.12002823615023489,
P2,8.0,P,16,2,,,,,,,E209,1,TIKTAALIK,,384 well plate Grainer,,,2026-03-10,50,,P6,,,-0.10020668680122002,
P3,8.0,P,16,3,,,,,,,E209,1,TIKTAALIK,,384 well plate Grainer,,,2026-03-10,50,,P6,,,-0.10020668680122002,
P4,8.0,P,16,4,,,,,,,E209,1,TIKTAALIK,,384 well plate Grainer,,,2026-03-10,50,,P6,,,-0.10020668680122002,
P5,10.0,P,16,5,,,,,,,E209,1,TIKTAALIK,,384 well plate Grainer,,,2026-03-10,50,,P6,,,-0.06056358810319032,
P6,11.0,P,16,6,,,,,,,E209,1,TIKTAALIK,,384 well plate Grainer,,,2026-03-10,50,,P6,,,-0.04074203875417548,
P7,8.0,P,16,7,,,,,,,E209,1,TIKTAALIK,,384 well plate Grainer,,,2026-03-10,50,,P6,,,-0.10020668680122002,
P8,7.0,P,16,8,,,,,,,E209,1,TIKTAALIK,,384 well plate Grainer,,,2026-03-10,50,,P6,,,-0.12002823615023489,
P9,8.0,P,16,9,,,,,,,E209,1,TIKTAALIK,,384 well plate Grainer,,,2026-03-10,50,,P6,,,-0.10020668680122002,
P10,10.0,P,16,10,,,,,,,E209,1,TIKTAALIK,,384 well plate Grainer,,,2026-03-10,50,,P6,,,-0.06056358810319032,
P11,11.0,P,16,11,,,,,,,E209,1,TIKTAALIK,,384 well plate Grainer,,,2026-03-10,50,,P6,,,-0.04074203875417548,
P12,9.0,P,16,12,,,,,,,E209,1,TIKTAALIK,,384 well plate Grainer,,,2026-03-10,50,,P6,,,-0.08038513745220516,
P13,7.0,P,16,13,,,,,,,E209,1,TIKTAALIK,,384 well plate Grainer,,,2026-03-10,50,,P6,,,-0.12002823615023489,
P14,7.0,P,16,14,,,,,,,E209,1,TIKTAALIK,,384 well plate Grainer,,,2026-03-10,50,,P6,,,-0.12002823615023489,
P15,7.0,P,16,15,,,,,,,E209,1,TIKTAALIK,,384 well plate Grainer,,,2026-03-10,50,,P6,,,-0.12002823615023489,
P16,12.0,P,16,16,,,,,,,E209,1,TIKTAALIK,,384 well plate Grainer,,,2026-03-10,50,,P6,,,-0.02092048940516061,
P17,10.0,P,16,17,,,,,,,E209,1,TIKTAALIK,,384 well plate Grainer,,,2026-03-10,50,,P6,,,-0.06056358810319032,
P18,7.0,P,16,18,,,,,,,E209,1,TIKTAALIK,,384 well plate Grainer,,,2026-03-10,50,,P6,,,-0.12002823615023489,
P19,7.0,P,16,19,,,,,,,E209,1,TIKTAALIK,,384 well plate Grainer,,,2026-03-10,50,,P6,,,-0.12002823615023489,
P20,7.0,P,16,20,,,,,,,E209,1,TIKTAALIK,,384 well plate Grainer,,,2026-03-10,50,,P6,,,-0.12002823615023489,
P21,10.0,P,16,21,,,,,,,E209,1,TIKTAALIK,,384 well plate Grainer,,,2026-03-10,50,,P6,,,-0.06056358810319032,
P22,9.0,P,16,22,,,,,,,E209,1,TIKTAALIK,,384 well plate Grainer,,,2026-03-10,50,,P6,,,-0.08038513745220516,
P23,8.0,P,16,23,,,,,,,E209,1,TIKTAALIK,,384 well plate Grainer,,,2026-03-10,50,,P6,,,-0.10020668680122002,
P24,6406.0,P,16,24,Standard - 8,,,,128.0,1.0,E209,1,TIKTAALIK,,384 well plate Grainer,,,2026-03-10,50,,P6,,,126.71806604819580000,126.71806604819580
A1,161.0,A,1,1,QC,384_Premium,21-L,MMC-23,,400.0,E215,1,TIKTAALIK,10.0,384 well plate Grainer,m9134733,plasmid,2026-02-03,50,plasmid 10nM,P1,384,Premium,3.56074074972984000,1424.29629989193600
A2,153.0,A,1,2,QC,384_Premium,21-L,MMC-23,,400.0,E215,1,TIKTAALIK,10.0,384 well plate Grainer,m9134733,plasmid,2026-02-03,50,plasmid 10nM,P1,384,Premium,3.37899637369173260,1351.59854947669300
A3,146.0,A,1,3,QC,384_Premium,21-L,MMC-23,,400.0,E215,1,TIKTAALIK,10.0,384 well plate Grainer,m9134733,plasmid,2026-02-03,50,plasmid 10nM,P1,384,Premium,3.21997004465838850,1287.98801786335550
A4,281.0,A,1,4,QC,384_Premium,21-L,MMC-23,,400.0,E215,1,TIKTAALIK,10.0,384 well plate Grainer,m9134733,plasmid,2026-02-03,50,plasmid 10nM,P1,384,Premium,6.28690639030145300,2514.76255612058100
A5,267.0,A,1,5,QC,384_Premium,21-L,MMC-23,,400.0,E215,1,TIKTAALIK,10.0,384 well plate Grainer,m9134733,plasmid,2026-02-03,50,plasmid 10nM,P1,384,Premium,5.96885373223476500,2387.54149289390600
A6,218.0,A,1,6,QC,384_Premium,21-L,MMC-23,,400.0,E215,1,TIKTAALIK,10.0,384 well plate Grainer,m9134733,plasmid,2026-02-03,50,plasmid 10nM,P1,384,Premium,4.85566942900135600,1942.26777160054230
A7,276.0,A,1,7,QC,384_Premium,21-L,MMC-23,,400.0,E215,1,TIKTAALIK,10.0,384 well plate Grainer,m9134733,plasmid,2026-02-03,50,plasmid 10nM,P1,384,Premium,6.17331615527763500,2469.32646211105400
A8,247.0,A,1,8,QC,384_Premium,21-L,MMC-23,,400.0,E215,1,TIKTAALIK,10.0,384 well plate Grainer,m9134733,plasmid,2026-02-03,50,plasmid 10nM,P1,384,Premium,5.51449279213949500,2205.79711685579800
A9,258.0,A,1,9,QC,384_Premium,21-L,MMC-23,,400.0,E215,1,TIKTAALIK,10.0,384 well plate Grainer,m9134733,plasmid,2026-02-03,50,plasmid 10nM,P1,384,Premium,5.76439130919189300,2305.75652367675730
A10,167.0,A,1,10,QC,384_Premium,21-L,MMC-23,,400.0,E215,1,TIKTAALIK,10.0,384 well plate Grainer,m9134733,plasmid,2026-02-03,50,plasmid 10nM,P1,384,Premium,3.69704903175842060,1478.81961270336820
A11,169.0,A,1,11,QC,384_Premium,21-L,MMC-23,,400.0,E215,1,TIKTAALIK,10.0,384 well plate Grainer,m9134733,plasmid,2026-02-03,50,plasmid 10nM,P1,384,Premium,3.74248512576794750,1496.99405030717900
A12,160.0,A,1,12,QC,384_Premium,21-L,MMC-23,,400.0,E215,1,TIKTAALIK,10.0,384 well plate Grainer,m9134733,plasmid,2026-02-03,50,plasmid 10nM,P1,384,Premium,3.53802270272507660,1415.20908109003060
A13,293.0,A,1,13,QC,384_Premium,21-L,MMC-23,,400.0,E215,1,TIKTAALIK,10.0,384 well plate Grainer,m9134733,plasmid,2026-02-03,50,plasmid 10nM,P1,384,Premium,6.55952295435861400,2623.80918174344560
A14,288.0,A,1,14,QC,384_Premium,21-L,MMC-23,,400.0,E215,1,TIKTAALIK,10.0,384 well plate Grainer,m9134733,plasmid,2026-02-03,50,plasmid 10nM,P1,384,Premium,6.44593271933479600,2578.37308773391850
A15,266.0,A,1,15,QC,384_Premium,21-L,MMC-23,,400.0,E215,1,TIKTAALIK,10.0,384 well plate Grainer,m9134733,plasmid,2026-02-03,50,plasmid 10nM,P1,384,Premium,5.94613568523000100,2378.45427409200000
A16,266.0,A,1,16,QC,384_Premium,21-L,MMC-23,,400.0,E215,1,TIKTAALIK,10.0,384 well plate Grainer,m9134733,plasmid,2026-02-03,50,plasmid 10nM,P1,384,Premium,5.94613568523000100,2378.45427409200000
A17,294.0,A,1,17,QC,384_Premium,21-L,MMC-23,,400.0,E215,1,TIKTAALIK,10.0,384 well plate Grainer,m9134733,plasmid,2026-02-03,50,plasmid 10nM,P1,384,Premium,6.58224100136337700,2632.89640054535100
A18,265.0,A,1,18,QC,384_Premium,21-L,MMC-23,,400.0,E215,1,TIKTAALIK,10.0,384 well plate Grainer,m9134733,plasmid,2026-02-03,50,plasmid 10nM,P1,384,Premium,5.92341763822523800,2369.36705529009500
A19,9.0,A,1,19,,,,,,,E215,1,TIKTAALIK,,384 well plate Grainer,m9134733,,2026-02-03,50,,P1,,,0.10759760500579810,
A20,10.0,A,1,20,,,,,,,E215,1,TIKTAALIK,,384 well plate Grainer,m9134733,,2026-02-03,50,,P1,,,0.13031565201056153,
A21,8.0,A,1,21,,,,,,,E215,1,TIKTAALIK,,384 well plate Grainer,m9134733,,2026-02-03,50,,P1,,,0.08487955800103467,
A22,8.0,A,1,22,,,,,,,E215,1,TIKTAALIK,,384 well plate Grainer,m9134733,,2026-02-03,50,,P1,,,0.08487955800103467,
A23,11.0,A,1,23,,,,,,,E215,1,TIKTAALIK,,384 well plate Grainer,m9134733,,2026-02-03,50,,P1,,,0.15303369901532496,
A24,8.0,A,1,24,,,,,,,E215,1,TIKTAALIK,,384 well plate Grainer,m9134733,,2026-02-03,50,,P1,,,0.08487955800103467,
B1,12.0,B,2,1,,,,,,,E215,1,TIKTAALIK,,384 well plate Grainer,m9134733,,2026-02-03,50,,P1,,,0.17575174602008842,
B2,9.0,B,2,2,,,,,,,E215,1,TIKTAALIK,,384 well plate Grainer,m9134733,,2026-02-03,50,,P1,,,0.10759760500579810,
B3,10.0,B,2,3,,,,,,,E215,1,TIKTAALIK,,384 well plate Grainer,m9134733,,2026-02-03,50,,P1,,,0.13031565201056153,
B4,9.0,B,2,4,,,,,,,E215,1,TIKTAALIK,,384 well plate Grainer,m9134733,,2026-02-03,50,,P1,,,0.10759760500579810,
B5,9.0,B,2,5,,,,,,,E215,1,TIKTAALIK,,384 well plate Grainer,m9134733,,2026-02-03,50,,P1,,,0.10759760500579810,
B6,9.0,B,2,6,,,,,,,E215,1,TIKTAALIK,,384 well plate Grainer,m9134733,,2026-02-03,50,,P1,,,0.10759760500579810,
B7,8.0,B,2,7,,,,,,,E215,1,TIKTAALIK,,384 well plate Grainer,m9134733,,2026-02-03,50,,P1,,,0.08487955800103467,
B8,9.0,B,2,8,,,,,,,E215,1,TIKTAALIK,,384 well plate Grainer,m9134733,,2026-02-03,50,,P1,,,0.10759760500579810,
B9,8.0,B,2,9,,,,,,,E215,1,TIKTAALIK,,384 well plate Grainer,m9134733,,2026-02-03,50,,P1,,,0.08487955800103467,
B10,8.0,B,2,10,,,,,,,E215,1,TIKTAALIK,,384 well plate Grainer,m9134733,,2026-02-03,50,,P1,,,0.08487955800103467,
B11,11.0,B,2,11,,,,,,,E215,1,TIKTAALIK,,384 well plate Grainer,m9134733,,2026-02-03,50,,P1,,,0.15303369901532496,
B12,9.0,B,2,12,,,,,,,E215,1,TIKTAALIK,,384 well plate Grainer,m9134733,,2026-02-03,50,,P1,,,0.10759760500579810,
B13,9.0,B,2,13,,,,,,,E215,1,TIKTAALIK,,384 well plate Grainer,m9134733,,2026-02-03,50,,P1,,,0.10759760500579810,
B14,8.0,B,2,14,,,,,,,E215,1,TIKTAALIK,,384 well plate Grainer,m9134733,,2026-02-03,50,,P1,,,0.08487955800103467,
B15,10.0,B,2,15,,,,,,,E215,1,TIKTAALIK,,384 well plate Grainer,m9134733,,2026-02-03,50,,P1,,,0.13031565201056153,
B16,6.0,B,2,16,,,,,,,E215,1,TIKTAALIK,,384 well plate Grainer,m9134733,,2026-02-03,50,,P1,,,0.03944346399150780,
B17,9.0,B,2,17,,,,,,,E215,1,TIKTAALIK,,384 well plate Grainer,m9134733,,2026-02-03,50,,P1,,,0.10759760500579810,
B18,9.0,B,2,18,,,,,,,E215,1,TIKTAALIK,,384 well plate Grainer,m9134733,,2026-02-03,50,,P1,,,0.10759760500579810,
B19,10.0,B,2,19,,,,,,,E215,1,TIKTAALIK,,384 well plate Grainer,m9134733,,2026-02-03,50,,P1,,,0.13031565201056153,
B20,9.0,B,2,20,,,,,,,E215,1,TIKTAALIK,,384 well plate Grainer,m9134733,,2026-02-03,50,,P1,,,0.10759760500579810,
B21,11.0,B,2,21,,,,,,,E215,1,TIKTAALIK,,384 well plate Grainer,m9134733,,2026-02-03,50,,P1,,,0.15303369901532496,
B22,9.0,B,2,22,,,,,,,E215,1,TIKTAALIK,,384 well plate Grainer,m9134733,,2026-02-03,50,,P1,,,0.10759760500579810,
B23,9.0,B,2,23,,,,,,,E215,1,TIKTAALIK,,384 well plate Grainer,m9134733,,2026-02-03,50,,P1,,,0.10759760500579810,
B24,10.0,B,2,24,,,,,,,E215,1,TIKTAALIK,,384 well plate Grainer,m9134733,,2026-02-03,50,,P1,,,0.13031565201056153,
C1,353.0,C,3,1,QC,384_Premium,21-L,MMC-23,,400.0,E215,1,TIKTAALIK,10.0,384 well plate Grainer,m9134733,plasmid,2026-02-03,50,plasmid 5nM,P1,384,Premium,7.92260577464441900,3169.04230985776760
C2,358.0,C,3,2,QC,384_Premium,21-L,MMC-23,,400.0,E215,1,TIKTAALIK,10.0,384 well plate Grainer,m9134733,plasmid,2026-02-03,50,plasmid 5nM,P1,384,Premium,8.03619600966823600,3214.47840386729470
C3,355.0,C,3,3,QC,384_Premium,21-L,MMC-23,,400.0,E215,1,TIKTAALIK,10.0,384 well plate Grainer,m9134733,plasmid,2026-02-03,50,plasmid 5nM,P1,384,Premium,7.96804186865394650,3187.21674746157850
C4,289.0,C,3,4,QC,384_Premium,21-L,MMC-23,,400.0,E215,1,TIKTAALIK,10.0,384 well plate Grainer,m9134733,plasmid,2026-02-03,50,plasmid 5nM,P1,384,Premium,6.46865076633956000,2587.46030653582400
C5,296.0,C,3,5,QC,384_Premium,21-L,MMC-23,,400.0,E215,1,TIKTAALIK,10.0,384 well plate Grainer,m9134733,plasmid,2026-02-03,50,plasmid 5nM,P1,384,Premium,6.62767709537290400,2651.07083814916130
C6,284.0,C,3,6,QC,384_Premium,21-L,MMC-23,,400.0,E215,1,TIKTAALIK,10.0,384 well plate Grainer,m9134733,plasmid,2026-02-03,50,plasmid 5nM,P1,384,Premium,6.35506053131574240,2542.02421252629700
C7,337.0,C,3,7,QC,384_Premium,21-L,MMC-23,,400.0,E215,1,TIKTAALIK,10.0,384 well plate Grainer,m9134733,plasmid,2026-02-03,50,plasmid 5nM,P1,384,Premium,7.55911702256820500,3023.64680902728200
C8,316.0,C,3,8,QC,384_Premium,21-L,MMC-23,,400.0,E215,1,TIKTAALIK,10.0,384 well plate Grainer,m9134733,plasmid,2026-02-03,50,plasmid 5nM,P1,384,Premium,7.08203803546817200,2832.81521418726900
C9,316.0,C,3,9,QC,384_Premium,21-L,MMC-23,,400.0,E215,1,TIKTAALIK,10.0,384 well plate Grainer,m9134733,plasmid,2026-02-03,50,plasmid 5nM,P1,384,Premium,7.08203803546817200,2832.81521418726900
C10,358.0,C,3,10,QC,384_Premium,21-L,MMC-23,,400.0,E215,1,TIKTAALIK,10.0,384 well plate Grainer,m9134733,plasmid,2026-02-03,50,plasmid 5nM,P1,384,Premium,8.03619600966823600,3214.47840386729470
C11,376.0,C,3,11,QC,384_Premium,21-L,MMC-23,,400.0,E215,1,TIKTAALIK,10.0,384 well plate Grainer,m9134733,plasmid,2026-02-03,50,plasmid 5nM,P1,384,Premium,8.44512085575397900,3378.04834230159170
C12,358.0,C,3,12,QC,384_Premium,21-L,MMC-23,,400.0,E215,1,TIKTAALIK,10.0,384 well plate Grainer,m9134733,plasmid,2026-02-03,50,plasmid 5nM,P1,384,Premium,8.03619600966823600,3214.47840386729470
C13,363.0,C,3,13,QC,384_Premium,21-L,MMC-23,,400.0,E215,1,TIKTAALIK,10.0,384 well plate Grainer,m9134733,plasmid,2026-02-03,50,plasmid 5nM,P1,384,Premium,8.14978624469205400,3259.91449787682180
C14,369.0,C,3,14,QC,384_Premium,21-L,MMC-23,,400.0,E215,1,TIKTAALIK,10.0,384 well plate Grainer,m9134733,plasmid,2026-02-03,50,plasmid 5nM,P1,384,Premium,8.28609452672063400,3314.43781068825360
C15,329.0,C,3,15,QC,384_Premium,21-L,MMC-23,,400.0,E215,1,TIKTAALIK,10.0,384 well plate Grainer,m9134733,plasmid,2026-02-03,50,plasmid 5nM,P1,384,Premium,7.37737264653009700,2950.94905861203870
C16,399.0,C,3,16,QC,384_Premium,21-L,MMC-23,,400.0,E215,1,TIKTAALIK,10.0,384 well plate Grainer,m9134733,plasmid,2026-02-03,50,plasmid 5nM,P1,384,Premium,8.96763593686353700,3587.05437474541500
C17,383.0,C,3,17,QC,384_Premium,21-L,MMC-23,,400.0,E215,1,TIKTAALIK,10.0,384 well plate Grainer,m9134733,plasmid,2026-02-03,50,plasmid 5nM,P1,384,Premium,8.60414718478732300,3441.65887391492920
C18,381.0,C,3,18,QC,384_Premium,21-L,MMC-23,,400.0,E215,1,TIKTAALIK,10.0,384 well plate Grainer,m9134733,plasmid,2026-02-03,50,plasmid 5nM,P1,384,Premium,8.55871109077779500,3423.48443631111800
C19,10.0,C,3,19,,,,,,,E215,1,TIKTAALIK,,384 well plate Grainer,m9134733,,2026-02-03,50,,P1,,,0.13031565201056153,
C20,9.0,C,3,20,,,,,,,E215,1,TIKTAALIK,,384 well plate Grainer,m9134733,,2026-02-03,50,,P1,,,0.10759760500579810,
C21,10.0,C,3,21,,,,,,,E215,1,TIKTAALIK,,384 well plate Grainer,m9134733,,2026-02-03,50,,P1,,,0.13031565201056153,
C22,8.0,C,3,22,,,,,,,E215,1,TIKTAALIK,,384 well plate Grainer,m9134733,,2026-02-03,50,,P1,,,0.08487955800103467,
C23,7.0,C,3,23,,,,,,,E215,1,TIKTAALIK,,384 well plate Grainer,m9134733,,2026-02-03,50,,P1,,,0.06216151099627124,
C24,8.0,C,3,24,,,,,,,E215,1,TIKTAALIK,,384 well plate Grainer,m9134733,,2026-02-03,50,,P1,,,0.08487955800103467,
D1,8.0,D,4,1,,,,,,,E215,1,TIKTAALIK,,384 well plate Grainer,m9134733,,2026-02-03,50,,P1,,,0.08487955800103467,
D2,9.0,D,4,2,,,,,,,E215,1,TIKTAALIK,,384 well plate Grainer,m9134733,,2026-02-03,50,,P1,,,0.10759760500579810,
D3,10.0,D,4,3,,,,,,,E215,1,TIKTAALIK,,384 well plate Grainer,m9134733,,2026-02-03,50,,P1,,,0.13031565201056153,
D4,7.0,D,4,4,,,,,,,E215,1,TIKTAALIK,,384 well plate Grainer,m9134733,,2026-02-03,50,,P1,,,0.06216151099627124,
D5,9.0,D,4,5,,,,,,,E215,1,TIKTAALIK,,384 well plate Grainer,m9134733,,2026-02-03,50,,P1,,,0.10759760500579810,
D6,10.0,D,4,6,,,,,,,E215,1,TIKTAALIK,,384 well plate Grainer,m9134733,,2026-02-03,50,,P1,,,0.13031565201056153,
D7,8.0,D,4,7,,,,,,,E215,1,TIKTAALIK,,384 well plate Grainer,m9134733,,2026-02-03,50,,P1,,,0.08487955800103467,
D8,10.0,D,4,8,,,,,,,E215,1,TIKTAALIK,,384 well plate Grainer,m9134733,,2026-02-03,50,,P1,,,0.13031565201056153,
D9,8.0,D,4,9,,,,,,,E215,1,TIKTAALIK,,384 well plate Grainer,m9134733,,2026-02-03,50,,P1,,,0.08487955800103467,
D10,9.0,D,4,10,,,,,,,E215,1,TIKTAALIK,,384 well plate Grainer,m9134733,,2026-02-03,50,,P1,,,0.10759760500579810,
D11,8.0,D,4,11,,,,,,,E215,1,TIKTAALIK,,384 well plate Grainer,m9134733,,2026-02-03,50,,P1,,,0.08487955800103467,
D12,8.0,D,4,12,,,,,,,E215,1,TIKTAALIK,,384 well plate Grainer,m9134733,,2026-02-03,50,,P1,,,0.08487955800103467,
D13,9.0,D,4,13,,,,,,,E215,1,TIKTAALIK,,384 well plate Grainer,m9134733,,2026-02-03,50,,P1,,,0.10759760500579810,
D14,10.0,D,4,14,,,,,,,E215,1,TIKTAALIK,,384 well plate Grainer,m9134733,,2026-02-03,50,,P1,,,0.13031565201056153,
D15,8.0,D,4,15,,,,,,,E215,1,TIKTAALIK,,384 well plate Grainer,m9134733,,2026-02-03,50,,P1,,,0.08487955800103467,
D16,9.0,D,4,16,,,,,,,E215,1,TIKTAALIK,,384 well plate Grainer,m9134733,,2026-02-03,50,,P1,,,0.10759760500579810,
D17,8.0,D,4,17,,,,,,,E215,1,TIKTAALIK,,384 well plate Grainer,m9134733,,2026-02-03,50,,P1,,,0.08487955800103467,
D18,10.0,D,4,18,,,,,,,E215,1,TIKTAALIK,,384 well plate Grainer,m9134733,,2026-02-03,50,,P1,,,0.13031565201056153,
D19,8.0,D,4,19,,,,,,,E215,1,TIKTAALIK,,384 well plate Grainer,m9134733,,2026-02-03,50,,P1,,,0.08487955800103467,
D20,8.0,D,4,20,,,,,,,E215,1,TIKTAALIK,,384 well plate Grainer,m9134733,,2026-02-03,50,,P1,,,0.08487955800103467,
D21,8.0,D,4,21,,,,,,,E215,1,TIKTAALIK,,384 well plate Grainer,m9134733,,2026-02-03,50,,P1,,,0.08487955800103467,
D22,8.0,D,4,22,,,,,,,E215,1,TIKTAALIK,,384 well plate Grainer,m9134733,,2026-02-03,50,,P1,,,0.08487955800103467,
D23,9.0,D,4,23,,,,,,,E215,1,TIKTAALIK,,384 well plate Grainer,m9134733,,2026-02-03,50,,P1,,,0.10759760500579810,
D24,9.0,D,4,24,,,,,,,E215,1,TIKTAALIK,,384 well plate Grainer,m9134733,,2026-02-03,50,,P1,,,0.10759760500579810,
E1,295.0,E,5,1,QC,384_Premium,21-L,MMC-23,,400.0,E215,1,TIKTAALIK,10.0,384 well plate Grainer,m9134733,linear,2026-02-03,50,linear 20nM,P1,384,Premium,6.60495904836814100,2641.98361934725600
E2,306.0,E,5,2,QC,384_Premium,21-L,MMC-23,,400.0,E215,1,TIKTAALIK,10.0,384 well plate Grainer,m9134733,linear,2026-02-03,50,linear 20nM,P1,384,Premium,6.85485756542053800,2741.94302616821500
E3,333.0,E,5,3,QC,384_Premium,21-L,MMC-23,,400.0,E215,1,TIKTAALIK,10.0,384 well plate Grainer,m9134733,linear,2026-02-03,50,linear 20nM,P1,384,Premium,7.46824483454915100,2987.29793381966060
E4,221.0,E,5,4,QC,384_Premium,21-L,MMC-23,,400.0,E215,1,TIKTAALIK,10.0,384 well plate Grainer,m9134733,linear,2026-02-03,50,linear 20nM,P1,384,Premium,4.92382357001564600,1969.52942800625830
E5,222.0,E,5,5,QC,384_Premium,21-L,MMC-23,,400.0,E215,1,TIKTAALIK,10.0,384 well plate Grainer,m9134733,linear,2026-02-03,50,linear 20nM,P1,384,Premium,4.94654161702041000,1978.61664680816400
E6,237.0,E,5,6,QC,384_Premium,21-L,MMC-23,,400.0,E215,1,TIKTAALIK,10.0,384 well plate Grainer,m9134733,linear,2026-02-03,50,linear 20nM,P1,384,Premium,5.28731232209186100,2114.92492883674400
E7,203.0,E,5,7,QC,384_Premium,21-L,MMC-23,,400.0,E215,1,TIKTAALIK,10.0,384 well plate Grainer,m9134733,linear,2026-02-03,50,linear 20nM,P1,384,Premium,4.51489872392990400,1805.95948957196170
E8,194.0,E,5,8,QC,384_Premium,21-L,MMC-23,,400.0,E215,1,TIKTAALIK,10.0,384 well plate Grainer,m9134733,linear,2026-02-03,50,linear 20nM,P1,384,Premium,4.31043630088703400,1724.17452035481350
E9,200.0,E,5,9,QC,384_Premium,21-L,MMC-23,,400.0,E215,1,TIKTAALIK,10.0,384 well plate Grainer,m9134733,linear,2026-02-03,50,linear 20nM,P1,384,Premium,4.44674458291561400,1778.69783316624580
E10,312.0,E,5,10,QC,384_Premium,21-L,MMC-23,,400.0,E215,1,TIKTAALIK,10.0,384 well plate Grainer,m9134733,linear,2026-02-03,50,linear 20nM,P1,384,Premium,6.99116584744911850,2796.46633897964740
E11,319.0,E,5,11,QC,384_Premium,21-L,MMC-23,,400.0,E215,1,TIKTAALIK,10.0,384 well plate Grainer,m9134733,linear,2026-02-03,50,linear 20nM,P1,384,Premium,7.15019217648246300,2860.07687059298500
E12,308.0,E,5,12,QC,384_Premium,21-L,MMC-23,,400.0,E215,1,TIKTAALIK,10.0,384 well plate Grainer,m9134733,linear,2026-02-03,50,linear 20nM,P1,384,Premium,6.90029365943006500,2760.11746377202600
E13,8.0,E,5,13,,,,,,,E215,1,TIKTAALIK,,384 well plate Grainer,m9134733,,2026-02-03,50,,P1,,,0.08487955800103467,
E14,7.0,E,5,14,,,,,,,E215,1,TIKTAALIK,,384 well plate Grainer,m9134733,,2026-02-03,50,,P1,,,0.06216151099627124,
E15,7.0,E,5,15,,,,,,,E215,1,TIKTAALIK,,384 well plate Grainer,m9134733,,2026-02-03,50,,P1,,,0.06216151099627124,
E16,7.0,E,5,16,,,,,,,E215,1,TIKTAALIK,,384 well plate Grainer,m9134733,,2026-02-03,50,,P1,,,0.06216151099627124,
E17,10.0,E,5,17,,,,,,,E215,1,TIKTAALIK,,384 well plate Grainer,m9134733,,2026-02-03,50,,P1,,,0.13031565201056153,
E18,10.0,E,5,18,,,,,,,E215,1,TIKTAALIK,,384 well plate Grainer,m9134733,,2026-02-03,50,,P1,,,0.13031565201056153,
E19,11.0,E,5,19,,,,,,,E215,1,TIKTAALIK,,384 well plate Grainer,m9134733,,2026-02-03,50,,P1,,,0.15303369901532496,
E20,7.0,E,5,20,,,,,,,E215,1,TIKTAALIK,,384 well plate Grainer,m9134733,,2026-02-03,50,,P1,,,0.06216151099627124,
E21,9.0,E,5,21,,,,,,,E215,1,TIKTAALIK,,384 well plate Grainer,m9134733,,2026-02-03,50,,P1,,,0.10759760500579810,
E22,10.0,E,5,22,,,,,,,E215,1,TIKTAALIK,,384 well plate Grainer,m9134733,,2026-02-03,50,,P1,,,0.13031565201056153,
E23,9.0,E,5,23,,,,,,,E215,1,TIKTAALIK,,384 well plate Grainer,m9134733,,2026-02-03,50,,P1,,,0.10759760500579810,
E24,10.0,E,5,24,,,,,,,E215,1,TIKTAALIK,,384 well plate Grainer,m9134733,,2026-02-03,50,,P1,,,0.13031565201056153,
F1,10.0,F,6,1,,,,,,,E215,1,TIKTAALIK,,384 well plate Grainer,m9134733,,2026-02-03,50,,P1,,,0.13031565201056153,
F2,8.0,F,6,2,,,,,,,E215,1,TIKTAALIK,,384 well plate Grainer,m9134733,,2026-02-03,50,,P1,,,0.08487955800103467,
F3,9.0,F,6,3,,,,,,,E215,1,TIKTAALIK,,384 well plate Grainer,m9134733,,2026-02-03,50,,P1,,,0.10759760500579810,
F4,10.0,F,6,4,,,,,,,E215,1,TIKTAALIK,,384 well plate Grainer,m9134733,,2026-02-03,50,,P1,,,0.13031565201056153,
F5,9.0,F,6,5,,,,,,,E215,1,TIKTAALIK,,384 well plate Grainer,m9134733,,2026-02-03,50,,P1,,,0.10759760500579810,
F6,8.0,F,6,6,,,,,,,E215,1,TIKTAALIK,,384 well plate Grainer,m9134733,,2026-02-03,50,,P1,,,0.08487955800103467,
F7,10.0,F,6,7,,,,,,,E215,1,TIKTAALIK,,384 well plate Grainer,m9134733,,2026-02-03,50,,P1,,,0.13031565201056153,
F8,10.0,F,6,8,,,,,,,E215,1,TIKTAALIK,,384 well plate Grainer,m9134733,,2026-02-03,50,,P1,,,0.13031565201056153,
F9,8.0,F,6,9,,,,,,,E215,1,TIKTAALIK,,384 well plate Grainer,m9134733,,2026-02-03,50,,P1,,,0.08487955800103467,
F10,11.0,F,6,10,,,,,,,E215,1,TIKTAALIK,,384 well plate Grainer,m9134733,,2026-02-03,50,,P1,,,0.15303369901532496,
F11,10.0,F,6,11,,,,,,,E215,1,TIKTAALIK,,384 well plate Grainer,m9134733,,2026-02-03,50,,P1,,,0.13031565201056153,
F12,8.0,F,6,12,,,,,,,E215,1,TIKTAALIK,,384 well plate Grainer,m9134733,,2026-02-03,50,,P1,,,0.08487955800103467,
F13,7.0,F,6,13,,,,,,,E215,1,TIKTAALIK,,384 well plate Grainer,m9134733,,2026-02-03,50,,P1,,,0.06216151099627124,
F14,7.0,F,6,14,,,,,,,E215,1,TIKTAALIK,,384 well plate Grainer,m9134733,,2026-02-03,50,,P1,,,0.06216151099627124,
F15,9.0,F,6,15,,,,,,,E215,1,TIKTAALIK,,384 well plate Grainer,m9134733,,2026-02-03,50,,P1,,,0.10759760500579810,
F16,11.0,F,6,16,,,,,,,E215,1,TIKTAALIK,,384 well plate Grainer,m9134733,,2026-02-03,50,,P1,,,0.15303369901532496,
F17,9.0,F,6,17,,,,,,,E215,1,TIKTAALIK,,384 well plate Grainer,m9134733,,2026-02-03,50,,P1,,,0.10759760500579810,
F18,9.0,F,6,18,,,,,,,E215,1,TIKTAALIK,,384 well plate Grainer,m9134733,,2026-02-03,50,,P1,,,0.10759760500579810,
F19,10.0,F,6,19,,,,,,,E215,1,TIKTAALIK,,384 well plate Grainer,m9134733,,2026-02-03,50,,P1,,,0.13031565201056153,
F20,8.0,F,6,20,,,,,,,E215,1,TIKTAALIK,,384 well plate Grainer,m9134733,,2026-02-03,50,,P1,,,0.08487955800103467,
F21,10.0,F,6,21,,,,,,,E215,1,TIKTAALIK,,384 well plate Grainer,m9134733,,2026-02-03,50,,P1,,,0.13031565201056153,
F22,9.0,F,6,22,,,,,,,E215,1,TIKTAALIK,,384 well plate Grainer,m9134733,,2026-02-03,50,,P1,,,0.10759760500579810,
F23,10.0,F,6,23,,,,,,,E215,1,TIKTAALIK,,384 well plate Grainer,m9134733,,2026-02-03,50,,P1,,,0.13031565201056153,
F24,9.0,F,6,24,,,,,,,E215,1,TIKTAALIK,,384 well plate Grainer,m9134733,,2026-02-03,50,,P1,,,0.10759760500579810,
G1,299.0,G,7,1,QC,384_Premium,21-L,MMC-23,,400.0,E215,1,TIKTAALIK,10.0,384 well plate Grainer,m9134733,linear,2026-02-03,50,linear 10nM,P1,384,Premium,6.69583123638719400,2678.33249455487800
G2,302.0,G,7,2,QC,384_Premium,21-L,MMC-23,,400.0,E215,1,TIKTAALIK,10.0,384 well plate Grainer,m9134733,linear,2026-02-03,50,linear 10nM,P1,384,Premium,6.76398537740148400,2705.59415096059370
G3,323.0,G,7,3,QC,384_Premium,21-L,MMC-23,,400.0,E215,1,TIKTAALIK,10.0,384 well plate Grainer,m9134733,linear,2026-02-03,50,linear 10nM,P1,384,Premium,7.24106436450151700,2896.42574580060700
G4,210.0,G,7,4,QC,384_Premium,21-L,MMC-23,,400.0,E215,1,TIKTAALIK,10.0,384 well plate Grainer,m9134733,linear,2026-02-03,50,linear 10nM,P1,384,Premium,4.67392505296324900,1869.57002118529950
G5,213.0,G,7,5,QC,384_Premium,21-L,MMC-23,,400.0,E215,1,TIKTAALIK,10.0,384 well plate Grainer,m9134733,linear,2026-02-03,50,linear 10nM,P1,384,Premium,4.74207919397753800,1896.83167759101530
G6,213.0,G,7,6,QC,384_Premium,21-L,MMC-23,,400.0,E215,1,TIKTAALIK,10.0,384 well plate Grainer,m9134733,linear,2026-02-03,50,linear 10nM,P1,384,Premium,4.74207919397753800,1896.83167759101530
G7,242.0,G,7,7,QC,384_Premium,21-L,MMC-23,,400.0,E215,1,TIKTAALIK,10.0,384 well plate Grainer,m9134733,linear,2026-02-03,50,linear 10nM,P1,384,Premium,5.40090255711567800,2160.36102284627100
G8,242.0,G,7,8,QC,384_Premium,21-L,MMC-23,,400.0,E215,1,TIKTAALIK,10.0,384 well plate Grainer,m9134733,linear,2026-02-03,50,linear 10nM,P1,384,Premium,5.40090255711567800,2160.36102284627100
G9,250.0,G,7,9,QC,384_Premium,21-L,MMC-23,,400.0,E215,1,TIKTAALIK,10.0,384 well plate Grainer,m9134733,linear,2026-02-03,50,linear 10nM,P1,384,Premium,5.58264693315378600,2233.05877326151450
G10,269.0,G,7,10,QC,384_Premium,21-L,MMC-23,,400.0,E215,1,TIKTAALIK,10.0,384 well plate Grainer,m9134733,linear,2026-02-03,50,linear 10nM,P1,384,Premium,6.01428982624429100,2405.71593049771670
G11,255.0,G,7,11,QC,384_Premium,21-L,MMC-23,,400.0,E215,1,TIKTAALIK,10.0,384 well plate Grainer,m9134733,linear,2026-02-03,50,linear 10nM,P1,384,Premium,5.69623716817760250,2278.49486727104100
G12,262.0,G,7,12,QC,384_Premium,21-L,MMC-23,,400.0,E215,1,TIKTAALIK,10.0,384 well plate Grainer,m9134733,linear,2026-02-03,50,linear 10nM,P1,384,Premium,5.85526349721094700,2342.10539888437870
G13,212.0,G,7,13,QC,384_Premium,21-L,MMC-23,,400.0,E215,1,TIKTAALIK,10.0,384 well plate Grainer,m9134733,linear,2026-02-03,50,linear 10nM,P1,384,Premium,4.71936114697277500,1887.74445878911020
G14,208.0,G,7,14,QC,384_Premium,21-L,MMC-23,,400.0,E215,1,TIKTAALIK,10.0,384 well plate Grainer,m9134733,linear,2026-02-03,50,linear 10nM,P1,384,Premium,4.62848895895372200,1851.39558358148860
G15,191.0,G,7,15,QC,384_Premium,21-L,MMC-23,,400.0,E215,1,TIKTAALIK,10.0,384 well plate Grainer,m9134733,linear,2026-02-03,50,linear 10nM,P1,384,Premium,4.24228215987274300,1696.91286394909700
G16,237.0,G,7,16,QC,384_Premium,21-L,MMC-23,,400.0,E215,1,TIKTAALIK,10.0,384 well plate Grainer,m9134733,linear,2026-02-03,50,linear 10nM,P1,384,Premium,5.28731232209186100,2114.92492883674400
G17,229.0,G,7,17,QC,384_Premium,21-L,MMC-23,,400.0,E215,1,TIKTAALIK,10.0,384 well plate Grainer,m9134733,linear,2026-02-03,50,linear 10nM,P1,384,Premium,5.10556794605375300,2042.22717842150130
G18,218.0,G,7,18,QC,384_Premium,21-L,MMC-23,,400.0,E215,1,TIKTAALIK,10.0,384 well plate Grainer,m9134733,linear,2026-02-03,50,linear 10nM,P1,384,Premium,4.85566942900135600,1942.26777160054230
G19,11.0,G,7,19,,,,,,,E215,1,TIKTAALIK,,384 well plate Grainer,m9134733,,2026-02-03,50,,P1,,,0.15303369901532496,
G20,9.0,G,7,20,,,,,,,E215,1,TIKTAALIK,,384 well plate Grainer,m9134733,,2026-02-03,50,,P1,,,0.10759760500579810,
G21,13.0,G,7,21,,,,,,,E215,1,TIKTAALIK,,384 well plate Grainer,m9134733,,2026-02-03,50,,P1,,,0.19846979302485185,
G22,8.0,G,7,22,,,,,,,E215,1,TIKTAALIK,,384 well plate Grainer,m9134733,,2026-02-03,50,,P1,,,0.08487955800103467,
G23,8.0,G,7,23,,,,,,,E215,1,TIKTAALIK,,384 well plate Grainer,m9134733,,2026-02-03,50,,P1,,,0.08487955800103467,
G24,9.0,G,7,24,,,,,,,E215,1,TIKTAALIK,,384 well plate Grainer,m9134733,,2026-02-03,50,,P1,,,0.10759760500579810,
H1,8.0,H,8,1,,,,,,,E215,1,TIKTAALIK,,384 well plate Grainer,m9134733,,2026-02-03,50,,P1,,,0.08487955800103467,
H2,6.0,H,8,2,,,,,,,E215,1,TIKTAALIK,,384 well plate Grainer,m9134733,,2026-02-03,50,,P1,,,0.03944346399150780,
H3,9.0,H,8,3,,,,,,,E215,1,TIKTAALIK,,384 well plate Grainer,m9134733,,2026-02-03,50,,P1,,,0.10759760500579810,
H4,10.0,H,8,4,,,,,,,E215,1,TIKTAALIK,,384 well plate Grainer,m9134733,,2026-02-03,50,,P1,,,0.13031565201056153,
H5,8.0,H,8,5,,,,,,,E215,1,TIKTAALIK,,384 well plate Grainer,m9134733,,2026-02-03,50,,P1,,,0.08487955800103467,
H6,9.0,H,8,6,,,,,,,E215,1,TIKTAALIK,,384 well plate Grainer,m9134733,,2026-02-03,50,,P1,,,0.10759760500579810,
H7,8.0,H,8,7,,,,,,,E215,1,TIKTAALIK,,384 well plate Grainer,m9134733,,2026-02-03,50,,P1,,,0.08487955800103467,
H8,9.0,H,8,8,,,,,,,E215,1,TIKTAALIK,,384 well plate Grainer,m9134733,,2026-02-03,50,,P1,,,0.10759760500579810,
H9,8.0,H,8,9,,,,,,,E215,1,TIKTAALIK,,384 well plate Grainer,m9134733,,2026-02-03,50,,P1,,,0.08487955800103467,
H10,7.0,H,8,10,,,,,,,E215,1,TIKTAALIK,,384 well plate Grainer,m9134733,,2026-02-03,50,,P1,,,0.06216151099627124,
H11,10.0,H,8,11,,,,,,,E215,1,TIKTAALIK,,384 well plate Grainer,m9134733,,2026-02-03,50,,P1,,,0.13031565201056153,
H12,11.0,H,8,12,,,,,,,E215,1,TIKTAALIK,,384 well plate Grainer,m9134733,,2026-02-03,50,,P1,,,0.15303369901532496,
H13,8.0,H,8,13,,,,,,,E215,1,TIKTAALIK,,384 well plate Grainer,m9134733,,2026-02-03,50,,P1,,,0.08487955800103467,
H14,8.0,H,8,14,,,,,,,E215,1,TIKTAALIK,,384 well plate Grainer,m9134733,,2026-02-03,50,,P1,,,0.08487955800103467,
H15,10.0,H,8,15,,,,,,,E215,1,TIKTAALIK,,384 well plate Grainer,m9134733,,2026-02-03,50,,P1,,,0.13031565201056153,
H16,9.0,H,8,16,,,,,,,E215,1,TIKTAALIK,,384 well plate Grainer,m9134733,,2026-02-03,50,,P1,,,0.10759760500579810,
H17,8.0,H,8,17,,,,,,,E215,1,TIKTAALIK,,384 well plate Grainer,m9134733,,2026-02-03,50,,P1,,,0.08487955800103467,
H18,8.0,H,8,18,,,,,,,E215,1,TIKTAALIK,,384 well plate Grainer,m9134733,,2026-02-03,50,,P1,,,0.08487955800103467,
H19,9.0,H,8,19,,,,,,,E215,1,TIKTAALIK,,384 well plate Grainer,m9134733,,2026-02-03,50,,P1,,,0.10759760500579810,
H20,10.0,H,8,20,,,,,,,E215,1,TIKTAALIK,,384 well plate Grainer,m9134733,,2026-02-03,50,,P1,,,0.13031565201056153,
H21,10.0,H,8,21,,,,,,,E215,1,TIKTAALIK,,384 well plate Grainer,m9134733,,2026-02-03,50,,P1,,,0.13031565201056153,
H22,7.0,H,8,22,,,,,,,E215,1,TIKTAALIK,,384 well plate Grainer,m9134733,,2026-02-03,50,,P1,,,0.06216151099627124,
H23,8.0,H,8,23,,,,,,,E215,1,TIKTAALIK,,384 well plate Grainer,m9134733,,2026-02-03,50,,P1,,,0.08487955800103467,
H24,10.0,H,8,24,,,,,,,E215,1,TIKTAALIK,,384 well plate Grainer,m9134733,,2026-02-03,50,,P1,,,0.13031565201056153,
I1,228.0,I,9,1,QC,384_Premium,21-L,MMC-23,,400.0,E215,1,TIKTAALIK,10.0,384 well plate Grainer,m9134733,linear,2026-02-03,50,linear 5nM,P1,384,Premium,5.08284989904899000,2033.13995961959600
I2,229.0,I,9,2,QC,384_Premium,21-L,MMC-23,,400.0,E215,1,TIKTAALIK,10.0,384 well plate Grainer,m9134733,linear,2026-02-03,50,linear 5nM,P1,384,Premium,5.10556794605375300,2042.22717842150130
I3,245.0,I,9,3,QC,384_Premium,21-L,MMC-23,,400.0,E215,1,TIKTAALIK,10.0,384 well plate Grainer,m9134733,linear,2026-02-03,50,linear 5nM,P1,384,Premium,5.46905669812996800,2187.62267925198740
I4,214.0,I,9,4,QC,384_Premium,21-L,MMC-23,,400.0,E215,1,TIKTAALIK,10.0,384 well plate Grainer,m9134733,linear,2026-02-03,50,linear 5nM,P1,384,Premium,4.76479724098230200,1905.91889639292100
I5,202.0,I,9,5,QC,384_Premium,21-L,MMC-23,,400.0,E215,1,TIKTAALIK,10.0,384 well plate Grainer,m9134733,linear,2026-02-03,50,linear 5nM,P1,384,Premium,4.49218067692514100,1796.87227077005650
I6,230.0,I,9,6,QC,384_Premium,21-L,MMC-23,,400.0,E215,1,TIKTAALIK,10.0,384 well plate Grainer,m9134733,linear,2026-02-03,50,linear 5nM,P1,384,Premium,5.12828599305851700,2051.31439722340700
I7,225.0,I,9,7,QC,384_Premium,21-L,MMC-23,,400.0,E215,1,TIKTAALIK,10.0,384 well plate Grainer,m9134733,linear,2026-02-03,50,linear 5nM,P1,384,Premium,5.01469575803470000,2005.87830321388000
I8,221.0,I,9,8,QC,384_Premium,21-L,MMC-23,,400.0,E215,1,TIKTAALIK,10.0,384 well plate Grainer,m9134733,linear,2026-02-03,50,linear 5nM,P1,384,Premium,4.92382357001564600,1969.52942800625830
I9,237.0,I,9,9,QC,384_Premium,21-L,MMC-23,,400.0,E215,1,TIKTAALIK,10.0,384 well plate Grainer,m9134733,linear,2026-02-03,50,linear 5nM,P1,384,Premium,5.28731232209186100,2114.92492883674400
I10,323.0,I,9,10,QC,384_Premium,21-L,MMC-23,,400.0,E215,1,TIKTAALIK,10.0,384 well plate Grainer,m9134733,linear,2026-02-03,50,linear 5nM,P1,384,Premium,7.24106436450151700,2896.42574580060700
I11,319.0,I,9,11,QC,384_Premium,21-L,MMC-23,,400.0,E215,1,TIKTAALIK,10.0,384 well plate Grainer,m9134733,linear,2026-02-03,50,linear 5nM,P1,384,Premium,7.15019217648246300,2860.07687059298500
I12,329.0,I,9,12,QC,384_Premium,21-L,MMC-23,,400.0,E215,1,TIKTAALIK,10.0,384 well plate Grainer,m9134733,linear,2026-02-03,50,linear 5nM,P1,384,Premium,7.37737264653009700,2950.94905861203870
I13,255.0,I,9,13,QC,384_Premium,21-L,MMC-23,,400.0,E215,1,TIKTAALIK,10.0,384 well plate Grainer,m9134733,linear,2026-02-03,50,linear 5nM,P1,384,Premium,5.69623716817760250,2278.49486727104100
I14,229.0,I,9,14,QC,384_Premium,21-L,MMC-23,,400.0,E215,1,TIKTAALIK,10.0,384 well plate Grainer,m9134733,linear,2026-02-03,50,linear 5nM,P1,384,Premium,5.10556794605375300,2042.22717842150130
I15,226.0,I,9,15,QC,384_Premium,21-L,MMC-23,,400.0,E215,1,TIKTAALIK,10.0,384 well plate Grainer,m9134733,linear,2026-02-03,50,linear 5nM,P1,384,Premium,5.03741380503946350,2014.96552201578540
I16,350.0,I,9,16,QC,384_Premium,21-L,MMC-23,,400.0,E215,1,TIKTAALIK,10.0,384 well plate Grainer,m9134733,linear,2026-02-03,50,linear 5nM,P1,384,Premium,7.85445163363012900,3141.78065345205140
I17,336.0,I,9,17,QC,384_Premium,21-L,MMC-23,,400.0,E215,1,TIKTAALIK,10.0,384 well plate Grainer,m9134733,linear,2026-02-03,50,linear 5nM,P1,384,Premium,7.53639897556344100,3014.55959022537630
I18,333.0,I,9,18,QC,384_Premium,21-L,MMC-23,,400.0,E215,1,TIKTAALIK,10.0,384 well plate Grainer,m9134733,linear,2026-02-03,50,linear 5nM,P1,384,Premium,7.46824483454915100,2987.29793381966060
I19,10.0,I,9,19,,,,,,,E215,1,TIKTAALIK,,384 well plate Grainer,m9134733,,2026-02-03,50,,P1,,,0.13031565201056153,
I20,8.0,I,9,20,,,,,,,E215,1,TIKTAALIK,,384 well plate Grainer,m9134733,,2026-02-03,50,,P1,,,0.08487955800103467,
I21,9.0,I,9,21,,,,,,,E215,1,TIKTAALIK,,384 well plate Grainer,m9134733,,2026-02-03,50,,P1,,,0.10759760500579810,
I22,8.0,I,9,22,,,,,,,E215,1,TIKTAALIK,,384 well plate Grainer,m9134733,,2026-02-03,50,,P1,,,0.08487955800103467,
I23,8.0,I,9,23,,,,,,,E215,1,TIKTAALIK,,384 well plate Grainer,m9134733,,2026-02-03,50,,P1,,,0.08487955800103467,
I24,7.0,I,9,24,,,,,,,E215,1,TIKTAALIK,,384 well plate Grainer,m9134733,,2026-02-03,50,,P1,,,0.06216151099627124,
J1,8.0,J,10,1,,,,,,,E215,1,TIKTAALIK,,384 well plate Grainer,m9134733,,2026-02-03,50,,P1,,,0.08487955800103467,
J2,8.0,J,10,2,,,,,,,E215,1,TIKTAALIK,,384 well plate Grainer,m9134733,,2026-02-03,50,,P1,,,0.08487955800103467,
J3,10.0,J,10,3,,,,,,,E215,1,TIKTAALIK,,384 well plate Grainer,m9134733,,2026-02-03,50,,P1,,,0.13031565201056153,
J4,8.0,J,10,4,,,,,,,E215,1,TIKTAALIK,,384 well plate Grainer,m9134733,,2026-02-03,50,,P1,,,0.08487955800103467,
J5,10.0,J,10,5,,,,,,,E215,1,TIKTAALIK,,384 well plate Grainer,m9134733,,2026-02-03,50,,P1,,,0.13031565201056153,
J6,7.0,J,10,6,,,,,,,E215,1,TIKTAALIK,,384 well plate Grainer,m9134733,,2026-02-03,50,,P1,,,0.06216151099627124,
J7,8.0,J,10,7,,,,,,,E215,1,TIKTAALIK,,384 well plate Grainer,m9134733,,2026-02-03,50,,P1,,,0.08487955800103467,
J8,11.0,J,10,8,,,,,,,E215,1,TIKTAALIK,,384 well plate Grainer,m9134733,,2026-02-03,50,,P1,,,0.15303369901532496,
J9,10.0,J,10,9,,,,,,,E215,1,TIKTAALIK,,384 well plate Grainer,m9134733,,2026-02-03,50,,P1,,,0.13031565201056153,
J10,9.0,J,10,10,,,,,,,E215,1,TIKTAALIK,,384 well plate Grainer,m9134733,,2026-02-03,50,,P1,,,0.10759760500579810,
J11,9.0,J,10,11,,,,,,,E215,1,TIKTAALIK,,384 well plate Grainer,m9134733,,2026-02-03,50,,P1,,,0.10759760500579810,
J12,8.0,J,10,12,,,,,,,E215,1,TIKTAALIK,,384 well plate Grainer,m9134733,,2026-02-03,50,,P1,,,0.08487955800103467,
J13,8.0,J,10,13,,,,,,,E215,1,TIKTAALIK,,384 well plate Grainer,m9134733,,2026-02-03,50,,P1,,,0.08487955800103467,
J14,9.0,J,10,14,,,,,,,E215,1,TIKTAALIK,,384 well plate Grainer,m9134733,,2026-02-03,50,,P1,,,0.10759760500579810,
J15,9.0,J,10,15,,,,,,,E215,1,TIKTAALIK,,384 well plate Grainer,m9134733,,2026-02-03,50,,P1,,,0.10759760500579810,
J16,9.0,J,10,16,,,,,,,E215,1,TIKTAALIK,,384 well plate Grainer,m9134733,,2026-02-03,50,,P1,,,0.10759760500579810,
J17,10.0,J,10,17,,,,,,,E215,1,TIKTAALIK,,384 well plate Grainer,m9134733,,2026-02-03,50,,P1,,,0.13031565201056153,
J18,8.0,J,10,18,,,,,,,E215,1,TIKTAALIK,,384 well plate Grainer,m9134733,,2026-02-03,50,,P1,,,0.08487955800103467,
J19,9.0,J,10,19,,,,,,,E215,1,TIKTAALIK,,384 well plate Grainer,m9134733,,2026-02-03,50,,P1,,,0.10759760500579810,
J20,9.0,J,10,20,,,,,,,E215,1,TIKTAALIK,,384 well plate Grainer,m9134733,,2026-02-03,50,,P1,,,0.10759760500579810,
J21,9.0,J,10,21,,,,,,,E215,1,TIKTAALIK,,384 well plate Grainer,m9134733,,2026-02-03,50,,P1,,,0.10759760500579810,
J22,9.0,J,10,22,,,,,,,E215,1,TIKTAALIK,,384 well plate Grainer,m9134733,,2026-02-03,50,,P1,,,0.10759760500579810,
J23,9.0,J,10,23,,,,,,,E215,1,TIKTAALIK,,384 well plate Grainer,m9134733,,2026-02-03,50,,P1,,,0.10759760500579810,
J24,8.0,J,10,24,,,,,,,E215,1,TIKTAALIK,,384 well plate Grainer,m9134733,,2026-02-03,50,,P1,,,0.08487955800103467,
K1,54.0,K,11,1,,spike-in,spike-in,spike-in,,400.0,E215,1,TIKTAALIK,10.0,384 well plate Grainer,m9134733,spike-in,2026-02-03,50,,P1,spike-in,,1.12990972022015270,451.96388808806110
K2,54.0,K,11,2,,spike-in,spike-in,spike-in,,400.0,E215,1,TIKTAALIK,10.0,384 well plate Grainer,m9134733,spike-in,2026-02-03,50,,P1,spike-in,,1.12990972022015270,451.96388808806110
K3,57.0,K,11,3,,spike-in,spike-in,spike-in,,400.0,E215,1,TIKTAALIK,10.0,384 well plate Grainer,m9134733,spike-in,2026-02-03,50,,P1,spike-in,,1.19806386123444300,479.22554449377720
K4,57.0,K,11,4,,spike-in,spike-in,spike-in,,400.0,E215,1,TIKTAALIK,10.0,384 well plate Grainer,m9134733,spike-in,2026-02-03,50,,P1,spike-in,,1.19806386123444300,479.22554449377720
K5,58.0,K,11,5,,spike-in,spike-in,spike-in,,400.0,E215,1,TIKTAALIK,10.0,384 well plate Grainer,m9134733,spike-in,2026-02-03,50,,P1,spike-in,,1.22078190823920640,488.31276329568254
K6,60.0,K,11,6,,spike-in,spike-in,spike-in,,400.0,E215,1,TIKTAALIK,10.0,384 well plate Grainer,m9134733,spike-in,2026-02-03,50,,P1,spike-in,,1.26621800224873330,506.48720089949330
K7,57.0,K,11,7,,spike-in,spike-in,spike-in,,400.0,E215,1,TIKTAALIK,10.0,384 well plate Grainer,m9134733,spike-in,2026-02-03,50,,P1,spike-in,,1.19806386123444300,479.22554449377720
K8,59.0,K,11,8,,spike-in,spike-in,spike-in,,400.0,E215,1,TIKTAALIK,10.0,384 well plate Grainer,m9134733,spike-in,2026-02-03,50,,P1,spike-in,,1.24349995524396980,497.39998209758795
K9,62.0,K,11,9,,spike-in,spike-in,spike-in,,400.0,E215,1,TIKTAALIK,10.0,384 well plate Grainer,m9134733,spike-in,2026-02-03,50,,P1,spike-in,,1.31165409625826010,524.66163850330410
K10,71.0,K,11,10,,spike-in,spike-in,spike-in,,400.0,E215,1,TIKTAALIK,10.0,384 well plate Grainer,m9134733,spike-in,2026-02-03,50,,P1,spike-in,,1.51611651930113100,606.44660772045240
K11,72.0,K,11,11,,spike-in,spike-in,spike-in,,400.0,E215,1,TIKTAALIK,10.0,384 well plate Grainer,m9134733,spike-in,2026-02-03,50,,P1,spike-in,,1.53883456630589440,615.53382652235780
K12,75.0,K,11,12,,spike-in,spike-in,spike-in,,400.0,E215,1,TIKTAALIK,10.0,384 well plate Grainer,m9134733,spike-in,2026-02-03,50,,P1,spike-in,,1.60698870732018470,642.79548292807390
K13,68.0,K,11,13,,spike-in,spike-in,spike-in,,400.0,E215,1,TIKTAALIK,10.0,384 well plate Grainer,m9134733,spike-in,2026-02-03,50,,P1,spike-in,,1.44796237828684070,579.18495131473630
K14,67.0,K,11,14,,spike-in,spike-in,spike-in,,400.0,E215,1,TIKTAALIK,10.0,384 well plate Grainer,m9134733,spike-in,2026-02-03,50,,P1,spike-in,,1.42524433128207730,570.09773251283090
K15,64.0,K,11,15,,spike-in,spike-in,spike-in,,400.0,E215,1,TIKTAALIK,10.0,384 well plate Grainer,m9134733,spike-in,2026-02-03,50,,P1,spike-in,,1.35709019026778700,542.83607610711480
K16,63.0,K,11,16,,spike-in,spike-in,spike-in,,400.0,E215,1,TIKTAALIK,10.0,384 well plate Grainer,m9134733,spike-in,2026-02-03,50,,P1,spike-in,,1.33437214326302360,533.74885730520940
K17,62.0,K,11,17,,spike-in,spike-in,spike-in,,400.0,E215,1,TIKTAALIK,10.0,384 well plate Grainer,m9134733,spike-in,2026-02-03,50,,P1,spike-in,,1.31165409625826010,524.66163850330410
K18,52.0,K,11,18,,spike-in,spike-in,spike-in,,400.0,E215,1,TIKTAALIK,10.0,384 well plate Grainer,m9134733,spike-in,2026-02-03,50,,P1,spike-in,,1.08447362621062580,433.78945048425030
K19,8.0,K,11,19,,,,,,,E215,1,TIKTAALIK,,384 well plate Grainer,m9134733,,2026-02-03,50,,P1,,,0.08487955800103467,
K20,9.0,K,11,20,,,,,,,E215,1,TIKTAALIK,,384 well plate Grainer,m9134733,,2026-02-03,50,,P1,,,0.10759760500579810,
K21,8.0,K,11,21,,,,,,,E215,1,TIKTAALIK,,384 well plate Grainer,m9134733,,2026-02-03,50,,P1,,,0.08487955800103467,
K22,9.0,K,11,22,,,,,,,E215,1,TIKTAALIK,,384 well plate Grainer,m9134733,,2026-02-03,50,,P1,,,0.10759760500579810,
K23,9.0,K,11,23,,,,,,,E215,1,TIKTAALIK,,384 well plate Grainer,m9134733,,2026-02-03,50,,P1,,,0.10759760500579810,
K24,8.0,K,11,24,,,,,,,E215,1,TIKTAALIK,,384 well plate Grainer,m9134733,,2026-02-03,50,,P1,,,0.08487955800103467,
L1,9.0,L,12,1,,,,,,,E215,1,TIKTAALIK,,384 well plate Grainer,m9134733,,2026-02-03,50,,P1,,,0.10759760500579810,
L2,10.0,L,12,2,,,,,,,E215,1,TIKTAALIK,,384 well plate Grainer,m9134733,,2026-02-03,50,,P1,,,0.13031565201056153,
L3,9.0,L,12,3,,,,,,,E215,1,TIKTAALIK,,384 well plate Grainer,m9134733,,2026-02-03,50,,P1,,,0.10759760500579810,
L4,9.0,L,12,4,,,,,,,E215,1,TIKTAALIK,,384 well plate Grainer,m9134733,,2026-02-03,50,,P1,,,0.10759760500579810,
L5,9.0,L,12,5,,,,,,,E215,1,TIKTAALIK,,384 well plate Grainer,m9134733,,2026-02-03,50,,P1,,,0.10759760500579810,
L6,8.0,L,12,6,,,,,,,E215,1,TIKTAALIK,,384 well plate Grainer,m9134733,,2026-02-03,50,,P1,,,0.08487955800103467,
L7,10.0,L,12,7,,,,,,,E215,1,TIKTAALIK,,384 well plate Grainer,m9134733,,2026-02-03,50,,P1,,,0.13031565201056153,
L8,8.0,L,12,8,,,,,,,E215,1,TIKTAALIK,,384 well plate Grainer,m9134733,,2026-02-03,50,,P1,,,0.08487955800103467,
L9,12.0,L,12,9,,,,,,,E215,1,TIKTAALIK,,384 well plate Grainer,m9134733,,2026-02-03,50,,P1,,,0.17575174602008842,
L10,9.0,L,12,10,,,,,,,E215,1,TIKTAALIK,,384 well plate Grainer,m9134733,,2026-02-03,50,,P1,,,0.10759760500579810,
L11,10.0,L,12,11,,,,,,,E215,1,TIKTAALIK,,384 well plate Grainer,m9134733,,2026-02-03,50,,P1,,,0.13031565201056153,
L12,9.0,L,12,12,,,,,,,E215,1,TIKTAALIK,,384 well plate Grainer,m9134733,,2026-02-03,50,,P1,,,0.10759760500579810,
L13,10.0,L,12,13,,,,,,,E215,1,TIKTAALIK,,384 well plate Grainer,m9134733,,2026-02-03,50,,P1,,,0.13031565201056153,
L14,6.0,L,12,14,,,,,,,E215,1,TIKTAALIK,,384 well plate Grainer,m9134733,,2026-02-03,50,,P1,,,0.03944346399150780,
L15,9.0,L,12,15,,,,,,,E215,1,TIKTAALIK,,384 well plate Grainer,m9134733,,2026-02-03,50,,P1,,,0.10759760500579810,
L16,8.0,L,12,16,,,,,,,E215,1,TIKTAALIK,,384 well plate Grainer,m9134733,,2026-02-03,50,,P1,,,0.08487955800103467,
L17,8.0,L,12,17,,,,,,,E215,1,TIKTAALIK,,384 well plate Grainer,m9134733,,2026-02-03,50,,P1,,,0.08487955800103467,
L18,9.0,L,12,18,,,,,,,E215,1,TIKTAALIK,,384 well plate Grainer,m9134733,,2026-02-03,50,,P1,,,0.10759760500579810,
L19,10.0,L,12,19,,,,,,,E215,1,TIKTAALIK,,384 well plate Grainer,m9134733,,2026-02-03,50,,P1,,,0.13031565201056153,
L20,9.0,L,12,20,,,,,,,E215,1,TIKTAALIK,,384 well plate Grainer,m9134733,,2026-02-03,50,,P1,,,0.10759760500579810,
L21,9.0,L,12,21,,,,,,,E215,1,TIKTAALIK,,384 well plate Grainer,m9134733,,2026-02-03,50,,P1,,,0.10759760500579810,
L22,10.0,L,12,22,,,,,,,E215,1,TIKTAALIK,,384 well plate Grainer,m9134733,,2026-02-03,50,,P1,,,0.13031565201056153,
L23,9.0,L,12,23,,,,,,,E215,1,TIKTAALIK,,384 well plate Grainer,m9134733,,2026-02-03,50,,P1,,,0.10759760500579810,
L24,9.0,L,12,24,,,,,,,E215,1,TIKTAALIK,,384 well plate Grainer,m9134733,,2026-02-03,50,,P1,,,0.10759760500579810,
M1,5956.0,M,13,1,,Standard - 8,,,128.0,1.0,E215,1,TIKTAALIK,,384 well plate Grainer,m9134733,,2026-02-03,50,,P1,Standard - 8,,135.21182314233394000,135.21182314233394
M2,9.0,M,13,2,,,,,,,E215,1,TIKTAALIK,,384 well plate Grainer,m9134733,,2026-02-03,50,,P1,,,0.10759760500579810,
M3,3267.0,M,13,3,,Standard - 7,,,64.0,1.0,E215,1,TIKTAALIK,,384 well plate Grainer,m9134733,,2026-02-03,50,,P1,Standard - 7,,74.12299474652507000,74.12299474652507
M4,8.0,M,13,4,,,,,,,E215,1,TIKTAALIK,,384 well plate Grainer,m9134733,,2026-02-03,50,,P1,,,0.08487955800103467,
M5,1508.0,M,13,5,,Standard - 6,,,32.0,1.0,E215,1,TIKTAALIK,,384 well plate Grainer,m9134733,,2026-02-03,50,,P1,Standard - 6,,34.16195006514618600,34.16195006514619
M6,10.0,M,13,6,,,,,,,E215,1,TIKTAALIK,,384 well plate Grainer,m9134733,,2026-02-03,50,,P1,,,0.13031565201056153,
M7,770.0,M,13,7,,Standard - 5,,,16.0,1.0,E215,1,TIKTAALIK,,384 well plate Grainer,m9134733,,2026-02-03,50,,P1,Standard - 5,,17.39603137563077300,17.39603137563077
M8,8.0,M,13,8,,,,,,,E215,1,TIKTAALIK,,384 well plate Grainer,m9134733,,2026-02-03,50,,P1,,,0.08487955800103467,
M9,379.0,M,13,9,,Standard - 4,,,8.0,1.0,E215,1,TIKTAALIK,,384 well plate Grainer,m9134733,,2026-02-03,50,,P1,Standard - 4,,8.51327499676826900,8.51327499676827
M10,8.0,M,13,10,,,,,,,E215,1,TIKTAALIK,,384 well plate Grainer,m9134733,,2026-02-03,50,,P1,,,0.08487955800103467,
M11,187.0,M,13,11,,Standard - 3,,,4.0,1.0,E215,1,TIKTAALIK,,384 well plate Grainer,m9134733,,2026-02-03,50,,P1,Standard - 3,,4.15140997185368900,4.15140997185369
M12,10.0,M,13,12,,,,,,,E215,1,TIKTAALIK,,384 well plate Grainer,m9134733,,2026-02-03,50,,P1,,,0.13031565201056153,
M13,80.0,M,13,13,,Standard - 2,,,2.0,1.0,E215,1,TIKTAALIK,,384 well plate Grainer,m9134733,,2026-02-03,50,,P1,Standard - 2,,1.72057894234400190,1.72057894234400
M14,9.0,M,13,14,,,,,,,E215,1,TIKTAALIK,,384 well plate Grainer,m9134733,,2026-02-03,50,,P1,,,0.10759760500579810,
M15,32.0,M,13,15,,Standard - 1,,,1.0,1.0,E215,1,TIKTAALIK,,384 well plate Grainer,m9134733,,2026-02-03,50,,P1,Standard - 1,,0.63011268611535710,0.63011268611536
M16,9.0,M,13,16,,,,,,,E215,1,TIKTAALIK,,384 well plate Grainer,m9134733,,2026-02-03,50,,P1,,,0.10759760500579810,
M17,8.0,M,13,17,,,,,,,E215,1,TIKTAALIK,,384 well plate Grainer,m9134733,,2026-02-03,50,,P1,,,0.08487955800103467,
M18,10.0,M,13,18,,,,,,,E215,1,TIKTAALIK,,384 well plate Grainer,m9134733,,2026-02-03,50,,P1,,,0.13031565201056153,
M19,8.0,M,13,19,,,,,,,E215,1,TIKTAALIK,,384 well plate Grainer,m9134733,,2026-02-03,50,,P1,,,0.08487955800103467,
M20,10.0,M,13,20,,,,,,,E215,1,TIKTAALIK,,384 well plate Grainer,m9134733,,2026-02-03,50,,P1,,,0.13031565201056153,
M21,9.0,M,13,21,,,,,,,E215,1,TIKTAALIK,,384 well plate Grainer,m9134733,,2026-02-03,50,,P1,,,0.10759760500579810,
M22,8.0,M,13,22,,,,,,,E215,1,TIKTAALIK,,384 well plate Grainer,m9134733,,2026-02-03,50,,P1,,,0.08487955800103467,
M23,12.0,M,13,23,,,,,,,E215,1,TIKTAALIK,,384 well plate Grainer,m9134733,,2026-02-03,50,,P1,,,0.17575174602008842,
M24,10.0,M,13,24,,,,,,,E215,1,TIKTAALIK,,384 well plate Grainer,m9134733,,2026-02-03,50,,P1,,,0.13031565201056153,
N1,5498.0,N,14,1,,Standard - 8,,,128.0,1.0,E215,1,TIKTAALIK,,384 well plate Grainer,m9134733,,2026-02-03,50,,P1,Standard - 8,,124.80695761415228000,124.80695761415228
N2,10.0,N,14,2,,,,,,,E215,1,TIKTAALIK,,384 well plate Grainer,m9134733,,2026-02-03,50,,P1,,,0.13031565201056153,
N3,2807.0,N,14,3,,Standard - 7,,,64.0,1.0,E215,1,TIKTAALIK,,384 well plate Grainer,m9134733,,2026-02-03,50,,P1,Standard - 7,,63.67269312433389000,63.67269312433389
N4,9.0,N,14,4,,,,,,,E215,1,TIKTAALIK,,384 well plate Grainer,m9134733,,2026-02-03,50,,P1,,,0.10759760500579810,
N5,1524.0,N,14,5,,Standard - 6,,,32.0,1.0,E215,1,TIKTAALIK,,384 well plate Grainer,m9134733,,2026-02-03,50,,P1,Standard - 6,,34.52543881722239400,34.52543881722239
N6,10.0,N,14,6,,,,,,,E215,1,TIKTAALIK,,384 well plate Grainer,m9134733,,2026-02-03,50,,P1,,,0.13031565201056153,
N7,729.0,N,14,7,,Standard - 5,,,16.0,1.0,E215,1,TIKTAALIK,,384 well plate Grainer,m9134733,,2026-02-03,50,,P1,Standard - 5,,16.46459144843547000,16.46459144843547
N8,8.0,N,14,8,,,,,,,E215,1,TIKTAALIK,,384 well plate Grainer,m9134733,,2026-02-03,50,,P1,,,0.08487955800103467,
N9,386.0,N,14,9,,Standard - 4,,,8.0,1.0,E215,1,TIKTAALIK,,384 well plate Grainer,m9134733,,2026-02-03,50,,P1,Standard - 4,,8.67230132580161200,8.67230132580161
N10,9.0,N,14,10,,,,,,,E215,1,TIKTAALIK,,384 well plate Grainer,m9134733,,2026-02-03,50,,P1,,,0.10759760500579810,
N11,176.0,N,14,11,,Standard - 3,,,4.0,1.0,E215,1,TIKTAALIK,,384 well plate Grainer,m9134733,,2026-02-03,50,,P1,Standard - 3,,3.90151145480129150,3.90151145480129
N12,6.0,N,14,12,,,,,,,E215,1,TIKTAALIK,,384 well plate Grainer,m9134733,,2026-02-03,50,,P1,,,0.03944346399150780,
N13,82.0,N,14,13,,Standard - 2,,,2.0,1.0,E215,1,TIKTAALIK,,384 well plate Grainer,m9134733,,2026-02-03,50,,P1,Standard - 2,,1.76601503635352870,1.76601503635353
N14,7.0,N,14,14,,,,,,,E215,1,TIKTAALIK,,384 well plate Grainer,m9134733,,2026-02-03,50,,P1,,,0.06216151099627124,
N15,31.0,N,14,15,,Standard - 1,,,1.0,1.0,E215,1,TIKTAALIK,,384 well plate Grainer,m9134733,,2026-02-03,50,,P1,Standard - 1,,0.60739463911059370,0.60739463911059
N16,9.0,N,14,16,,,,,,,E215,1,TIKTAALIK,,384 well plate Grainer,m9134733,,2026-02-03,50,,P1,,,0.10759760500579810,
N17,9.0,N,14,17,,,,,,,E215,1,TIKTAALIK,,384 well plate Grainer,m9134733,,2026-02-03,50,,P1,,,0.10759760500579810,
N18,9.0,N,14,18,,,,,,,E215,1,TIKTAALIK,,384 well plate Grainer,m9134733,,2026-02-03,50,,P1,,,0.10759760500579810,
N19,9.0,N,14,19,,,,,,,E215,1,TIKTAALIK,,384 well plate Grainer,m9134733,,2026-02-03,50,,P1,,,0.10759760500579810,
N20,8.0,N,14,20,,,,,,,E215,1,TIKTAALIK,,384 well plate Grainer,m9134733,,2026-02-03,50,,P1,,,0.08487955800103467,
N21,10.0,N,14,21,,,,,,,E215,1,TIKTAALIK,,384 well plate Grainer,m9134733,,2026-02-03,50,,P1,,,0.13031565201056153,
N22,9.0,N,14,22,,,,,,,E215,1,TIKTAALIK,,384 well plate Grainer,m9134733,,2026-02-03,50,,P1,,,0.10759760500579810,
N23,9.0,N,14,23,,,,,,,E215,1,TIKTAALIK,,384 well plate Grainer,m9134733,,2026-02-03,50,,P1,,,0.10759760500579810,
N24,10.0,N,14,24,,,,,,,E215,1,TIKTAALIK,,384 well plate Grainer,m9134733,,2026-02-03,50,,P1,,,0.13031565201056153,
O1,5291.0,O,15,1,,Standard - 8,,,128.0,1.0,E215,1,TIKTAALIK,,384 well plate Grainer,m9134733,,2026-02-03,50,,P1,Standard - 8,,120.10432188416625000,120.10432188416625
O2,9.0,O,15,2,,,,,,,E215,1,TIKTAALIK,,384 well plate Grainer,m9134733,,2026-02-03,50,,P1,,,0.10759760500579810,
O3,2396.0,O,15,3,,Standard - 7,,,64.0,1.0,E215,1,TIKTAALIK,,384 well plate Grainer,m9134733,,2026-02-03,50,,P1,Standard - 7,,54.33557580537611000,54.33557580537611
O4,9.0,O,15,4,,,,,,,E215,1,TIKTAALIK,,384 well plate Grainer,m9134733,,2026-02-03,50,,P1,,,0.10759760500579810,
O5,1384.0,O,15,5,,Standard - 6,,,32.0,1.0,E215,1,TIKTAALIK,,384 well plate Grainer,m9134733,,2026-02-03,50,,P1,Standard - 6,,31.34491223655552000,31.34491223655552
O6,10.0,O,15,6,,,,,,,E215,1,TIKTAALIK,,384 well plate Grainer,m9134733,,2026-02-03,50,,P1,,,0.13031565201056153,
O7,679.0,O,15,7,,Standard - 5,,,16.0,1.0,E215,1,TIKTAALIK,,384 well plate Grainer,m9134733,,2026-02-03,50,,P1,Standard - 5,,15.32868909819730000,15.32868909819730
O8,10.0,O,15,8,,,,,,,E215,1,TIKTAALIK,,384 well plate Grainer,m9134733,,2026-02-03,50,,P1,,,0.13031565201056153,
O9,348.0,O,15,9,,Standard - 4,,,8.0,1.0,E215,1,TIKTAALIK,,384 well plate Grainer,m9134733,,2026-02-03,50,,P1,Standard - 4,,7.80901553962060200,7.80901553962060
O10,11.0,O,15,10,,,,,,,E215,1,TIKTAALIK,,384 well plate Grainer,m9134733,,2026-02-03,50,,P1,,,0.15303369901532496,
O11,162.0,O,15,11,,Standard - 3,,,4.0,1.0,E215,1,TIKTAALIK,,384 well plate Grainer,m9134733,,2026-02-03,50,,P1,Standard - 3,,3.58345879673460340,3.58345879673460
O12,9.0,O,15,12,,,,,,,E215,1,TIKTAALIK,,384 well plate Grainer,m9134733,,2026-02-03,50,,P1,,,0.10759760500579810,
O13,72.0,O,15,13,,Standard - 2,,,2.0,1.0,E215,1,TIKTAALIK,,384 well plate Grainer,m9134733,,2026-02-03,50,,P1,Standard - 2,,1.53883456630589440,1.53883456630589
O14,10.0,O,15,14,,,,,,,E215,1,TIKTAALIK,,384 well plate Grainer,m9134733,,2026-02-03,50,,P1,,,0.13031565201056153,
O15,32.0,O,15,15,,Standard - 1,,,1.0,1.0,E215,1,TIKTAALIK,,384 well plate Grainer,m9134733,,2026-02-03,50,,P1,Standard - 1,,0.63011268611535710,0.63011268611536
O16,10.0,O,15,16,,,,,,,E215,1,TIKTAALIK,,384 well plate Grainer,m9134733,,2026-02-03,50,,P1,,,0.13031565201056153,
O17,9.0,O,15,17,,,,,,,E215,1,TIKTAALIK,,384 well plate Grainer,m9134733,,2026-02-03,50,,P1,,,0.10759760500579810,
O18,9.0,O,15,18,,,,,,,E215,1,TIKTAALIK,,384 well plate Grainer,m9134733,,2026-02-03,50,,P1,,,0.10759760500579810,
O19,8.0,O,15,19,,,,,,,E215,1,TIKTAALIK,,384 well plate Grainer,m9134733,,2026-02-03,50,,P1,,,0.08487955800103467,
O20,10.0,O,15,20,,,,,,,E215,1,TIKTAALIK,,384 well plate Grainer,m9134733,,2026-02-03,50,,P1,,,0.13031565201056153,
O21,8.0,O,15,21,,,,,,,E215,1,TIKTAALIK,,384 well plate Grainer,m9134733,,2026-02-03,50,,P1,,,0.08487955800103467,
O22,8.0,O,15,22,,,,,,,E215,1,TIKTAALIK,,384 well plate Grainer,m9134733,,2026-02-03,50,,P1,,,0.08487955800103467,
O23,10.0,O,15,23,,,,,,,E215,1,TIKTAALIK,,384 well plate Grainer,m9134733,,2026-02-03,50,,P1,,,0.13031565201056153,
O24,10.0,O,15,24,,,,,,,E215,1,TIKTAALIK,,384 well plate Grainer,m9134733,,2026-02-03,50,,P1,,,0.13031565201056153,
P1,9.0,P,16,1,,,,,,,E215,1,TIKTAALIK,,384 well plate Grainer,m9134733,,2026-02-03,50,,P1,,,0.10759760500579810,
P2,9.0,P,16,2,,,,,,,E215,1,TIKTAALIK,,384 well plate Grainer,m9134733,,2026-02-03,50,,P1,,,0.10759760500579810,
P3,9.0,P,16,3,,,,,,,E215,1,TIKTAALIK,,384 well plate Grainer,m9134733,,2026-02-03,50,,P1,,,0.10759760500579810,
P4,9.0,P,16,4,,,,,,,E215,1,TIKTAALIK,,384 well plate Grainer,m9134733,,2026-02-03,50,,P1,,,0.10759760500579810,
P5,9.0,P,16,5,,,,,,,E215,1,TIKTAALIK,,384 well plate Grainer,m9134733,,2026-02-03,50,,P1,,,0.10759760500579810,
P6,8.0,P,16,6,,,,,,,E215,1,TIKTAALIK,,384 well plate Grainer,m9134733,,2026-02-03,50,,P1,,,0.08487955800103467,
P7,7.0,P,16,7,,,,,,,E215,1,TIKTAALIK,,384 well plate Grainer,m9134733,,2026-02-03,50,,P1,,,0.06216151099627124,
P8,10.0,P,16,8,,,,,,,E215,1,TIKTAALIK,,384 well plate Grainer,m9134733,,2026-02-03,50,,P1,,,0.13031565201056153,
P9,12.0,P,16,9,,,,,,,E215,1,TIKTAALIK,,384 well plate Grainer,m9134733,,2026-02-03,50,,P1,,,0.17575174602008842,
P10,8.0,P,16,10,,,,,,,E215,1,TIKTAALIK,,384 well plate Grainer,m9134733,,2026-02-03,50,,P1,,,0.08487955800103467,
P11,9.0,P,16,11,,,,,,,E215,1,TIKTAALIK,,384 well plate Grainer,m9134733,,2026-02-03,50,,P1,,,0.10759760500579810,
P12,9.0,P,16,12,,,,,,,E215,1,TIKTAALIK,,384 well plate Grainer,m9134733,,2026-02-03,50,,P1,,,0.10759760500579810,
P13,9.0,P,16,13,,,,,,,E215,1,TIKTAALIK,,384 well plate Grainer,m9134733,,2026-02-03,50,,P1,,,0.10759760500579810,
P14,11.0,P,16,14,,,,,,,E215,1,TIKTAALIK,,384 well plate Grainer,m9134733,,2026-02-03,50,,P1,,,0.15303369901532496,
P15,10.0,P,16,15,,,,,,,E215,1,TIKTAALIK,,384 well plate Grainer,m9134733,,2026-02-03,50,,P1,,,0.13031565201056153,
P16,9.0,P,16,16,,,,,,,E215,1,TIKTAALIK,,384 well plate Grainer,m9134733,,2026-02-03,50,,P1,,,0.10759760500579810,
P17,8.0,P,16,17,,,,,,,E215,1,TIKTAALIK,,384 well plate Grainer,m9134733,,2026-02-03,50,,P1,,,0.08487955800103467,
P18,10.0,P,16,18,,,,,,,E215,1,TIKTAALIK,,384 well plate Grainer,m9134733,,2026-02-03,50,,P1,,,0.13031565201056153,
P19,9.0,P,16,19,,,,,,,E215,1,TIKTAALIK,,384 well plate Grainer,m9134733,,2026-02-03,50,,P1,,,0.10759760500579810,
P20,10.0,P,16,20,,,,,,,E215,1,TIKTAALIK,,384 well plate Grainer,m9134733,,2026-02-03,50,,P1,,,0.13031565201056153,
P21,9.0,P,16,21,,,,,,,E215,1,TIKTAALIK,,384 well plate Grainer,m9134733,,2026-02-03,50,,P1,,,0.10759760500579810,
P22,10.0,P,16,22,,,,,,,E215,1,TIKTAALIK,,384 well plate Grainer,m9134733,,2026-02-03,50,,P1,,,0.13031565201056153,
P23,9.0,P,16,23,,,,,,,E215,1,TIKTAALIK,,384 well plate Grainer,m9134733,,2026-02-03,50,,P1,,,0.10759760500579810,
P24,7.0,P,16,24,,,,,,,E215,1,TIKTAALIK,,384 well plate Grainer,m9134733,,2026-02-03,50,,P1,,,0.06216151099627124,
A1,457.0,A,1,1,kingfisher_Ready96_plasmid,kingfisher_Ready96,21-L,MMC_23,,200.0,E221,1,TIKTAALIK,20.0,384 well plate Grainer,m9134733,plasmid,2026-03-10,50,,P6,kingfisher,Ready96,8.84407501987354300,1768.81500397470860
A2,481.0,A,1,2,kingfisher_Ready96_linear,kingfisher_Ready96,21-L,MMC_23,,200.0,E221,1,TIKTAALIK,20.0,384 well plate Grainer,m9229555,linear,2026-03-10,50,,P6,kingfisher,Ready96,9.33000222824544200,1866.00044564908850
A3,258.0,A,1,3,kingfisher_control_plasmid,kingfisher_control,12-L,MMA_7,,200.0,E221,1,TIKTAALIK,20.0,384 well plate Grainer,m9134733,plasmid,2026-03-10,50,,P6,kingfisher,control,4.81492858378988200,962.98571675797640
A4,1366.0,A,1,4,spike-in,,spike-in,spike-in,,20.0,E221,1,TIKTAALIK,10.0,384 well plate Grainer,,,2026-03-10,50,,P6,,,27.24856803695921300,544.97136073918430
A5,227.0,A,1,5,kingfisher_Ready96_plasmid,kingfisher_Ready96,21-L,MMC_23,,400.0,E221,1,TIKTAALIK,20.0,384 well plate Grainer,m9134733,plasmid,2026-03-10,50,,P6,kingfisher,Ready96,4.18727260630951300,1674.90904252380500
A6,210.0,A,1,6,kingfisher_Ready96_linear,kingfisher_Ready96,21-L,MMC_23,,400.0,E221,1,TIKTAALIK,20.0,384 well plate Grainer,m9229555,linear,2026-03-10,50,,P6,kingfisher,Ready96,3.84307416704608400,1537.22966681843380
A7,117.0,A,1,7,kingfisher_control_plasmid,kingfisher_control,12-L,MMA_7,,400.0,E221,1,TIKTAALIK,20.0,384 well plate Grainer,m9134733,plasmid,2026-03-10,50,,P6,kingfisher,control,1.96010623460497600,784.04249384199040
A8,10.0,A,1,8,,,,,,,E221,1,TIKTAALIK,,384 well plate Grainer,,,2026-03-10,50,,P6,,,-0.20631923605307290,
A9,8.0,A,1,9,,,,,,,E221,1,TIKTAALIK,,384 well plate Grainer,,,2026-03-10,50,,P6,,,-0.24681317008406448,
A10,9.0,A,1,10,,,,,,,E221,1,TIKTAALIK,,384 well plate Grainer,,,2026-03-10,50,,P6,,,-0.22656620306856870,
A11,10.0,A,1,11,,,,,,,E221,1,TIKTAALIK,,384 well plate Grainer,,,2026-03-10,50,,P6,,,-0.20631923605307290,
A12,9.0,A,1,12,,,,,,,E221,1,TIKTAALIK,,384 well plate Grainer,,,2026-03-10,50,,P6,,,-0.22656620306856870,
A13,10.0,A,1,13,,,,,,,E221,1,TIKTAALIK,,384 well plate Grainer,,,2026-03-10,50,,P6,,,-0.20631923605307290,
A14,9.0,A,1,14,,,,,,,E221,1,TIKTAALIK,,384 well plate Grainer,,,2026-03-10,50,,P6,,,-0.22656620306856870,
A15,9.0,A,1,15,,,,,,,E221,1,TIKTAALIK,,384 well plate Grainer,,,2026-03-10,50,,P6,,,-0.22656620306856870,
A16,9.0,A,1,16,,,,,,,E221,1,TIKTAALIK,,384 well plate Grainer,,,2026-03-10,50,,P6,,,-0.22656620306856870,
A17,11.0,A,1,17,,,,,,,E221,1,TIKTAALIK,,384 well plate Grainer,,,2026-03-10,50,,P6,,,-0.18607226903757712,
A18,9.0,A,1,18,,,,,,,E221,1,TIKTAALIK,,384 well plate Grainer,,,2026-03-10,50,,P6,,,-0.22656620306856870,
A19,9.0,A,1,19,,,,,,,E221,1,TIKTAALIK,,384 well plate Grainer,,,2026-03-10,50,,P6,,,-0.22656620306856870,
A20,9.0,A,1,20,,,,,,,E221,1,TIKTAALIK,,384 well plate Grainer,,,2026-03-10,50,,P6,,,-0.22656620306856870,
A21,10.0,A,1,21,,,,,,,E221,1,TIKTAALIK,,384 well plate Grainer,,,2026-03-10,50,,P6,,,-0.20631923605307290,
A22,9.0,A,1,22,,,,,,,E221,1,TIKTAALIK,,384 well plate Grainer,,,2026-03-10,50,,P6,,,-0.22656620306856870,
A23,9.0,A,1,23,,,,,,,E221,1,TIKTAALIK,,384 well plate Grainer,,,2026-03-10,50,,P6,,,-0.22656620306856870,
A24,35.0,A,1,24,Standard - 1,Standard - 1,,,1.0,1.0,E221,1,TIKTAALIK,,384 well plate Grainer,,,2026-03-10,50,,P6,Standard - 1,,0.29985493933432170,0.29985493933432
B1,9.0,B,2,1,,,,,,,E221,1,TIKTAALIK,,384 well plate Grainer,,,2026-03-10,50,,P6,,,-0.22656620306856870,
B2,8.0,B,2,2,,,,,,,E221,1,TIKTAALIK,,384 well plate Grainer,,,2026-03-10,50,,P6,,,-0.24681317008406448,
B3,8.0,B,2,3,,,,,,,E221,1,TIKTAALIK,,384 well plate Grainer,,,2026-03-10,50,,P6,,,-0.24681317008406448,
B4,1412.0,B,2,4,spike-in,,spike-in,spike-in,,20.0,E221,1,TIKTAALIK,10.0,384 well plate Grainer,,,2026-03-10,50,,P6,,,28.17992851967202000,563.59857039344050
B5,10.0,B,2,5,,,,,,,E221,1,TIKTAALIK,,384 well plate Grainer,,,2026-03-10,50,,P6,,,-0.20631923605307290,
B6,10.0,B,2,6,,,,,,,E221,1,TIKTAALIK,,384 well plate Grainer,,,2026-03-10,50,,P6,,,-0.20631923605307290,
B7,9.0,B,2,7,,,,,,,E221,1,TIKTAALIK,,384 well plate Grainer,,,2026-03-10,50,,P6,,,-0.22656620306856870,
B8,9.0,B,2,8,,,,,,,E221,1,TIKTAALIK,,384 well plate Grainer,,,2026-03-10,50,,P6,,,-0.22656620306856870,
B9,10.0,B,2,9,,,,,,,E221,1,TIKTAALIK,,384 well plate Grainer,,,2026-03-10,50,,P6,,,-0.20631923605307290,
B10,9.0,B,2,10,,,,,,,E221,1,TIKTAALIK,,384 well plate Grainer,,,2026-03-10,50,,P6,,,-0.22656620306856870,
B11,10.0,B,2,11,,,,,,,E221,1,TIKTAALIK,,384 well plate Grainer,,,2026-03-10,50,,P6,,,-0.20631923605307290,
B12,10.0,B,2,12,,,,,,,E221,1,TIKTAALIK,,384 well plate Grainer,,,2026-03-10,50,,P6,,,-0.20631923605307290,
B13,9.0,B,2,13,,,,,,,E221,1,TIKTAALIK,,384 well plate Grainer,,,2026-03-10,50,,P6,,,-0.22656620306856870,
B14,10.0,B,2,14,,,,,,,E221,1,TIKTAALIK,,384 well plate Grainer,,,2026-03-10,50,,P6,,,-0.20631923605307290,
B15,10.0,B,2,15,,,,,,,E221,1,TIKTAALIK,,384 well plate Grainer,,,2026-03-10,50,,P6,,,-0.20631923605307290,
B16,9.0,B,2,16,,,,,,,E221,1,TIKTAALIK,,384 well plate Grainer,,,2026-03-10,50,,P6,,,-0.22656620306856870,
B17,11.0,B,2,17,,,,,,,E221,1,TIKTAALIK,,384 well plate Grainer,,,2026-03-10,50,,P6,,,-0.18607226903757712,
B18,11.0,B,2,18,,,,,,,E221,1,TIKTAALIK,,384 well plate Grainer,,,2026-03-10,50,,P6,,,-0.18607226903757712,
B19,11.0,B,2,19,,,,,,,E221,1,TIKTAALIK,,384 well plate Grainer,,,2026-03-10,50,,P6,,,-0.18607226903757712,
B20,10.0,B,2,20,,,,,,,E221,1,TIKTAALIK,,384 well plate Grainer,,,2026-03-10,50,,P6,,,-0.20631923605307290,
B21,10.0,B,2,21,,,,,,,E221,1,TIKTAALIK,,384 well plate Grainer,,,2026-03-10,50,,P6,,,-0.20631923605307290,
B22,10.0,B,2,22,,,,,,,E221,1,TIKTAALIK,,384 well plate Grainer,,,2026-03-10,50,,P6,,,-0.20631923605307290,
B23,11.0,B,2,23,,,,,,,E221,1,TIKTAALIK,,384 well plate Grainer,,,2026-03-10,50,,P6,,,-0.18607226903757712,
B24,33.0,B,2,24,Standard - 1,Standard - 1,,,1.0,1.0,E221,1,TIKTAALIK,,384 well plate Grainer,,,2026-03-10,50,,P6,Standard - 1,,0.25936100530333017,0.25936100530333
C1,506.0,C,3,1,kingfisher_Ready96_plasmid,kingfisher_Ready96,21-L,MMC_23,,200.0,E221,1,TIKTAALIK,20.0,384 well plate Grainer,m9134733,plasmid,2026-03-10,50,,P6,kingfisher,Ready96,9.83617640363283700,1967.23528072656750
C2,493.0,C,3,2,kingfisher_Ready96_linear,kingfisher_Ready96,21-L,MMC_23,,200.0,E221,1,TIKTAALIK,20.0,384 well plate Grainer,m9229555,linear,2026-03-10,50,,P6,kingfisher,Ready96,9.57296583243139100,1914.59316648627830
C3,274.0,C,3,3,kingfisher_control_plasmid,kingfisher_control,12-L,MMA_7,,200.0,E221,1,TIKTAALIK,20.0,384 well plate Grainer,m9134733,plasmid,2026-03-10,50,,P6,kingfisher,control,5.13888005603781500,1027.77601120756300
C4,1423.0,C,3,4,spike-in,,spike-in,spike-in,,20.0,E221,1,TIKTAALIK,10.0,384 well plate Grainer,,,2026-03-10,50,,P6,,,28.40264515684247500,568.05290313684950
C5,256.0,C,3,5,kingfisher_Ready96_plasmid,kingfisher_Ready96,21-L,MMC_23,,400.0,E221,1,TIKTAALIK,20.0,384 well plate Grainer,m9134733,plasmid,2026-03-10,50,,P6,kingfisher,Ready96,4.77443464975889050,1909.77385990355630
C6,243.0,C,3,6,kingfisher_Ready96_linear,kingfisher_Ready96,21-L,MMC_23,,400.0,E221,1,TIKTAALIK,20.0,384 well plate Grainer,m9229555,linear,2026-03-10,50,,P6,kingfisher,Ready96,4.51122407855744500,1804.48963142297820
C7,126.0,C,3,7,kingfisher_control_plasmid,kingfisher_control,12-L,MMA_7,,400.0,E221,1,TIKTAALIK,20.0,384 well plate Grainer,m9134733,plasmid,2026-03-10,50,,P6,kingfisher,control,2.14232893774443800,856.93157509777530
C8,10.0,C,3,8,,,,,,,E221,1,TIKTAALIK,,384 well plate Grainer,,,2026-03-10,50,,P6,,,-0.20631923605307290,
C9,10.0,C,3,9,,,,,,,E221,1,TIKTAALIK,,384 well plate Grainer,,,2026-03-10,50,,P6,,,-0.20631923605307290,
C10,9.0,C,3,10,,,,,,,E221,1,TIKTAALIK,,384 well plate Grainer,,,2026-03-10,50,,P6,,,-0.22656620306856870,
C11,8.0,C,3,11,,,,,,,E221,1,TIKTAALIK,,384 well plate Grainer,,,2026-03-10,50,,P6,,,-0.24681317008406448,
C12,10.0,C,3,12,,,,,,,E221,1,TIKTAALIK,,384 well plate Grainer,,,2026-03-10,50,,P6,,,-0.20631923605307290,
C13,3.0,C,3,13,,,,,,,E221,1,TIKTAALIK,,384 well plate Grainer,,,2026-03-10,50,,P6,,,-0.34804800516154344,
C14,8.0,C,3,14,,,,,,,E221,1,TIKTAALIK,,384 well plate Grainer,,,2026-03-10,50,,P6,,,-0.24681317008406448,
C15,10.0,C,3,15,,,,,,,E221,1,TIKTAALIK,,384 well plate Grainer,,,2026-03-10,50,,P6,,,-0.20631923605307290,
C16,9.0,C,3,16,,,,,,,E221,1,TIKTAALIK,,384 well plate Grainer,,,2026-03-10,50,,P6,,,-0.22656620306856870,
C17,8.0,C,3,17,,,,,,,E221,1,TIKTAALIK,,384 well plate Grainer,,,2026-03-10,50,,P6,,,-0.24681317008406448,
C18,9.0,C,3,18,,,,,,,E221,1,TIKTAALIK,,384 well plate Grainer,,,2026-03-10,50,,P6,,,-0.22656620306856870,
C19,8.0,C,3,19,,,,,,,E221,1,TIKTAALIK,,384 well plate Grainer,,,2026-03-10,50,,P6,,,-0.24681317008406448,
C20,10.0,C,3,20,,,,,,,E221,1,TIKTAALIK,,384 well plate Grainer,,,2026-03-10,50,,P6,,,-0.20631923605307290,
C21,11.0,C,3,21,,,,,,,E221,1,TIKTAALIK,,384 well plate Grainer,,,2026-03-10,50,,P6,,,-0.18607226903757712,
C22,8.0,C,3,22,,,,,,,E221,1,TIKTAALIK,,384 well plate Grainer,,,2026-03-10,50,,P6,,,-0.24681317008406448,
C23,8.0,C,3,23,,,,,,,E221,1,TIKTAALIK,,384 well plate Grainer,,,2026-03-10,50,,P6,,,-0.24681317008406448,
C24,76.0,C,3,24,Standard - 2,Standard - 2,,,2.0,1.0,E221,1,TIKTAALIK,,384 well plate Grainer,,,2026-03-10,50,,P6,Standard - 2,,1.12998058696964900,1.12998058696965
D1,10.0,D,4,1,,,,,,,E221,1,TIKTAALIK,,384 well plate Grainer,,,2026-03-10,50,,P6,,,-0.20631923605307290,
D2,8.0,D,4,2,,,,,,,E221,1,TIKTAALIK,,384 well plate Grainer,,,2026-03-10,50,,P6,,,-0.24681317008406448,
D3,8.0,D,4,3,,,,,,,E221,1,TIKTAALIK,,384 well plate Grainer,,,2026-03-10,50,,P6,,,-0.24681317008406448,
D4,1459.0,D,4,4,spike-in,,spike-in,spike-in,,20.0,E221,1,TIKTAALIK,10.0,384 well plate Grainer,,,2026-03-10,50,,P6,,,29.13153596940032000,582.63071938800650
D5,9.0,D,4,5,,,,,,,E221,1,TIKTAALIK,,384 well plate Grainer,,,2026-03-10,50,,P6,,,-0.22656620306856870,
D6,9.0,D,4,6,,,,,,,E221,1,TIKTAALIK,,384 well plate Grainer,,,2026-03-10,50,,P6,,,-0.22656620306856870,
D7,7.0,D,4,7,,,,,,,E221,1,TIKTAALIK,,384 well plate Grainer,,,2026-03-10,50,,P6,,,-0.26706013709956020,
D8,10.0,D,4,8,,,,,,,E221,1,TIKTAALIK,,384 well plate Grainer,,,2026-03-10,50,,P6,,,-0.20631923605307290,
D9,8.0,D,4,9,,,,,,,E221,1,TIKTAALIK,,384 well plate Grainer,,,2026-03-10,50,,P6,,,-0.24681317008406448,
D10,9.0,D,4,10,,,,,,,E221,1,TIKTAALIK,,384 well plate Grainer,,,2026-03-10,50,,P6,,,-0.22656620306856870,
D11,9.0,D,4,11,,,,,,,E221,1,TIKTAALIK,,384 well plate Grainer,,,2026-03-10,50,,P6,,,-0.22656620306856870,
D12,10.0,D,4,12,,,,,,,E221,1,TIKTAALIK,,384 well plate Grainer,,,2026-03-10,50,,P6,,,-0.20631923605307290,
D13,10.0,D,4,13,,,,,,,E221,1,TIKTAALIK,,384 well plate Grainer,,,2026-03-10,50,,P6,,,-0.20631923605307290,
D14,7.0,D,4,14,,,,,,,E221,1,TIKTAALIK,,384 well plate Grainer,,,2026-03-10,50,,P6,,,-0.26706013709956020,
D15,7.0,D,4,15,,,,,,,E221,1,TIKTAALIK,,384 well plate Grainer,,,2026-03-10,50,,P6,,,-0.26706013709956020,
D16,8.0,D,4,16,,,,,,,E221,1,TIKTAALIK,,384 well plate Grainer,,,2026-03-10,50,,P6,,,-0.24681317008406448,
D17,9.0,D,4,17,,,,,,,E221,1,TIKTAALIK,,384 well plate Grainer,,,2026-03-10,50,,P6,,,-0.22656620306856870,
D18,9.0,D,4,18,,,,,,,E221,1,TIKTAALIK,,384 well plate Grainer,,,2026-03-10,50,,P6,,,-0.22656620306856870,
D19,10.0,D,4,19,,,,,,,E221,1,TIKTAALIK,,384 well plate Grainer,,,2026-03-10,50,,P6,,,-0.20631923605307290,
D20,11.0,D,4,20,,,,,,,E221,1,TIKTAALIK,,384 well plate Grainer,,,2026-03-10,50,,P6,,,-0.18607226903757712,
D21,9.0,D,4,21,,,,,,,E221,1,TIKTAALIK,,384 well plate Grainer,,,2026-03-10,50,,P6,,,-0.22656620306856870,
D22,10.0,D,4,22,,,,,,,E221,1,TIKTAALIK,,384 well plate Grainer,,,2026-03-10,50,,P6,,,-0.20631923605307290,
D23,9.0,D,4,23,,,,,,,E221,1,TIKTAALIK,,384 well plate Grainer,,,2026-03-10,50,,P6,,,-0.22656620306856870,
D24,73.0,D,4,24,Standard - 2,Standard - 2,,,2.0,1.0,E221,1,TIKTAALIK,,384 well plate Grainer,,,2026-03-10,50,,P6,Standard - 2,,1.06923968592316170,1.06923968592316
E1,492.0,E,5,1,kingfisher_Ready96_plasmid,kingfisher_Ready96,21-L,MMC_23,,200.0,E221,1,TIKTAALIK,20.0,384 well plate Grainer,m9134733,plasmid,2026-03-10,50,,P6,kingfisher,Ready96,9.55271886541589600,1910.54377308317900
E2,493.0,E,5,2,kingfisher_Ready96_linear,kingfisher_Ready96,21-L,MMC_23,,200.0,E221,1,TIKTAALIK,20.0,384 well plate Grainer,m9229555,linear,2026-03-10,50,,P6,kingfisher,Ready96,9.57296583243139100,1914.59316648627830
E3,265.0,E,5,3,kingfisher_control_plasmid,kingfisher_control,12-L,MMA_7,,200.0,E221,1,TIKTAALIK,20.0,384 well plate Grainer,m9134733,plasmid,2026-03-10,50,,P6,kingfisher,control,4.95665735289835200,991.33147057967040
E4,11.0,E,5,4,,,,,,,E221,1,TIKTAALIK,,384 well plate Grainer,,,2026-03-10,50,,P6,,,-0.18607226903757712,
E5,271.0,E,5,5,kingfisher_Ready96_plasmid,kingfisher_Ready96,21-L,MMC_23,,400.0,E221,1,TIKTAALIK,20.0,384 well plate Grainer,m9134733,plasmid,2026-03-10,50,,P6,kingfisher,Ready96,5.07813915499132750,2031.25566199653100
E6,217.0,E,5,6,kingfisher_Ready96_linear,kingfisher_Ready96,21-L,MMC_23,,400.0,E221,1,TIKTAALIK,20.0,384 well plate Grainer,m9229555,linear,2026-03-10,50,,P6,kingfisher,Ready96,3.98480293615455500,1593.92117446182200
E7,121.0,E,5,7,kingfisher_control_plasmid,kingfisher_control,12-L,MMA_7,,400.0,E221,1,TIKTAALIK,20.0,384 well plate Grainer,m9134733,plasmid,2026-03-10,50,,P6,kingfisher,control,2.04109410266695960,816.43764106678380
E8,9.0,E,5,8,,,,,,,E221,1,TIKTAALIK,,384 well plate Grainer,,,2026-03-10,50,,P6,,,-0.22656620306856870,
E9,7.0,E,5,9,,,,,,,E221,1,TIKTAALIK,,384 well plate Grainer,,,2026-03-10,50,,P6,,,-0.26706013709956020,
E10,7.0,E,5,10,,,,,,,E221,1,TIKTAALIK,,384 well plate Grainer,,,2026-03-10,50,,P6,,,-0.26706013709956020,
E11,5.0,E,5,11,,,,,,,E221,1,TIKTAALIK,,384 well plate Grainer,,,2026-03-10,50,,P6,,,-0.30755407113055183,
E12,10.0,E,5,12,,,,,,,E221,1,TIKTAALIK,,384 well plate Grainer,,,2026-03-10,50,,P6,,,-0.20631923605307290,
E13,9.0,E,5,13,,,,,,,E221,1,TIKTAALIK,,384 well plate Grainer,,,2026-03-10,50,,P6,,,-0.22656620306856870,
E14,8.0,E,5,14,,,,,,,E221,1,TIKTAALIK,,384 well plate Grainer,,,2026-03-10,50,,P6,,,-0.24681317008406448,
E15,9.0,E,5,15,,,,,,,E221,1,TIKTAALIK,,384 well plate Grainer,,,2026-03-10,50,,P6,,,-0.22656620306856870,
E16,8.0,E,5,16,,,,,,,E221,1,TIKTAALIK,,384 well plate Grainer,,,2026-03-10,50,,P6,,,-0.24681317008406448,
E17,9.0,E,5,17,,,,,,,E221,1,TIKTAALIK,,384 well plate Grainer,,,2026-03-10,50,,P6,,,-0.22656620306856870,
E18,8.0,E,5,18,,,,,,,E221,1,TIKTAALIK,,384 well plate Grainer,,,2026-03-10,50,,P6,,,-0.24681317008406448,
E19,11.0,E,5,19,,,,,,,E221,1,TIKTAALIK,,384 well plate Grainer,,,2026-03-10,50,,P6,,,-0.18607226903757712,
E20,12.0,E,5,20,,,,,,,E221,1,TIKTAALIK,,384 well plate Grainer,,,2026-03-10,50,,P6,,,-0.16582530202208134,
E21,9.0,E,5,21,,,,,,,E221,1,TIKTAALIK,,384 well plate Grainer,,,2026-03-10,50,,P6,,,-0.22656620306856870,
E22,9.0,E,5,22,,,,,,,E221,1,TIKTAALIK,,384 well plate Grainer,,,2026-03-10,50,,P6,,,-0.22656620306856870,
E23,10.0,E,5,23,,,,,,,E221,1,TIKTAALIK,,384 well plate Grainer,,,2026-03-10,50,,P6,,,-0.20631923605307290,
E24,168.0,E,5,24,Standard - 3,Standard - 3,,,4.0,1.0,E221,1,TIKTAALIK,,384 well plate Grainer,,,2026-03-10,50,,P6,Standard - 3,,2.99270155239526140,2.99270155239526
F1,8.0,F,6,1,,,,,,,E221,1,TIKTAALIK,,384 well plate Grainer,,,2026-03-10,50,,P6,,,-0.24681317008406448,
F2,7.0,F,6,2,,,,,,,E221,1,TIKTAALIK,,384 well plate Grainer,,,2026-03-10,50,,P6,,,-0.26706013709956020,
F3,9.0,F,6,3,,,,,,,E221,1,TIKTAALIK,,384 well plate Grainer,,,2026-03-10,50,,P6,,,-0.22656620306856870,
F4,267.0,F,6,4,spike-in,,spike-in,spike-in,,100.0,E221,1,TIKTAALIK,10.0,384 well plate Grainer,,,2026-03-10,50,,P6,,,4.99715128692934400,499.71512869293440
F5,10.0,F,6,5,,,,,,,E221,1,TIKTAALIK,,384 well plate Grainer,,,2026-03-10,50,,P6,,,-0.20631923605307290,
F6,7.0,F,6,6,,,,,,,E221,1,TIKTAALIK,,384 well plate Grainer,,,2026-03-10,50,,P6,,,-0.26706013709956020,
F7,11.0,F,6,7,,,,,,,E221,1,TIKTAALIK,,384 well plate Grainer,,,2026-03-10,50,,P6,,,-0.18607226903757712,
F8,8.0,F,6,8,,,,,,,E221,1,TIKTAALIK,,384 well plate Grainer,,,2026-03-10,50,,P6,,,-0.24681317008406448,
F9,9.0,F,6,9,,,,,,,E221,1,TIKTAALIK,,384 well plate Grainer,,,2026-03-10,50,,P6,,,-0.22656620306856870,
F10,10.0,F,6,10,,,,,,,E221,1,TIKTAALIK,,384 well plate Grainer,,,2026-03-10,50,,P6,,,-0.20631923605307290,
F11,10.0,F,6,11,,,,,,,E221,1,TIKTAALIK,,384 well plate Grainer,,,2026-03-10,50,,P6,,,-0.20631923605307290,
F12,9.0,F,6,12,,,,,,,E221,1,TIKTAALIK,,384 well plate Grainer,,,2026-03-10,50,,P6,,,-0.22656620306856870,
F13,8.0,F,6,13,,,,,,,E221,1,TIKTAALIK,,384 well plate Grainer,,,2026-03-10,50,,P6,,,-0.24681317008406448,
F14,9.0,F,6,14,,,,,,,E221,1,TIKTAALIK,,384 well plate Grainer,,,2026-03-10,50,,P6,,,-0.22656620306856870,
F15,9.0,F,6,15,,,,,,,E221,1,TIKTAALIK,,384 well plate Grainer,,,2026-03-10,50,,P6,,,-0.22656620306856870,
F16,9.0,F,6,16,,,,,,,E221,1,TIKTAALIK,,384 well plate Grainer,,,2026-03-10,50,,P6,,,-0.22656620306856870,
F17,9.0,F,6,17,,,,,,,E221,1,TIKTAALIK,,384 well plate Grainer,,,2026-03-10,50,,P6,,,-0.22656620306856870,
F18,10.0,F,6,18,,,,,,,E221,1,TIKTAALIK,,384 well plate Grainer,,,2026-03-10,50,,P6,,,-0.20631923605307290,
F19,10.0,F,6,19,,,,,,,E221,1,TIKTAALIK,,384 well plate Grainer,,,2026-03-10,50,,P6,,,-0.20631923605307290,
F20,10.0,F,6,20,,,,,,,E221,1,TIKTAALIK,,384 well plate Grainer,,,2026-03-10,50,,P6,,,-0.20631923605307290,
F21,9.0,F,6,21,,,,,,,E221,1,TIKTAALIK,,384 well plate Grainer,,,2026-03-10,50,,P6,,,-0.22656620306856870,
F22,8.0,F,6,22,,,,,,,E221,1,TIKTAALIK,,384 well plate Grainer,,,2026-03-10,50,,P6,,,-0.24681317008406448,
F23,11.0,F,6,23,,,,,,,E221,1,TIKTAALIK,,384 well plate Grainer,,,2026-03-10,50,,P6,,,-0.18607226903757712,
F24,149.0,F,6,24,Standard - 3,Standard - 3,,,4.0,1.0,E221,1,TIKTAALIK,,384 well plate Grainer,,,2026-03-10,50,,P6,Standard - 3,,2.60800917910084130,2.60800917910084
G1,506.0,G,7,1,kingfisher_Ready96_plasmid,kingfisher_Ready96,21-L,MMC_23,,200.0,E221,1,TIKTAALIK,20.0,384 well plate Grainer,m9134733,plasmid,2026-03-10,50,,P6,kingfisher,Ready96,9.83617640363283700,1967.23528072656750
G2,467.0,G,7,2,kingfisher_Ready96_linear,kingfisher_Ready96,21-L,MMC_23,,200.0,E221,1,TIKTAALIK,20.0,384 well plate Grainer,m9229555,linear,2026-03-10,50,,P6,kingfisher,Ready96,9.04654469002850100,1809.30893800570020
G3,239.0,G,7,3,kingfisher_control_plasmid,kingfisher_control,12-L,MMA_7,,200.0,E221,1,TIKTAALIK,20.0,384 well plate Grainer,m9134733,plasmid,2026-03-10,50,,P6,kingfisher,control,4.43023621049546200,886.04724209909240
G4,298.0,G,7,4,spike-in,,spike-in,spike-in,,100.0,E221,1,TIKTAALIK,10.0,384 well plate Grainer,,,2026-03-10,50,,P6,,,5.62480726440971300,562.48072644097140
G5,274.0,G,7,5,kingfisher_Ready96_plasmid,kingfisher_Ready96,21-L,MMC_23,,400.0,E221,1,TIKTAALIK,20.0,384 well plate Grainer,m9134733,plasmid,2026-03-10,50,,P6,kingfisher,Ready96,5.13888005603781500,2055.55202241512600
G6,231.0,G,7,6,kingfisher_Ready96_linear,kingfisher_Ready96,21-L,MMC_23,,400.0,E221,1,TIKTAALIK,20.0,384 well plate Grainer,m9229555,linear,2026-03-10,50,,P6,kingfisher,Ready96,4.26826047437149600,1707.30418974859820
G7,114.0,G,7,7,kingfisher_control_plasmid,kingfisher_control,12-L,MMA_7,,400.0,E221,1,TIKTAALIK,20.0,384 well plate Grainer,m9134733,plasmid,2026-03-10,50,,P6,kingfisher,control,1.89936533355848880,759.74613342339560
G8,9.0,G,7,8,,,,,,,E221,1,TIKTAALIK,,384 well plate Grainer,,,2026-03-10,50,,P6,,,-0.22656620306856870,
G9,9.0,G,7,9,,,,,,,E221,1,TIKTAALIK,,384 well plate Grainer,,,2026-03-10,50,,P6,,,-0.22656620306856870,
G10,9.0,G,7,10,,,,,,,E221,1,TIKTAALIK,,384 well plate Grainer,,,2026-03-10,50,,P6,,,-0.22656620306856870,
G11,9.0,G,7,11,,,,,,,E221,1,TIKTAALIK,,384 well plate Grainer,,,2026-03-10,50,,P6,,,-0.22656620306856870,
G12,11.0,G,7,12,,,,,,,E221,1,TIKTAALIK,,384 well plate Grainer,,,2026-03-10,50,,P6,,,-0.18607226903757712,
G13,8.0,G,7,13,,,,,,,E221,1,TIKTAALIK,,384 well plate Grainer,,,2026-03-10,50,,P6,,,-0.24681317008406448,
G14,7.0,G,7,14,,,,,,,E221,1,TIKTAALIK,,384 well plate Grainer,,,2026-03-10,50,,P6,,,-0.26706013709956020,
G15,10.0,G,7,15,,,,,,,E221,1,TIKTAALIK,,384 well plate Grainer,,,2026-03-10,50,,P6,,,-0.20631923605307290,
G16,10.0,G,7,16,,,,,,,E221,1,TIKTAALIK,,384 well plate Grainer,,,2026-03-10,50,,P6,,,-0.20631923605307290,
G17,9.0,G,7,17,,,,,,,E221,1,TIKTAALIK,,384 well plate Grainer,,,2026-03-10,50,,P6,,,-0.22656620306856870,
G18,9.0,G,7,18,,,,,,,E221,1,TIKTAALIK,,384 well plate Grainer,,,2026-03-10,50,,P6,,,-0.22656620306856870,
G19,7.0,G,7,19,,,,,,,E221,1,TIKTAALIK,,384 well plate Grainer,,,2026-03-10,50,,P6,,,-0.26706013709956020,
G20,8.0,G,7,20,,,,,,,E221,1,TIKTAALIK,,384 well plate Grainer,,,2026-03-10,50,,P6,,,-0.24681317008406448,
G21,9.0,G,7,21,,,,,,,E221,1,TIKTAALIK,,384 well plate Grainer,,,2026-03-10,50,,P6,,,-0.22656620306856870,
G22,8.0,G,7,22,,,,,,,E221,1,TIKTAALIK,,384 well plate Grainer,,,2026-03-10,50,,P6,,,-0.24681317008406448,
G23,9.0,G,7,23,,,,,,,E221,1,TIKTAALIK,,384 well plate Grainer,,,2026-03-10,50,,P6,,,-0.22656620306856870,
G24,404.0,G,7,24,Standard - 4,Standard - 4,,,8.0,1.0,E221,1,TIKTAALIK,,384 well plate Grainer,,,2026-03-10,50,,P6,Standard - 4,,7.77098576805226700,7.77098576805227
H1,10.0,H,8,1,,,,,,,E221,1,TIKTAALIK,,384 well plate Grainer,,,2026-03-10,50,,P6,,,-0.20631923605307290,
H2,9.0,H,8,2,,,,,,,E221,1,TIKTAALIK,,384 well plate Grainer,,,2026-03-10,50,,P6,,,-0.22656620306856870,
H3,10.0,H,8,3,,,,,,,E221,1,TIKTAALIK,,384 well plate Grainer,,,2026-03-10,50,,P6,,,-0.20631923605307290,
H4,296.0,H,8,4,spike-in,,spike-in,spike-in,,100.0,E221,1,TIKTAALIK,10.0,384 well plate Grainer,,,2026-03-10,50,,P6,,,5.58431333037872200,558.43133303787220
H5,10.0,H,8,5,,,,,,,E221,1,TIKTAALIK,,384 well plate Grainer,,,2026-03-10,50,,P6,,,-0.20631923605307290,
H6,8.0,H,8,6,,,,,,,E221,1,TIKTAALIK,,384 well plate Grainer,,,2026-03-10,50,,P6,,,-0.24681317008406448,
H7,10.0,H,8,7,,,,,,,E221,1,TIKTAALIK,,384 well plate Grainer,,,2026-03-10,50,,P6,,,-0.20631923605307290,
H8,8.0,H,8,8,,,,,,,E221,1,TIKTAALIK,,384 well plate Grainer,,,2026-03-10,50,,P6,,,-0.24681317008406448,
H9,9.0,H,8,9,,,,,,,E221,1,TIKTAALIK,,384 well plate Grainer,,,2026-03-10,50,,P6,,,-0.22656620306856870,
H10,8.0,H,8,10,,,,,,,E221,1,TIKTAALIK,,384 well plate Grainer,,,2026-03-10,50,,P6,,,-0.24681317008406448,
H11,10.0,H,8,11,,,,,,,E221,1,TIKTAALIK,,384 well plate Grainer,,,2026-03-10,50,,P6,,,-0.20631923605307290,
H12,10.0,H,8,12,,,,,,,E221,1,TIKTAALIK,,384 well plate Grainer,,,2026-03-10,50,,P6,,,-0.20631923605307290,
H13,9.0,H,8,13,,,,,,,E221,1,TIKTAALIK,,384 well plate Grainer,,,2026-03-10,50,,P6,,,-0.22656620306856870,
H14,7.0,H,8,14,,,,,,,E221,1,TIKTAALIK,,384 well plate Grainer,,,2026-03-10,50,,P6,,,-0.26706013709956020,
H15,11.0,H,8,15,,,,,,,E221,1,TIKTAALIK,,384 well plate Grainer,,,2026-03-10,50,,P6,,,-0.18607226903757712,
H16,9.0,H,8,16,,,,,,,E221,1,TIKTAALIK,,384 well plate Grainer,,,2026-03-10,50,,P6,,,-0.22656620306856870,
H17,8.0,H,8,17,,,,,,,E221,1,TIKTAALIK,,384 well plate Grainer,,,2026-03-10,50,,P6,,,-0.24681317008406448,
H18,8.0,H,8,18,,,,,,,E221,1,TIKTAALIK,,384 well plate Grainer,,,2026-03-10,50,,P6,,,-0.24681317008406448,
H19,9.0,H,8,19,,,,,,,E221,1,TIKTAALIK,,384 well plate Grainer,,,2026-03-10,50,,P6,,,-0.22656620306856870,
H20,9.0,H,8,20,,,,,,,E221,1,TIKTAALIK,,384 well plate Grainer,,,2026-03-10,50,,P6,,,-0.22656620306856870,
H21,9.0,H,8,21,,,,,,,E221,1,TIKTAALIK,,384 well plate Grainer,,,2026-03-10,50,,P6,,,-0.22656620306856870,
H22,9.0,H,8,22,,,,,,,E221,1,TIKTAALIK,,384 well plate Grainer,,,2026-03-10,50,,P6,,,-0.22656620306856870,
H23,9.0,H,8,23,,,,,,,E221,1,TIKTAALIK,,384 well plate Grainer,,,2026-03-10,50,,P6,,,-0.22656620306856870,
H24,412.0,H,8,24,Standard - 4,Standard - 4,,,8.0,1.0,E221,1,TIKTAALIK,,384 well plate Grainer,,,2026-03-10,50,,P6,Standard - 4,,7.93296150417623400,7.93296150417623
I1,482.0,I,9,1,kingfisher_Ready96_plasmid,kingfisher_Ready96,21-L,MMC_23,,200.0,E221,1,TIKTAALIK,20.0,384 well plate Grainer,m9134733,plasmid,2026-03-10,50,,P6,kingfisher,Ready96,9.35024919526093800,1870.04983905218750
I2,494.0,I,9,2,kingfisher_Ready96_linear,kingfisher_Ready96,21-L,MMC_23,,200.0,E221,1,TIKTAALIK,20.0,384 well plate Grainer,m9229555,linear,2026-03-10,50,,P6,kingfisher,Ready96,9.59321279944688900,1918.64255988937770
I3,124.0,I,9,3,spike-in,,spike-in,spike-in,,200.0,E221,1,TIKTAALIK,10.0,384 well plate Grainer,,,2026-03-10,50,,P6,,,2.10183500371344700,420.36700074268936
I4,305.0,I,9,4,spike-in,,spike-in,spike-in,,100.0,E221,1,TIKTAALIK,10.0,384 well plate Grainer,,,2026-03-10,50,,P6,,,5.76653603351818400,576.65360335181840
I5,243.0,I,9,5,kingfisher_Ready96_plasmid,kingfisher_Ready96,21-L,MMC_23,,400.0,E221,1,TIKTAALIK,20.0,384 well plate Grainer,m9134733,plasmid,2026-03-10,50,,P6,kingfisher,Ready96,4.51122407855744500,1804.48963142297820
I6,244.0,I,9,6,kingfisher_Ready96_linear,kingfisher_Ready96,21-L,MMC_23,,400.0,E221,1,TIKTAALIK,20.0,384 well plate Grainer,m9229555,linear,2026-03-10,50,,P6,kingfisher,Ready96,4.53147104557294100,1812.58841822917630
I7,72.0,I,9,7,spike-in,,spike-in,spike-in,,400.0,E221,1,TIKTAALIK,10.0,384 well plate Grainer,,,2026-03-10,50,,P6,,,1.04899271890766580,419.59708756306630
I8,9.0,I,9,8,,,,,,,E221,1,TIKTAALIK,,384 well plate Grainer,,,2026-03-10,50,,P6,,,-0.22656620306856870,
I9,10.0,I,9,9,,,,,,,E221,1,TIKTAALIK,,384 well plate Grainer,,,2026-03-10,50,,P6,,,-0.20631923605307290,
I10,8.0,I,9,10,,,,,,,E221,1,TIKTAALIK,,384 well plate Grainer,,,2026-03-10,50,,P6,,,-0.24681317008406448,
I11,8.0,I,9,11,,,,,,,E221,1,TIKTAALIK,,384 well plate Grainer,,,2026-03-10,50,,P6,,,-0.24681317008406448,
I12,10.0,I,9,12,,,,,,,E221,1,TIKTAALIK,,384 well plate Grainer,,,2026-03-10,50,,P6,,,-0.20631923605307290,
I13,9.0,I,9,13,,,,,,,E221,1,TIKTAALIK,,384 well plate Grainer,,,2026-03-10,50,,P6,,,-0.22656620306856870,
I14,10.0,I,9,14,,,,,,,E221,1,TIKTAALIK,,384 well plate Grainer,,,2026-03-10,50,,P6,,,-0.20631923605307290,
I15,7.0,I,9,15,,,,,,,E221,1,TIKTAALIK,,384 well plate Grainer,,,2026-03-10,50,,P6,,,-0.26706013709956020,
I16,10.0,I,9,16,,,,,,,E221,1,TIKTAALIK,,384 well plate Grainer,,,2026-03-10,50,,P6,,,-0.20631923605307290,
I17,6.0,I,9,17,,,,,,,E221,1,TIKTAALIK,,384 well plate Grainer,,,2026-03-10,50,,P6,,,-0.28730710411505606,
I18,9.0,I,9,18,,,,,,,E221,1,TIKTAALIK,,384 well plate Grainer,,,2026-03-10,50,,P6,,,-0.22656620306856870,
I19,9.0,I,9,19,,,,,,,E221,1,TIKTAALIK,,384 well plate Grainer,,,2026-03-10,50,,P6,,,-0.22656620306856870,
I20,9.0,I,9,20,,,,,,,E221,1,TIKTAALIK,,384 well plate Grainer,,,2026-03-10,50,,P6,,,-0.22656620306856870,
I21,8.0,I,9,21,,,,,,,E221,1,TIKTAALIK,,384 well plate Grainer,,,2026-03-10,50,,P6,,,-0.24681317008406448,
I22,8.0,I,9,22,,,,,,,E221,1,TIKTAALIK,,384 well plate Grainer,,,2026-03-10,50,,P6,,,-0.24681317008406448,
I23,8.0,I,9,23,,,,,,,E221,1,TIKTAALIK,,384 well plate Grainer,,,2026-03-10,50,,P6,,,-0.24681317008406448,
I24,841.0,I,9,24,Standard - 5,Standard - 5,,,16.0,1.0,E221,1,TIKTAALIK,,384 well plate Grainer,,,2026-03-10,50,,P6,Standard - 5,,16.61891035382392400,16.61891035382392
J1,8.0,J,10,1,,,,,,,E221,1,TIKTAALIK,,384 well plate Grainer,,,2026-03-10,50,,P6,,,-0.24681317008406448,
J2,9.0,J,10,2,,,,,,,E221,1,TIKTAALIK,,384 well plate Grainer,,,2026-03-10,50,,P6,,,-0.22656620306856870,
J3,8.0,J,10,3,,,,,,,E221,1,TIKTAALIK,,384 well plate Grainer,,,2026-03-10,50,,P6,,,-0.24681317008406448,
J4,8.0,J,10,4,,,,,,,E221,1,TIKTAALIK,,384 well plate Grainer,,,2026-03-10,50,,P6,,,-0.24681317008406448,
J5,9.0,J,10,5,,,,,,,E221,1,TIKTAALIK,,384 well plate Grainer,,,2026-03-10,50,,P6,,,-0.22656620306856870,
J6,8.0,J,10,6,,,,,,,E221,1,TIKTAALIK,,384 well plate Grainer,,,2026-03-10,50,,P6,,,-0.24681317008406448,
J7,7.0,J,10,7,,,,,,,E221,1,TIKTAALIK,,384 well plate Grainer,,,2026-03-10,50,,P6,,,-0.26706013709956020,
J8,8.0,J,10,8,,,,,,,E221,1,TIKTAALIK,,384 well plate Grainer,,,2026-03-10,50,,P6,,,-0.24681317008406448,
J9,9.0,J,10,9,,,,,,,E221,1,TIKTAALIK,,384 well plate Grainer,,,2026-03-10,50,,P6,,,-0.22656620306856870,
J10,12.0,J,10,10,,,,,,,E221,1,TIKTAALIK,,384 well plate Grainer,,,2026-03-10,50,,P6,,,-0.16582530202208134,
J11,10.0,J,10,11,,,,,,,E221,1,TIKTAALIK,,384 well plate Grainer,,,2026-03-10,50,,P6,,,-0.20631923605307290,
J12,8.0,J,10,12,,,,,,,E221,1,TIKTAALIK,,384 well plate Grainer,,,2026-03-10,50,,P6,,,-0.24681317008406448,
J13,8.0,J,10,13,,,,,,,E221,1,TIKTAALIK,,384 well plate Grainer,,,2026-03-10,50,,P6,,,-0.24681317008406448,
J14,10.0,J,10,14,,,,,,,E221,1,TIKTAALIK,,384 well plate Grainer,,,2026-03-10,50,,P6,,,-0.20631923605307290,
J15,9.0,J,10,15,,,,,,,E221,1,TIKTAALIK,,384 well plate Grainer,,,2026-03-10,50,,P6,,,-0.22656620306856870,
J16,10.0,J,10,16,,,,,,,E221,1,TIKTAALIK,,384 well plate Grainer,,,2026-03-10,50,,P6,,,-0.20631923605307290,
J17,10.0,J,10,17,,,,,,,E221,1,TIKTAALIK,,384 well plate Grainer,,,2026-03-10,50,,P6,,,-0.20631923605307290,
J18,10.0,J,10,18,,,,,,,E221,1,TIKTAALIK,,384 well plate Grainer,,,2026-03-10,50,,P6,,,-0.20631923605307290,
J19,11.0,J,10,19,,,,,,,E221,1,TIKTAALIK,,384 well plate Grainer,,,2026-03-10,50,,P6,,,-0.18607226903757712,
J20,10.0,J,10,20,,,,,,,E221,1,TIKTAALIK,,384 well plate Grainer,,,2026-03-10,50,,P6,,,-0.20631923605307290,
J21,9.0,J,10,21,,,,,,,E221,1,TIKTAALIK,,384 well plate Grainer,,,2026-03-10,50,,P6,,,-0.22656620306856870,
J22,8.0,J,10,22,,,,,,,E221,1,TIKTAALIK,,384 well plate Grainer,,,2026-03-10,50,,P6,,,-0.24681317008406448,
J23,10.0,J,10,23,,,,,,,E221,1,TIKTAALIK,,384 well plate Grainer,,,2026-03-10,50,,P6,,,-0.20631923605307290,
J24,846.0,J,10,24,Standard - 5,Standard - 5,,,16.0,1.0,E221,1,TIKTAALIK,,384 well plate Grainer,,,2026-03-10,50,,P6,Standard - 5,,16.72014518890140500,16.72014518890141
K1,383.0,K,11,1,kingfisher_Ready96_plasmid,kingfisher_Ready96,21-L,MMC_23,,200.0,E221,1,TIKTAALIK,20.0,384 well plate Grainer,m9134733,plasmid,2026-03-10,50,,P6,kingfisher,Ready96,7.34579946072685500,1469.15989214537100
K2,459.0,K,11,2,kingfisher_Ready96_linear,kingfisher_Ready96,21-L,MMC_23,,200.0,E221,1,TIKTAALIK,20.0,384 well plate Grainer,m9229555,linear,2026-03-10,50,,P6,kingfisher,Ready96,8.88456895390453600,1776.91379078090720
K3,131.0,K,11,3,spike-in,,spike-in,spike-in,,200.0,E221,1,TIKTAALIK,10.0,384 well plate Grainer,,,2026-03-10,50,,P6,,,2.24356377282191700,448.71275456438343
K4,9.0,K,11,4,,,,,,,E221,1,TIKTAALIK,,384 well plate Grainer,,,2026-03-10,50,,P6,,,-0.22656620306856870,
K5,201.0,K,11,5,kingfisher_Ready96_plasmid,kingfisher_Ready96,21-L,MMC_23,,400.0,E221,1,TIKTAALIK,20.0,384 well plate Grainer,m9134733,plasmid,2026-03-10,50,,P6,kingfisher,Ready96,3.66085146390662250,1464.34058556264900
K6,236.0,K,11,6,kingfisher_Ready96_linear,kingfisher_Ready96,21-L,MMC_23,,400.0,E221,1,TIKTAALIK,20.0,384 well plate Grainer,m9229555,linear,2026-03-10,50,,P6,kingfisher,Ready96,4.36949530944897500,1747.79812377958980
K7,71.0,K,11,7,spike-in,,spike-in,spike-in,,400.0,E221,1,TIKTAALIK,10.0,384 well plate Grainer,,,2026-03-10,50,,P6,,,1.02874575189217000,411.49830075686805
K8,8.0,K,11,8,,,,,,,E221,1,TIKTAALIK,,384 well plate Grainer,,,2026-03-10,50,,P6,,,-0.24681317008406448,
K9,8.0,K,11,9,,,,,,,E221,1,TIKTAALIK,,384 well plate Grainer,,,2026-03-10,50,,P6,,,-0.24681317008406448,
K10,9.0,K,11,10,,,,,,,E221,1,TIKTAALIK,,384 well plate Grainer,,,2026-03-10,50,,P6,,,-0.22656620306856870,
K11,8.0,K,11,11,,,,,,,E221,1,TIKTAALIK,,384 well plate Grainer,,,2026-03-10,50,,P6,,,-0.24681317008406448,
K12,10.0,K,11,12,,,,,,,E221,1,TIKTAALIK,,384 well plate Grainer,,,2026-03-10,50,,P6,,,-0.20631923605307290,
K13,8.0,K,11,13,,,,,,,E221,1,TIKTAALIK,,384 well plate Grainer,,,2026-03-10,50,,P6,,,-0.24681317008406448,
K14,10.0,K,11,14,,,,,,,E221,1,TIKTAALIK,,384 well plate Grainer,,,2026-03-10,50,,P6,,,-0.20631923605307290,
K15,7.0,K,11,15,,,,,,,E221,1,TIKTAALIK,,384 well plate Grainer,,,2026-03-10,50,,P6,,,-0.26706013709956020,
K16,9.0,K,11,16,,,,,,,E221,1,TIKTAALIK,,384 well plate Grainer,,,2026-03-10,50,,P6,,,-0.22656620306856870,
K17,11.0,K,11,17,,,,,,,E221,1,TIKTAALIK,,384 well plate Grainer,,,2026-03-10,50,,P6,,,-0.18607226903757712,
K18,9.0,K,11,18,,,,,,,E221,1,TIKTAALIK,,384 well plate Grainer,,,2026-03-10,50,,P6,,,-0.22656620306856870,
K19,9.0,K,11,19,,,,,,,E221,1,TIKTAALIK,,384 well plate Grainer,,,2026-03-10,50,,P6,,,-0.22656620306856870,
K20,9.0,K,11,20,,,,,,,E221,1,TIKTAALIK,,384 well plate Grainer,,,2026-03-10,50,,P6,,,-0.22656620306856870,
K21,13.0,K,11,21,,,,,,,E221,1,TIKTAALIK,,384 well plate Grainer,,,2026-03-10,50,,P6,,,-0.14557833500658557,
K22,10.0,K,11,22,,,,,,,E221,1,TIKTAALIK,,384 well plate Grainer,,,2026-03-10,50,,P6,,,-0.20631923605307290,
K23,8.0,K,11,23,,,,,,,E221,1,TIKTAALIK,,384 well plate Grainer,,,2026-03-10,50,,P6,,,-0.24681317008406448,
K24,1975.0,K,11,24,Standard - 6,Standard - 6,,,32.0,1.0,E221,1,TIKTAALIK,,384 well plate Grainer,,,2026-03-10,50,,P6,Standard - 6,,39.57897094939614400,39.57897094939614
L1,9.0,L,12,1,,,,,,,E221,1,TIKTAALIK,,384 well plate Grainer,,,2026-03-10,50,,P6,,,-0.22656620306856870,
L2,8.0,L,12,2,,,,,,,E221,1,TIKTAALIK,,384 well plate Grainer,,,2026-03-10,50,,P6,,,-0.24681317008406448,
L3,9.0,L,12,3,,,,,,,E221,1,TIKTAALIK,,384 well plate Grainer,,,2026-03-10,50,,P6,,,-0.22656620306856870,
L4,8.0,L,12,4,,,,,,,E221,1,TIKTAALIK,,384 well plate Grainer,,,2026-03-10,50,,P6,,,-0.24681317008406448,
L5,9.0,L,12,5,,,,,,,E221,1,TIKTAALIK,,384 well plate Grainer,,,2026-03-10,50,,P6,,,-0.22656620306856870,
L6,9.0,L,12,6,,,,,,,E221,1,TIKTAALIK,,384 well plate Grainer,,,2026-03-10,50,,P6,,,-0.22656620306856870,
L7,7.0,L,12,7,,,,,,,E221,1,TIKTAALIK,,384 well plate Grainer,,,2026-03-10,50,,P6,,,-0.26706013709956020,
L8,10.0,L,12,8,,,,,,,E221,1,TIKTAALIK,,384 well plate Grainer,,,2026-03-10,50,,P6,,,-0.20631923605307290,
L9,9.0,L,12,9,,,,,,,E221,1,TIKTAALIK,,384 well plate Grainer,,,2026-03-10,50,,P6,,,-0.22656620306856870,
L10,9.0,L,12,10,,,,,,,E221,1,TIKTAALIK,,384 well plate Grainer,,,2026-03-10,50,,P6,,,-0.22656620306856870,
L11,9.0,L,12,11,,,,,,,E221,1,TIKTAALIK,,384 well plate Grainer,,,2026-03-10,50,,P6,,,-0.22656620306856870,
L12,8.0,L,12,12,,,,,,,E221,1,TIKTAALIK,,384 well plate Grainer,,,2026-03-10,50,,P6,,,-0.24681317008406448,
L13,10.0,L,12,13,,,,,,,E221,1,TIKTAALIK,,384 well plate Grainer,,,2026-03-10,50,,P6,,,-0.20631923605307290,
L14,9.0,L,12,14,,,,,,,E221,1,TIKTAALIK,,384 well plate Grainer,,,2026-03-10,50,,P6,,,-0.22656620306856870,
L15,8.0,L,12,15,,,,,,,E221,1,TIKTAALIK,,384 well plate Grainer,,,2026-03-10,50,,P6,,,-0.24681317008406448,
L16,8.0,L,12,16,,,,,,,E221,1,TIKTAALIK,,384 well plate Grainer,,,2026-03-10,50,,P6,,,-0.24681317008406448,
L17,9.0,L,12,17,,,,,,,E221,1,TIKTAALIK,,384 well plate Grainer,,,2026-03-10,50,,P6,,,-0.22656620306856870,
L18,9.0,L,12,18,,,,,,,E221,1,TIKTAALIK,,384 well plate Grainer,,,2026-03-10,50,,P6,,,-0.22656620306856870,
L19,10.0,L,12,19,,,,,,,E221,1,TIKTAALIK,,384 well plate Grainer,,,2026-03-10,50,,P6,,,-0.20631923605307290,
L20,10.0,L,12,20,,,,,,,E221,1,TIKTAALIK,,384 well plate Grainer,,,2026-03-10,50,,P6,,,-0.20631923605307290,
L21,11.0,L,12,21,,,,,,,E221,1,TIKTAALIK,,384 well plate Grainer,,,2026-03-10,50,,P6,,,-0.18607226903757712,
L22,8.0,L,12,22,,,,,,,E221,1,TIKTAALIK,,384 well plate Grainer,,,2026-03-10,50,,P6,,,-0.24681317008406448,
L23,7.0,L,12,23,,,,,,,E221,1,TIKTAALIK,,384 well plate Grainer,,,2026-03-10,50,,P6,,,-0.26706013709956020,
L24,1624.0,L,12,24,Standard - 6,Standard - 6,,,32.0,1.0,E221,1,TIKTAALIK,,384 well plate Grainer,,,2026-03-10,50,,P6,Standard - 6,,32.47228552695713000,32.47228552695713
M1,485.0,M,13,1,kingfisher_Ready96_plasmid,kingfisher_Ready96,21-L,MMC_23,,200.0,E221,1,TIKTAALIK,20.0,384 well plate Grainer,m9134733,plasmid,2026-03-10,50,,P6,kingfisher,Ready96,9.41099009630742600,1882.19801926148510
M2,470.0,M,13,2,kingfisher_Ready96_linear,kingfisher_Ready96,21-L,MMC_23,,200.0,E221,1,TIKTAALIK,20.0,384 well plate Grainer,m9229555,linear,2026-03-10,50,,P6,kingfisher,Ready96,9.10728559107498900,1821.45711821499780
M3,138.0,M,13,3,spike-in,,spike-in,spike-in,,200.0,E221,1,TIKTAALIK,10.0,384 well plate Grainer,,,2026-03-10,50,,P6,,,2.38529254193038800,477.05850838607756
M4,11.0,M,13,4,,,,,,,E221,1,TIKTAALIK,,384 well plate Grainer,,,2026-03-10,50,,P6,,,-0.18607226903757712,
M5,268.0,M,13,5,kingfisher_Ready96_plasmid,kingfisher_Ready96,21-L,MMC_23,,400.0,E221,1,TIKTAALIK,20.0,384 well plate Grainer,m9134733,plasmid,2026-03-10,50,,P6,kingfisher,Ready96,5.01739825394484000,2006.95930157793600
M6,223.0,M,13,6,kingfisher_Ready96_linear,kingfisher_Ready96,21-L,MMC_23,,400.0,E221,1,TIKTAALIK,20.0,384 well plate Grainer,m9229555,linear,2026-03-10,50,,P6,kingfisher,Ready96,4.10628473824752900,1642.51389529901170
M7,68.0,M,13,7,spike-in,,spike-in,spike-in,,400.0,E221,1,TIKTAALIK,10.0,384 well plate Grainer,,,2026-03-10,50,,P6,,,0.96800485084568270,387.20194033827306
M8,9.0,M,13,8,,,,,,,E221,1,TIKTAALIK,,384 well plate Grainer,,,2026-03-10,50,,P6,,,-0.22656620306856870,
M9,10.0,M,13,9,,,,,,,E221,1,TIKTAALIK,,384 well plate Grainer,,,2026-03-10,50,,P6,,,-0.20631923605307290,
M10,9.0,M,13,10,,,,,,,E221,1,TIKTAALIK,,384 well plate Grainer,,,2026-03-10,50,,P6,,,-0.22656620306856870,
M11,6.0,M,13,11,,,,,,,E221,1,TIKTAALIK,,384 well plate Grainer,,,2026-03-10,50,,P6,,,-0.28730710411505606,
M12,8.0,M,13,12,,,,,,,E221,1,TIKTAALIK,,384 well plate Grainer,,,2026-03-10,50,,P6,,,-0.24681317008406448,
M13,13.0,M,13,13,,,,,,,E221,1,TIKTAALIK,,384 well plate Grainer,,,2026-03-10,50,,P6,,,-0.14557833500658557,
M14,9.0,M,13,14,,,,,,,E221,1,TIKTAALIK,,384 well plate Grainer,,,2026-03-10,50,,P6,,,-0.22656620306856870,
M15,8.0,M,13,15,,,,,,,E221,1,TIKTAALIK,,384 well plate Grainer,,,2026-03-10,50,,P6,,,-0.24681317008406448,
M16,9.0,M,13,16,,,,,,,E221,1,TIKTAALIK,,384 well plate Grainer,,,2026-03-10,50,,P6,,,-0.22656620306856870,
M17,9.0,M,13,17,,,,,,,E221,1,TIKTAALIK,,384 well plate Grainer,,,2026-03-10,50,,P6,,,-0.22656620306856870,
M18,8.0,M,13,18,,,,,,,E221,1,TIKTAALIK,,384 well plate Grainer,,,2026-03-10,50,,P6,,,-0.24681317008406448,
M19,7.0,M,13,19,,,,,,,E221,1,TIKTAALIK,,384 well plate Grainer,,,2026-03-10,50,,P6,,,-0.26706013709956020,
M20,9.0,M,13,20,,,,,,,E221,1,TIKTAALIK,,384 well plate Grainer,,,2026-03-10,50,,P6,,,-0.22656620306856870,
M21,9.0,M,13,21,,,,,,,E221,1,TIKTAALIK,,384 well plate Grainer,,,2026-03-10,50,,P6,,,-0.22656620306856870,
M22,9.0,M,13,22,,,,,,,E221,1,TIKTAALIK,,384 well plate Grainer,,,2026-03-10,50,,P6,,,-0.22656620306856870,
M23,10.0,M,13,23,,,,,,,E221,1,TIKTAALIK,,384 well plate Grainer,,,2026-03-10,50,,P6,,,-0.20631923605307290,
M24,3190.0,M,13,24,Standard - 7,Standard - 7,,,64.0,1.0,E221,1,TIKTAALIK,,384 well plate Grainer,,,2026-03-10,50,,P6,Standard - 7,,64.17903587322353000,64.17903587322353
N1,10.0,N,14,1,,,,,,,E221,1,TIKTAALIK,,384 well plate Grainer,,,2026-03-10,50,,P6,,,-0.20631923605307290,
N2,8.0,N,14,2,,,,,,,E221,1,TIKTAALIK,,384 well plate Grainer,,,2026-03-10,50,,P6,,,-0.24681317008406448,
N3,7.0,N,14,3,,,,,,,E221,1,TIKTAALIK,,384 well plate Grainer,,,2026-03-10,50,,P6,,,-0.26706013709956020,
N4,8.0,N,14,4,,,,,,,E221,1,TIKTAALIK,,384 well plate Grainer,,,2026-03-10,50,,P6,,,-0.24681317008406448,
N5,8.0,N,14,5,,,,,,,E221,1,TIKTAALIK,,384 well plate Grainer,,,2026-03-10,50,,P6,,,-0.24681317008406448,
N6,8.0,N,14,6,,,,,,,E221,1,TIKTAALIK,,384 well plate Grainer,,,2026-03-10,50,,P6,,,-0.24681317008406448,
N7,6.0,N,14,7,,,,,,,E221,1,TIKTAALIK,,384 well plate Grainer,,,2026-03-10,50,,P6,,,-0.28730710411505606,
N8,8.0,N,14,8,,,,,,,E221,1,TIKTAALIK,,384 well plate Grainer,,,2026-03-10,50,,P6,,,-0.24681317008406448,
N9,9.0,N,14,9,,,,,,,E221,1,TIKTAALIK,,384 well plate Grainer,,,2026-03-10,50,,P6,,,-0.22656620306856870,
N10,12.0,N,14,10,,,,,,,E221,1,TIKTAALIK,,384 well plate Grainer,,,2026-03-10,50,,P6,,,-0.16582530202208134,
N11,11.0,N,14,11,,,,,,,E221,1,TIKTAALIK,,384 well plate Grainer,,,2026-03-10,50,,P6,,,-0.18607226903757712,
N12,8.0,N,14,12,,,,,,,E221,1,TIKTAALIK,,384 well plate Grainer,,,2026-03-10,50,,P6,,,-0.24681317008406448,
N13,8.0,N,14,13,,,,,,,E221,1,TIKTAALIK,,384 well plate Grainer,,,2026-03-10,50,,P6,,,-0.24681317008406448,
N14,9.0,N,14,14,,,,,,,E221,1,TIKTAALIK,,384 well plate Grainer,,,2026-03-10,50,,P6,,,-0.22656620306856870,
N15,10.0,N,14,15,,,,,,,E221,1,TIKTAALIK,,384 well plate Grainer,,,2026-03-10,50,,P6,,,-0.20631923605307290,
N16,10.0,N,14,16,,,,,,,E221,1,TIKTAALIK,,384 well plate Grainer,,,2026-03-10,50,,P6,,,-0.20631923605307290,
N17,8.0,N,14,17,,,,,,,E221,1,TIKTAALIK,,384 well plate Grainer,,,2026-03-10,50,,P6,,,-0.24681317008406448,
N18,10.0,N,14,18,,,,,,,E221,1,TIKTAALIK,,384 well plate Grainer,,,2026-03-10,50,,P6,,,-0.20631923605307290,
N19,9.0,N,14,19,,,,,,,E221,1,TIKTAALIK,,384 well plate Grainer,,,2026-03-10,50,,P6,,,-0.22656620306856870,
N20,10.0,N,14,20,,,,,,,E221,1,TIKTAALIK,,384 well plate Grainer,,,2026-03-10,50,,P6,,,-0.20631923605307290,
N21,9.0,N,14,21,,,,,,,E221,1,TIKTAALIK,,384 well plate Grainer,,,2026-03-10,50,,P6,,,-0.22656620306856870,
N22,11.0,N,14,22,,,,,,,E221,1,TIKTAALIK,,384 well plate Grainer,,,2026-03-10,50,,P6,,,-0.18607226903757712,
N23,10.0,N,14,23,,,,,,,E221,1,TIKTAALIK,,384 well plate Grainer,,,2026-03-10,50,,P6,,,-0.20631923605307290,
N24,3087.0,N,14,24,Standard - 7,Standard - 7,,,64.0,1.0,E221,1,TIKTAALIK,,384 well plate Grainer,,,2026-03-10,50,,P6,Standard - 7,,62.09359827062746000,62.09359827062746
O1,470.0,O,15,1,kingfisher_Ready96_plasmid,kingfisher_Ready96,21-L,MMC_23,,200.0,E221,1,TIKTAALIK,20.0,384 well plate Grainer,m9134733,plasmid,2026-03-10,50,,P6,kingfisher,Ready96,9.10728559107498900,1821.45711821499780
O2,450.0,O,15,2,kingfisher_Ready96_linear,kingfisher_Ready96,21-L,MMC_23,,200.0,E221,1,TIKTAALIK,20.0,384 well plate Grainer,m9229555,linear,2026-03-10,50,,P6,kingfisher,Ready96,8.70234625076507300,1740.46925015301460
O3,138.0,O,15,3,spike-in,,spike-in,spike-in,,200.0,E221,1,TIKTAALIK,10.0,384 well plate Grainer,,,2026-03-10,50,,P6,,,2.38529254193038800,477.05850838607756
O4,9.0,O,15,4,,,,,,,E221,1,TIKTAALIK,,384 well plate Grainer,,,2026-03-10,50,,P6,,,-0.22656620306856870,
O5,261.0,O,15,5,kingfisher_Ready96_plasmid,kingfisher_Ready96,21-L,MMC_23,,400.0,E221,1,TIKTAALIK,20.0,384 well plate Grainer,m9134733,plasmid,2026-03-10,50,,P6,kingfisher,Ready96,4.87566948483636950,1950.26779393454790
O6,222.0,O,15,6,kingfisher_Ready96_linear,kingfisher_Ready96,21-L,MMC_23,,400.0,E221,1,TIKTAALIK,20.0,384 well plate Grainer,m9229555,linear,2026-03-10,50,,P6,kingfisher,Ready96,4.08603777123203400,1634.41510849281350
O7,73.0,O,15,7,spike-in,,spike-in,spike-in,,400.0,E221,1,TIKTAALIK,10.0,384 well plate Grainer,,,2026-03-10,50,,P6,,,1.06923968592316170,427.69587436926470
O8,9.0,O,15,8,,,,,,,E221,1,TIKTAALIK,,384 well plate Grainer,,,2026-03-10,50,,P6,,,-0.22656620306856870,
O9,8.0,O,15,9,,,,,,,E221,1,TIKTAALIK,,384 well plate Grainer,,,2026-03-10,50,,P6,,,-0.24681317008406448,
O10,9.0,O,15,10,,,,,,,E221,1,TIKTAALIK,,384 well plate Grainer,,,2026-03-10,50,,P6,,,-0.22656620306856870,
O11,10.0,O,15,11,,,,,,,E221,1,TIKTAALIK,,384 well plate Grainer,,,2026-03-10,50,,P6,,,-0.20631923605307290,
O12,8.0,O,15,12,,,,,,,E221,1,TIKTAALIK,,384 well plate Grainer,,,2026-03-10,50,,P6,,,-0.24681317008406448,
O13,10.0,O,15,13,,,,,,,E221,1,TIKTAALIK,,384 well plate Grainer,,,2026-03-10,50,,P6,,,-0.20631923605307290,
O14,9.0,O,15,14,,,,,,,E221,1,TIKTAALIK,,384 well plate Grainer,,,2026-03-10,50,,P6,,,-0.22656620306856870,
O15,11.0,O,15,15,,,,,,,E221,1,TIKTAALIK,,384 well plate Grainer,,,2026-03-10,50,,P6,,,-0.18607226903757712,
O16,10.0,O,15,16,,,,,,,E221,1,TIKTAALIK,,384 well plate Grainer,,,2026-03-10,50,,P6,,,-0.20631923605307290,
O17,10.0,O,15,17,,,,,,,E221,1,TIKTAALIK,,384 well plate Grainer,,,2026-03-10,50,,P6,,,-0.20631923605307290,
O18,7.0,O,15,18,,,,,,,E221,1,TIKTAALIK,,384 well plate Grainer,,,2026-03-10,50,,P6,,,-0.26706013709956020,
O19,8.0,O,15,19,,,,,,,E221,1,TIKTAALIK,,384 well plate Grainer,,,2026-03-10,50,,P6,,,-0.24681317008406448,
O20,8.0,O,15,20,,,,,,,E221,1,TIKTAALIK,,384 well plate Grainer,,,2026-03-10,50,,P6,,,-0.24681317008406448,
O21,7.0,O,15,21,,,,,,,E221,1,TIKTAALIK,,384 well plate Grainer,,,2026-03-10,50,,P6,,,-0.26706013709956020,
O22,9.0,O,15,22,,,,,,,E221,1,TIKTAALIK,,384 well plate Grainer,,,2026-03-10,50,,P6,,,-0.22656620306856870,
O23,9.0,O,15,23,,,,,,,E221,1,TIKTAALIK,,384 well plate Grainer,,,2026-03-10,50,,P6,,,-0.22656620306856870,
O24,6306.0,O,15,24,Standard - 8,Standard - 8,,,128.0,1.0,E221,1,TIKTAALIK,,384 well plate Grainer,,,2026-03-10,50,,P6,Standard - 8,,127.26858509350839000,127.26858509350839
P1,9.0,P,16,1,,,,,,,E221,1,TIKTAALIK,,384 well plate Grainer,,,2026-03-10,50,,P6,,,-0.22656620306856870,
P2,10.0,P,16,2,,,,,,,E221,1,TIKTAALIK,,384 well plate Grainer,,,2026-03-10,50,,P6,,,-0.20631923605307290,
P3,9.0,P,16,3,,,,,,,E221,1,TIKTAALIK,,384 well plate Grainer,,,2026-03-10,50,,P6,,,-0.22656620306856870,
P4,10.0,P,16,4,,,,,,,E221,1,TIKTAALIK,,384 well plate Grainer,,,2026-03-10,50,,P6,,,-0.20631923605307290,
P5,7.0,P,16,5,,,,,,,E221,1,TIKTAALIK,,384 well plate Grainer,,,2026-03-10,50,,P6,,,-0.26706013709956020,
P6,8.0,P,16,6,,,,,,,E221,1,TIKTAALIK,,384 well plate Grainer,,,2026-03-10,50,,P6,,,-0.24681317008406448,
P7,7.0,P,16,7,,,,,,,E221,1,TIKTAALIK,,384 well plate Grainer,,,2026-03-10,50,,P6,,,-0.26706013709956020,
P8,9.0,P,16,8,,,,,,,E221,1,TIKTAALIK,,384 well plate Grainer,,,2026-03-10,50,,P6,,,-0.22656620306856870,
P9,8.0,P,16,9,,,,,,,E221,1,TIKTAALIK,,384 well plate Grainer,,,2026-03-10,50,,P6,,,-0.24681317008406448,
P10,8.0,P,16,10,,,,,,,E221,1,TIKTAALIK,,384 well plate Grainer,,,2026-03-10,50,,P6,,,-0.24681317008406448,
P11,11.0,P,16,11,,,,,,,E221,1,TIKTAALIK,,384 well plate Grainer,,,2026-03-10,50,,P6,,,-0.18607226903757712,
P12,6.0,P,16,12,,,,,,,E221,1,TIKTAALIK,,384 well plate Grainer,,,2026-03-10,50,,P6,,,-0.28730710411505606,
P13,7.0,P,16,13,,,,,,,E221,1,TIKTAALIK,,384 well plate Grainer,,,2026-03-10,50,,P6,,,-0.26706013709956020,
P14,8.0,P,16,14,,,,,,,E221,1,TIKTAALIK,,384 well plate Grainer,,,2026-03-10,50,,P6,,,-0.24681317008406448,
P15,7.0,P,16,15,,,,,,,E221,1,TIKTAALIK,,384 well plate Grainer,,,2026-03-10,50,,P6,,,-0.26706013709956020,
P16,9.0,P,16,16,,,,,,,E221,1,TIKTAALIK,,384 well plate Grainer,,,2026-03-10,50,,P6,,,-0.22656620306856870,
P17,8.0,P,16,17,,,,,,,E221,1,TIKTAALIK,,384 well plate Grainer,,,2026-03-10,50,,P6,,,-0.24681317008406448,
P18,6.0,P,16,18,,,,,,,E221,1,TIKTAALIK,,384 well plate Grainer,,,2026-03-10,50,,P6,,,-0.28730710411505606,
P19,8.0,P,16,19,,,,,,,E221,1,TIKTAALIK,,384 well plate Grainer,,,2026-03-10,50,,P6,,,-0.24681317008406448,
P20,8.0,P,16,20,,,,,,,E221,1,TIKTAALIK,,384 well plate Grainer,,,2026-03-10,50,,P6,,,-0.24681317008406448,
P21,9.0,P,16,21,,,,,,,E221,1,TIKTAALIK,,384 well plate Grainer,,,2026-03-10,50,,P6,,,-0.22656620306856870,
P22,9.0,P,16,22,,,,,,,E221,1,TIKTAALIK,,384 well plate Grainer,,,2026-03-10,50,,P6,,,-0.22656620306856870,
P23,9.0,P,16,23,,,,,,,E221,1,TIKTAALIK,,384 well plate Grainer,,,2026-03-10,50,,P6,,,-0.22656620306856870,
P24,6293.0,P,16,24,Standard - 8,Standard - 8,,,128.0,1.0,E221,1,TIKTAALIK,,384 well plate Grainer,,,2026-03-10,50,,P6,Standard - 8,,127.00537452230695000,127.00537452230695
A1,544.0,A,1,1,22-L_plasmid,384_Premium,22-L,MMC_25,,200.0,E227,1,TIKTAALIK,10.0,384 well plate Grainer,m9134733,plasmid,2026-03-10,50,,P6,384,Premium,10.69456880216986300,2138.91376043397260
A2,531.0,A,1,2,22-L_plasmid,384_Premium,22-L,MMC_25,,200.0,E227,1,TIKTAALIK,10.0,384 well plate Grainer,m9134733,plasmid,2026-03-10,50,,P6,384,Premium,10.45267950940378100,2090.53590188075620
A3,594.0,A,1,3,22-L_plasmid,384_Premium,22-L,MMC_25,,200.0,E227,1,TIKTAALIK,10.0,384 well plate Grainer,m9134733,plasmid,2026-03-10,50,,P6,384,Premium,11.62491223588556700,2324.98244717711350
A4,710.0,A,1,4,22-L_plasmid,384_Premium,22-L,MMC_25,,200.0,E227,1,TIKTAALIK,10.0,384 well plate Grainer,m9134733,plasmid,2026-03-10,50,,P6,384,Premium,13.78330900210600000,2756.66180042120000
A5,8.0,A,1,5,,,,,,,E227,1,TIKTAALIK,,384 well plate Grainer,,,2026-03-10,50,,P6,,,0.72128719273752150,
A6,286.0,A,1,6,22-L_plasmid,384_Premium,22-L,MMC_25,,400.0,E227,1,TIKTAALIK,10.0,384 well plate Grainer,m9134733,plasmid,2026-03-10,50,,P6,384,Premium,5.89399668419683400,2357.59867367873360
A7,265.0,A,1,7,22-L_plasmid,384_Premium,22-L,MMC_25,,400.0,E227,1,TIKTAALIK,10.0,384 well plate Grainer,m9134733,plasmid,2026-03-10,50,,P6,384,Premium,5.50325244203623800,2201.30097681449520
A8,336.0,A,1,8,22-L_plasmid,384_Premium,22-L,MMC_25,,400.0,E227,1,TIKTAALIK,10.0,384 well plate Grainer,m9134733,plasmid,2026-03-10,50,,P6,384,Premium,6.82434011791253700,2729.73604716501500
A9,368.0,A,1,9,22-L_plasmid,384_Premium,22-L,MMC_25,,400.0,E227,1,TIKTAALIK,10.0,384 well plate Grainer,m9134733,plasmid,2026-03-10,50,,P6,384,Premium,7.41975991549058700,2967.90396619623500
A10,9.0,A,1,10,,,,,,,E227,1,TIKTAALIK,,384 well plate Grainer,,,2026-03-10,50,,P6,,,0.73989406141183560,
A11,1476.0,A,1,11,spike-in,spike-in,spike-in,spike-in,,20.0,E227,1,TIKTAALIK,10.0,384 well plate Grainer,,,2026-03-10,50,,P6,spike-in,,28.03617040663058000,560.72340813261160
A12,1265.0,A,1,12,spike-in,spike-in,spike-in,spike-in,,20.0,E227,1,TIKTAALIK,10.0,384 well plate Grainer,,,2026-03-10,50,,P6,spike-in,,24.11012111635031000,482.20242232700620
A13,1446.0,A,1,13,spike-in,spike-in,spike-in,spike-in,,20.0,E227,1,TIKTAALIK,10.0,384 well plate Grainer,,,2026-03-10,50,,P6,spike-in,,27.47796434640116000,549.55928692802320
A14,1358.0,A,1,14,spike-in,spike-in,spike-in,spike-in,,20.0,E227,1,TIKTAALIK,10.0,384 well plate Grainer,,,2026-03-10,50,,P6,spike-in,,25.84055990306151800,516.81119806123040
A15,9.0,A,1,15,,,,,,,E227,1,TIKTAALIK,,384 well plate Grainer,,,2026-03-10,50,,P6,,,0.73989406141183560,
A16,9.0,A,1,16,,,,,,,E227,1,TIKTAALIK,,384 well plate Grainer,,,2026-03-10,50,,P6,,,0.73989406141183560,
A17,9.0,A,1,17,,,,,,,E227,1,TIKTAALIK,,384 well plate Grainer,,,2026-03-10,50,,P6,,,0.73989406141183560,
A18,9.0,A,1,18,,,,,,,E227,1,TIKTAALIK,,384 well plate Grainer,,,2026-03-10,50,,P6,,,0.73989406141183560,
A19,9.0,A,1,19,,,,,,,E227,1,TIKTAALIK,,384 well plate Grainer,,,2026-03-10,50,,P6,,,0.73989406141183560,
A20,8.0,A,1,20,,,,,,,E227,1,TIKTAALIK,,384 well plate Grainer,,,2026-03-10,50,,P6,,,0.72128719273752150,
A21,9.0,A,1,21,,,,,,,E227,1,TIKTAALIK,,384 well plate Grainer,,,2026-03-10,50,,P6,,,0.73989406141183560,
A22,10.0,A,1,22,,,,,,,E227,1,TIKTAALIK,,384 well plate Grainer,,,2026-03-10,50,,P6,,,0.75850093008614960,
A23,9.0,A,1,23,,,,,,,E227,1,TIKTAALIK,,384 well plate Grainer,,,2026-03-10,50,,P6,,,0.73989406141183560,
A24,34.0,A,1,24,Standard - 1,,,,1.0,1.0,E227,1,TIKTAALIK,,384 well plate Grainer,,,2026-03-10,50,,P6,,,1.20506577826968720,1.20506577826969
B1,9.0,B,2,1,,,,,,,E227,1,TIKTAALIK,,384 well plate Grainer,,,2026-03-10,50,,P6,,,0.73989406141183560,
B2,9.0,B,2,2,,,,,,,E227,1,TIKTAALIK,,384 well plate Grainer,,,2026-03-10,50,,P6,,,0.73989406141183560,
B3,7.0,B,2,3,,,,,,,E227,1,TIKTAALIK,,384 well plate Grainer,,,2026-03-10,50,,P6,,,0.70268032406320740,
B4,7.0,B,2,4,,,,,,,E227,1,TIKTAALIK,,384 well plate Grainer,,,2026-03-10,50,,P6,,,0.70268032406320740,
B5,7.0,B,2,5,,,,,,,E227,1,TIKTAALIK,,384 well plate Grainer,,,2026-03-10,50,,P6,,,0.70268032406320740,
B6,7.0,B,2,6,,,,,,,E227,1,TIKTAALIK,,384 well plate Grainer,,,2026-03-10,50,,P6,,,0.70268032406320740,
B7,8.0,B,2,7,,,,,,,E227,1,TIKTAALIK,,384 well plate Grainer,,,2026-03-10,50,,P6,,,0.72128719273752150,
B8,8.0,B,2,8,,,,,,,E227,1,TIKTAALIK,,384 well plate Grainer,,,2026-03-10,50,,P6,,,0.72128719273752150,
B9,7.0,B,2,9,,,,,,,E227,1,TIKTAALIK,,384 well plate Grainer,,,2026-03-10,50,,P6,,,0.70268032406320740,
B10,7.0,B,2,10,,,,,,,E227,1,TIKTAALIK,,384 well plate Grainer,,,2026-03-10,50,,P6,,,0.70268032406320740,
B11,9.0,B,2,11,,,,,,,E227,1,TIKTAALIK,,384 well plate Grainer,,,2026-03-10,50,,P6,,,0.73989406141183560,
B12,9.0,B,2,12,,,,,,,E227,1,TIKTAALIK,,384 well plate Grainer,,,2026-03-10,50,,P6,,,0.73989406141183560,
B13,9.0,B,2,13,,,,,,,E227,1,TIKTAALIK,,384 well plate Grainer,,,2026-03-10,50,,P6,,,0.73989406141183560,
B14,8.0,B,2,14,,,,,,,E227,1,TIKTAALIK,,384 well plate Grainer,,,2026-03-10,50,,P6,,,0.72128719273752150,
B15,9.0,B,2,15,,,,,,,E227,1,TIKTAALIK,,384 well plate Grainer,,,2026-03-10,50,,P6,,,0.73989406141183560,
B16,10.0,B,2,16,,,,,,,E227,1,TIKTAALIK,,384 well plate Grainer,,,2026-03-10,50,,P6,,,0.75850093008614960,
B17,11.0,B,2,17,,,,,,,E227,1,TIKTAALIK,,384 well plate Grainer,,,2026-03-10,50,,P6,,,0.77710779876046380,
B18,9.0,B,2,18,,,,,,,E227,1,TIKTAALIK,,384 well plate Grainer,,,2026-03-10,50,,P6,,,0.73989406141183560,
B19,8.0,B,2,19,,,,,,,E227,1,TIKTAALIK,,384 well plate Grainer,,,2026-03-10,50,,P6,,,0.72128719273752150,
B20,9.0,B,2,20,,,,,,,E227,1,TIKTAALIK,,384 well plate Grainer,,,2026-03-10,50,,P6,,,0.73989406141183560,
B21,10.0,B,2,21,,,,,,,E227,1,TIKTAALIK,,384 well plate Grainer,,,2026-03-10,50,,P6,,,0.75850093008614960,
B22,9.0,B,2,22,,,,,,,E227,1,TIKTAALIK,,384 well plate Grainer,,,2026-03-10,50,,P6,,,0.73989406141183560,
B23,8.0,B,2,23,,,,,,,E227,1,TIKTAALIK,,384 well plate Grainer,,,2026-03-10,50,,P6,,,0.72128719273752150,
B24,38.0,B,2,24,Standard - 1,,,,1.0,1.0,E227,1,TIKTAALIK,,384 well plate Grainer,,,2026-03-10,50,,P6,,,1.27949325296694360,1.27949325296694
C1,470.0,C,3,1,22-L_linear,384_Premium,22-L,MMC_25,,200.0,E227,1,TIKTAALIK,10.0,384 well plate Grainer,m9229555,linear,2026-03-10,50,,P6,384,Premium,9.31766052027062300,1863.53210405412460
C2,547.0,C,3,2,22-L_linear,384_Premium,22-L,MMC_25,,200.0,E227,1,TIKTAALIK,10.0,384 well plate Grainer,m9229555,linear,2026-03-10,50,,P6,384,Premium,10.75038940819280600,2150.07788163856140
C3,618.0,C,3,3,22-L_linear,384_Premium,22-L,MMC_25,,200.0,E227,1,TIKTAALIK,10.0,384 well plate Grainer,m9229555,linear,2026-03-10,50,,P6,384,Premium,12.07147708406910500,2414.29541681382120
C4,684.0,C,3,4,22-L_linear,384_Premium,22-L,MMC_25,,200.0,E227,1,TIKTAALIK,10.0,384 well plate Grainer,m9229555,linear,2026-03-10,50,,P6,384,Premium,13.29953041657383400,2659.90608331476700
C5,7.0,C,3,5,,,,,,,E227,1,TIKTAALIK,,384 well plate Grainer,,,2026-03-10,50,,P6,,,0.70268032406320740,
C6,233.0,C,3,6,22-L_linear,384_Premium,22-L,MMC_25,,400.0,E227,1,TIKTAALIK,10.0,384 well plate Grainer,m9229555,linear,2026-03-10,50,,P6,384,Premium,4.90783264445818700,1963.13305778327480
C7,306.0,C,3,7,22-L_linear,384_Premium,22-L,MMC_25,,400.0,E227,1,TIKTAALIK,10.0,384 well plate Grainer,m9229555,linear,2026-03-10,50,,P6,384,Premium,6.26613405768311500,2506.45362307324600
C8,331.0,C,3,8,22-L_linear,384_Premium,22-L,MMC_25,,400.0,E227,1,TIKTAALIK,10.0,384 well plate Grainer,m9229555,linear,2026-03-10,50,,P6,384,Premium,6.73130577454096600,2692.52230981638650
C9,371.0,C,3,9,22-L_linear,384_Premium,22-L,MMC_25,,400.0,E227,1,TIKTAALIK,10.0,384 well plate Grainer,m9229555,linear,2026-03-10,50,,P6,384,Premium,7.47558052151353000,2990.23220860541200
C10,8.0,C,3,10,,,,,,,E227,1,TIKTAALIK,,384 well plate Grainer,,,2026-03-10,50,,P6,,,0.72128719273752150,
C11,296.0,C,3,11,spike-in,spike-in,spike-in,spike-in,,100.0,E227,1,TIKTAALIK,10.0,384 well plate Grainer,,,2026-03-10,50,,P6,spike-in,,6.08006537093997400,608.00653709399740
C12,329.0,C,3,12,spike-in,spike-in,spike-in,spike-in,,100.0,E227,1,TIKTAALIK,10.0,384 well plate Grainer,,,2026-03-10,50,,P6,spike-in,,6.69409203719233850,669.40920371923380
C13,316.0,C,3,13,spike-in,spike-in,spike-in,spike-in,,100.0,E227,1,TIKTAALIK,10.0,384 well plate Grainer,,,2026-03-10,50,,P6,spike-in,,6.45220274442625550,645.22027444262550
C14,326.0,C,3,14,spike-in,spike-in,spike-in,spike-in,,100.0,E227,1,TIKTAALIK,10.0,384 well plate Grainer,,,2026-03-10,50,,P6,spike-in,,6.63827143116939700,663.82714311693960
C15,9.0,C,3,15,,,,,,,E227,1,TIKTAALIK,,384 well plate Grainer,,,2026-03-10,50,,P6,,,0.73989406141183560,
C16,8.0,C,3,16,,,,,,,E227,1,TIKTAALIK,,384 well plate Grainer,,,2026-03-10,50,,P6,,,0.72128719273752150,
C17,8.0,C,3,17,,,,,,,E227,1,TIKTAALIK,,384 well plate Grainer,,,2026-03-10,50,,P6,,,0.72128719273752150,
C18,10.0,C,3,18,,,,,,,E227,1,TIKTAALIK,,384 well plate Grainer,,,2026-03-10,50,,P6,,,0.75850093008614960,
C19,11.0,C,3,19,,,,,,,E227,1,TIKTAALIK,,384 well plate Grainer,,,2026-03-10,50,,P6,,,0.77710779876046380,
C20,8.0,C,3,20,,,,,,,E227,1,TIKTAALIK,,384 well plate Grainer,,,2026-03-10,50,,P6,,,0.72128719273752150,
C21,11.0,C,3,21,,,,,,,E227,1,TIKTAALIK,,384 well plate Grainer,,,2026-03-10,50,,P6,,,0.77710779876046380,
C22,9.0,C,3,22,,,,,,,E227,1,TIKTAALIK,,384 well plate Grainer,,,2026-03-10,50,,P6,,,0.73989406141183560,
C23,9.0,C,3,23,,,,,,,E227,1,TIKTAALIK,,384 well plate Grainer,,,2026-03-10,50,,P6,,,0.73989406141183560,
C24,73.0,C,3,24,Standard - 2,,,,2.0,1.0,E227,1,TIKTAALIK,,384 well plate Grainer,,,2026-03-10,50,,P6,,,1.93073365656793600,1.93073365656794
D1,8.0,D,4,1,,,,,,,E227,1,TIKTAALIK,,384 well plate Grainer,,,2026-03-10,50,,P6,,,0.72128719273752150,
D2,8.0,D,4,2,,,,,,,E227,1,TIKTAALIK,,384 well plate Grainer,,,2026-03-10,50,,P6,,,0.72128719273752150,
D3,9.0,D,4,3,,,,,,,E227,1,TIKTAALIK,,384 well plate Grainer,,,2026-03-10,50,,P6,,,0.73989406141183560,
D4,9.0,D,4,4,,,,,,,E227,1,TIKTAALIK,,384 well plate Grainer,,,2026-03-10,50,,P6,,,0.73989406141183560,
D5,7.0,D,4,5,,,,,,,E227,1,TIKTAALIK,,384 well plate Grainer,,,2026-03-10,50,,P6,,,0.70268032406320740,
D6,9.0,D,4,6,,,,,,,E227,1,TIKTAALIK,,384 well plate Grainer,,,2026-03-10,50,,P6,,,0.73989406141183560,
D7,9.0,D,4,7,,,,,,,E227,1,TIKTAALIK,,384 well plate Grainer,,,2026-03-10,50,,P6,,,0.73989406141183560,
D8,8.0,D,4,8,,,,,,,E227,1,TIKTAALIK,,384 well plate Grainer,,,2026-03-10,50,,P6,,,0.72128719273752150,
D9,10.0,D,4,9,,,,,,,E227,1,TIKTAALIK,,384 well plate Grainer,,,2026-03-10,50,,P6,,,0.75850093008614960,
D10,10.0,D,4,10,,,,,,,E227,1,TIKTAALIK,,384 well plate Grainer,,,2026-03-10,50,,P6,,,0.75850093008614960,
D11,11.0,D,4,11,,,,,,,E227,1,TIKTAALIK,,384 well plate Grainer,,,2026-03-10,50,,P6,,,0.77710779876046380,
D12,8.0,D,4,12,,,,,,,E227,1,TIKTAALIK,,384 well plate Grainer,,,2026-03-10,50,,P6,,,0.72128719273752150,
D13,8.0,D,4,13,,,,,,,E227,1,TIKTAALIK,,384 well plate Grainer,,,2026-03-10,50,,P6,,,0.72128719273752150,
D14,8.0,D,4,14,,,,,,,E227,1,TIKTAALIK,,384 well plate Grainer,,,2026-03-10,50,,P6,,,0.72128719273752150,
D15,9.0,D,4,15,,,,,,,E227,1,TIKTAALIK,,384 well plate Grainer,,,2026-03-10,50,,P6,,,0.73989406141183560,
D16,8.0,D,4,16,,,,,,,E227,1,TIKTAALIK,,384 well plate Grainer,,,2026-03-10,50,,P6,,,0.72128719273752150,
D17,10.0,D,4,17,,,,,,,E227,1,TIKTAALIK,,384 well plate Grainer,,,2026-03-10,50,,P6,,,0.75850093008614960,
D18,11.0,D,4,18,,,,,,,E227,1,TIKTAALIK,,384 well plate Grainer,,,2026-03-10,50,,P6,,,0.77710779876046380,
D19,9.0,D,4,19,,,,,,,E227,1,TIKTAALIK,,384 well plate Grainer,,,2026-03-10,50,,P6,,,0.73989406141183560,
D20,11.0,D,4,20,,,,,,,E227,1,TIKTAALIK,,384 well plate Grainer,,,2026-03-10,50,,P6,,,0.77710779876046380,
D21,10.0,D,4,21,,,,,,,E227,1,TIKTAALIK,,384 well plate Grainer,,,2026-03-10,50,,P6,,,0.75850093008614960,
D22,8.0,D,4,22,,,,,,,E227,1,TIKTAALIK,,384 well plate Grainer,,,2026-03-10,50,,P6,,,0.72128719273752150,
D23,9.0,D,4,23,,,,,,,E227,1,TIKTAALIK,,384 well plate Grainer,,,2026-03-10,50,,P6,,,0.73989406141183560,
D24,81.0,D,4,24,Standard - 2,,,,2.0,1.0,E227,1,TIKTAALIK,,384 well plate Grainer,,,2026-03-10,50,,P6,,,2.07958860596244840,2.07958860596245
E1,571.0,E,5,1,23-L_plasmid,384_Premium,23-L,MMC_25,,200.0,E227,1,TIKTAALIK,10.0,384 well plate Grainer,m9134733,plasmid,2026-03-10,50,,P6,384,Premium,11.19695425637634400,2239.39085127526870
E2,839.0,E,5,2,23-L_plasmid,384_Premium,23-L,MMC_25,,200.0,E227,1,TIKTAALIK,10.0,384 well plate Grainer,m9134733,plasmid,2026-03-10,50,,P6,384,Premium,16.18359506109251500,3236.71901221850300
E3,661.0,E,5,3,23-L_plasmid,384_Premium,23-L,MMC_25,,200.0,E227,1,TIKTAALIK,10.0,384 well plate Grainer,m9134733,plasmid,2026-03-10,50,,P6,384,Premium,12.87157243706461000,2574.31448741292200
E4,730.0,E,5,4,23-L_plasmid,384_Premium,23-L,MMC_25,,200.0,E227,1,TIKTAALIK,10.0,384 well plate Grainer,m9134733,plasmid,2026-03-10,50,,P6,384,Premium,14.15544637559228200,2831.08927511845650
E5,10.0,E,5,5,,,,,,,E227,1,TIKTAALIK,,384 well plate Grainer,,,2026-03-10,50,,P6,,,0.75850093008614960,
E6,323.0,E,5,6,23-L_plasmid,384_Premium,23-L,MMC_25,,400.0,E227,1,TIKTAALIK,10.0,384 well plate Grainer,m9134733,plasmid,2026-03-10,50,,P6,384,Premium,6.58245082514645400,2632.98033005858200
E7,432.0,E,5,7,23-L_plasmid,384_Premium,23-L,MMC_25,,400.0,E227,1,TIKTAALIK,10.0,384 well plate Grainer,m9134733,plasmid,2026-03-10,50,,P6,384,Premium,8.61059951064668800,3444.23980425867500
E8,349.0,E,5,8,23-L_plasmid,384_Premium,23-L,MMC_25,,400.0,E227,1,TIKTAALIK,10.0,384 well plate Grainer,m9134733,plasmid,2026-03-10,50,,P6,384,Premium,7.06622941067862000,2826.49176427144800
E9,399.0,E,5,9,23-L_plasmid,384_Premium,23-L,MMC_25,,400.0,E227,1,TIKTAALIK,10.0,384 well plate Grainer,m9134733,plasmid,2026-03-10,50,,P6,384,Premium,7.99657284439432400,3198.62913775772950
E10,10.0,E,5,10,,,,,,,E227,1,TIKTAALIK,,384 well plate Grainer,,,2026-03-10,50,,P6,,,0.75850093008614960,
E11,130.0,E,5,11,spike-in,spike-in,spike-in,spike-in,,200.0,E227,1,TIKTAALIK,10.0,384 well plate Grainer,,,2026-03-10,50,,P6,spike-in,,2.99132517100383840,598.26503420076770
E12,150.0,E,5,12,spike-in,spike-in,spike-in,spike-in,,200.0,E227,1,TIKTAALIK,10.0,384 well plate Grainer,,,2026-03-10,50,,P6,spike-in,,3.36346254449012000,672.69250889802400
E13,138.0,E,5,13,spike-in,spike-in,spike-in,spike-in,,200.0,E227,1,TIKTAALIK,10.0,384 well plate Grainer,,,2026-03-10,50,,P6,spike-in,,3.14018012039835100,628.03602407967010
E14,152.0,E,5,14,spike-in,spike-in,spike-in,spike-in,,200.0,E227,1,TIKTAALIK,10.0,384 well plate Grainer,,,2026-03-10,50,,P6,spike-in,,3.40067628183874770,680.13525636774950
E15,8.0,E,5,15,,,,,,,E227,1,TIKTAALIK,,384 well plate Grainer,,,2026-03-10,50,,P6,,,0.72128719273752150,
E16,8.0,E,5,16,,,,,,,E227,1,TIKTAALIK,,384 well plate Grainer,,,2026-03-10,50,,P6,,,0.72128719273752150,
E17,9.0,E,5,17,,,,,,,E227,1,TIKTAALIK,,384 well plate Grainer,,,2026-03-10,50,,P6,,,0.73989406141183560,
E18,10.0,E,5,18,,,,,,,E227,1,TIKTAALIK,,384 well plate Grainer,,,2026-03-10,50,,P6,,,0.75850093008614960,
E19,9.0,E,5,19,,,,,,,E227,1,TIKTAALIK,,384 well plate Grainer,,,2026-03-10,50,,P6,,,0.73989406141183560,
E20,8.0,E,5,20,,,,,,,E227,1,TIKTAALIK,,384 well plate Grainer,,,2026-03-10,50,,P6,,,0.72128719273752150,
E21,9.0,E,5,21,,,,,,,E227,1,TIKTAALIK,,384 well plate Grainer,,,2026-03-10,50,,P6,,,0.73989406141183560,
E22,8.0,E,5,22,,,,,,,E227,1,TIKTAALIK,,384 well plate Grainer,,,2026-03-10,50,,P6,,,0.72128719273752150,
E23,9.0,E,5,23,,,,,,,E227,1,TIKTAALIK,,384 well plate Grainer,,,2026-03-10,50,,P6,,,0.73989406141183560,
E24,174.0,E,5,24,Standard - 3,,,,4.0,1.0,E227,1,TIKTAALIK,,384 well plate Grainer,,,2026-03-10,50,,P6,,,3.81002739267365740,3.81002739267366
F1,10.0,F,6,1,,,,,,,E227,1,TIKTAALIK,,384 well plate Grainer,,,2026-03-10,50,,P6,,,0.75850093008614960,
F2,8.0,F,6,2,,,,,,,E227,1,TIKTAALIK,,384 well plate Grainer,,,2026-03-10,50,,P6,,,0.72128719273752150,
F3,8.0,F,6,3,,,,,,,E227,1,TIKTAALIK,,384 well plate Grainer,,,2026-03-10,50,,P6,,,0.72128719273752150,
F4,8.0,F,6,4,,,,,,,E227,1,TIKTAALIK,,384 well plate Grainer,,,2026-03-10,50,,P6,,,0.72128719273752150,
F5,9.0,F,6,5,,,,,,,E227,1,TIKTAALIK,,384 well plate Grainer,,,2026-03-10,50,,P6,,,0.73989406141183560,
F6,7.0,F,6,6,,,,,,,E227,1,TIKTAALIK,,384 well plate Grainer,,,2026-03-10,50,,P6,,,0.70268032406320740,
F7,7.0,F,6,7,,,,,,,E227,1,TIKTAALIK,,384 well plate Grainer,,,2026-03-10,50,,P6,,,0.70268032406320740,
F8,9.0,F,6,8,,,,,,,E227,1,TIKTAALIK,,384 well plate Grainer,,,2026-03-10,50,,P6,,,0.73989406141183560,
F9,10.0,F,6,9,,,,,,,E227,1,TIKTAALIK,,384 well plate Grainer,,,2026-03-10,50,,P6,,,0.75850093008614960,
F10,9.0,F,6,10,,,,,,,E227,1,TIKTAALIK,,384 well plate Grainer,,,2026-03-10,50,,P6,,,0.73989406141183560,
F11,10.0,F,6,11,,,,,,,E227,1,TIKTAALIK,,384 well plate Grainer,,,2026-03-10,50,,P6,,,0.75850093008614960,
F12,7.0,F,6,12,,,,,,,E227,1,TIKTAALIK,,384 well plate Grainer,,,2026-03-10,50,,P6,,,0.70268032406320740,
F13,9.0,F,6,13,,,,,,,E227,1,TIKTAALIK,,384 well plate Grainer,,,2026-03-10,50,,P6,,,0.73989406141183560,
F14,9.0,F,6,14,,,,,,,E227,1,TIKTAALIK,,384 well plate Grainer,,,2026-03-10,50,,P6,,,0.73989406141183560,
F15,13.0,F,6,15,,,,,,,E227,1,TIKTAALIK,,384 well plate Grainer,,,2026-03-10,50,,P6,,,0.81432153610909190,
F16,9.0,F,6,16,,,,,,,E227,1,TIKTAALIK,,384 well plate Grainer,,,2026-03-10,50,,P6,,,0.73989406141183560,
F17,9.0,F,6,17,,,,,,,E227,1,TIKTAALIK,,384 well plate Grainer,,,2026-03-10,50,,P6,,,0.73989406141183560,
F18,8.0,F,6,18,,,,,,,E227,1,TIKTAALIK,,384 well plate Grainer,,,2026-03-10,50,,P6,,,0.72128719273752150,
F19,7.0,F,6,19,,,,,,,E227,1,TIKTAALIK,,384 well plate Grainer,,,2026-03-10,50,,P6,,,0.70268032406320740,
F20,9.0,F,6,20,,,,,,,E227,1,TIKTAALIK,,384 well plate Grainer,,,2026-03-10,50,,P6,,,0.73989406141183560,
F21,8.0,F,6,21,,,,,,,E227,1,TIKTAALIK,,384 well plate Grainer,,,2026-03-10,50,,P6,,,0.72128719273752150,
F22,9.0,F,6,22,,,,,,,E227,1,TIKTAALIK,,384 well plate Grainer,,,2026-03-10,50,,P6,,,0.73989406141183560,
F23,10.0,F,6,23,,,,,,,E227,1,TIKTAALIK,,384 well plate Grainer,,,2026-03-10,50,,P6,,,0.75850093008614960,
F24,189.0,F,6,24,Standard - 3,,,,4.0,1.0,E227,1,TIKTAALIK,,384 well plate Grainer,,,2026-03-10,50,,P6,,,4.08913042278836900,4.08913042278837
G1,342.0,G,7,1,23-L_linear,384_Premium,23-L,MMC_25,,200.0,E227,1,TIKTAALIK,10.0,384 well plate Grainer,m9229555,linear,2026-03-10,50,,P6,384,Premium,6.93598132995842100,1387.19626599168420
G2,596.0,G,7,2,23-L_linear,384_Premium,23-L,MMC_25,,200.0,E227,1,TIKTAALIK,10.0,384 well plate Grainer,m9229555,linear,2026-03-10,50,,P6,384,Premium,11.66212597323419500,2332.42519464683900
G3,554.0,G,7,3,23-L_linear,384_Premium,23-L,MMC_25,,200.0,E227,1,TIKTAALIK,10.0,384 well plate Grainer,m9229555,linear,2026-03-10,50,,P6,384,Premium,10.88063748891300400,2176.12749778260100
G4,685.0,G,7,4,23-L_linear,384_Premium,23-L,MMC_25,,200.0,E227,1,TIKTAALIK,10.0,384 well plate Grainer,m9229555,linear,2026-03-10,50,,P6,384,Premium,13.31813728524814900,2663.62745704963000
G5,8.0,G,7,5,,,,,,,E227,1,TIKTAALIK,,384 well plate Grainer,,,2026-03-10,50,,P6,,,0.72128719273752150,
G6,185.0,G,7,6,23-L_linear,384_Premium,23-L,MMC_25,,400.0,E227,1,TIKTAALIK,10.0,384 well plate Grainer,m9229555,linear,2026-03-10,50,,P6,384,Premium,4.01470294809111200,1605.88117923644470
G7,282.0,G,7,7,23-L_linear,384_Premium,23-L,MMC_25,,400.0,E227,1,TIKTAALIK,10.0,384 well plate Grainer,m9229555,linear,2026-03-10,50,,P6,384,Premium,5.81956920949957700,2327.82768379983100
G8,301.0,G,7,8,23-L_linear,384_Premium,23-L,MMC_25,,400.0,E227,1,TIKTAALIK,10.0,384 well plate Grainer,m9229555,linear,2026-03-10,50,,P6,384,Premium,6.17309971431154500,2469.23988572461800
G9,341.0,G,7,9,23-L_linear,384_Premium,23-L,MMC_25,,400.0,E227,1,TIKTAALIK,10.0,384 well plate Grainer,m9229555,linear,2026-03-10,50,,P6,384,Premium,6.91737446128410750,2766.94978451364300
G10,6.0,G,7,10,,,,,,,E227,1,TIKTAALIK,,384 well plate Grainer,,,2026-03-10,50,,P6,,,0.68407345538889330,
G11,65.0,G,7,11,spike-in,spike-in,spike-in,spike-in,,400.0,E227,1,TIKTAALIK,10.0,384 well plate Grainer,,,2026-03-10,50,,P6,spike-in,,1.78187870717342370,712.75148286936950
G12,65.0,G,7,12,spike-in,spike-in,spike-in,spike-in,,400.0,E227,1,TIKTAALIK,10.0,384 well plate Grainer,,,2026-03-10,50,,P6,spike-in,,1.78187870717342370,712.75148286936950
G13,65.0,G,7,13,spike-in,spike-in,spike-in,spike-in,,400.0,E227,1,TIKTAALIK,10.0,384 well plate Grainer,,,2026-03-10,50,,P6,spike-in,,1.78187870717342370,712.75148286936950
G14,62.0,G,7,14,spike-in,spike-in,spike-in,spike-in,,400.0,E227,1,TIKTAALIK,10.0,384 well plate Grainer,,,2026-03-10,50,,P6,spike-in,,1.72605810115048140,690.42324046019260
G15,9.0,G,7,15,,,,,,,E227,1,TIKTAALIK,,384 well plate Grainer,,,2026-03-10,50,,P6,,,0.73989406141183560,
G16,8.0,G,7,16,,,,,,,E227,1,TIKTAALIK,,384 well plate Grainer,,,2026-03-10,50,,P6,,,0.72128719273752150,
G17,11.0,G,7,17,,,,,,,E227,1,TIKTAALIK,,384 well plate Grainer,,,2026-03-10,50,,P6,,,0.77710779876046380,
G18,9.0,G,7,18,,,,,,,E227,1,TIKTAALIK,,384 well plate Grainer,,,2026-03-10,50,,P6,,,0.73989406141183560,
G19,7.0,G,7,19,,,,,,,E227,1,TIKTAALIK,,384 well plate Grainer,,,2026-03-10,50,,P6,,,0.70268032406320740,
G20,10.0,G,7,20,,,,,,,E227,1,TIKTAALIK,,384 well plate Grainer,,,2026-03-10,50,,P6,,,0.75850093008614960,
G21,10.0,G,7,21,,,,,,,E227,1,TIKTAALIK,,384 well plate Grainer,,,2026-03-10,50,,P6,,,0.75850093008614960,
G22,9.0,G,7,22,,,,,,,E227,1,TIKTAALIK,,384 well plate Grainer,,,2026-03-10,50,,P6,,,0.73989406141183560,
G23,8.0,G,7,23,,,,,,,E227,1,TIKTAALIK,,384 well plate Grainer,,,2026-03-10,50,,P6,,,0.72128719273752150,
G24,417.0,G,7,24,Standard - 4,,,,8.0,1.0,E227,1,TIKTAALIK,,384 well plate Grainer,,,2026-03-10,50,,P6,,,8.33149648053197800,8.33149648053198
H1,9.0,H,8,1,,,,,,,E227,1,TIKTAALIK,,384 well plate Grainer,,,2026-03-10,50,,P6,,,0.73989406141183560,
H2,8.0,H,8,2,,,,,,,E227,1,TIKTAALIK,,384 well plate Grainer,,,2026-03-10,50,,P6,,,0.72128719273752150,
H3,7.0,H,8,3,,,,,,,E227,1,TIKTAALIK,,384 well plate Grainer,,,2026-03-10,50,,P6,,,0.70268032406320740,
H4,7.0,H,8,4,,,,,,,E227,1,TIKTAALIK,,384 well plate Grainer,,,2026-03-10,50,,P6,,,0.70268032406320740,
H5,7.0,H,8,5,,,,,,,E227,1,TIKTAALIK,,384 well plate Grainer,,,2026-03-10,50,,P6,,,0.70268032406320740,
H6,9.0,H,8,6,,,,,,,E227,1,TIKTAALIK,,384 well plate Grainer,,,2026-03-10,50,,P6,,,0.73989406141183560,
H7,8.0,H,8,7,,,,,,,E227,1,TIKTAALIK,,384 well plate Grainer,,,2026-03-10,50,,P6,,,0.72128719273752150,
H8,9.0,H,8,8,,,,,,,E227,1,TIKTAALIK,,384 well plate Grainer,,,2026-03-10,50,,P6,,,0.73989406141183560,
H9,9.0,H,8,9,,,,,,,E227,1,TIKTAALIK,,384 well plate Grainer,,,2026-03-10,50,,P6,,,0.73989406141183560,
H10,9.0,H,8,10,,,,,,,E227,1,TIKTAALIK,,384 well plate Grainer,,,2026-03-10,50,,P6,,,0.73989406141183560,
H11,8.0,H,8,11,,,,,,,E227,1,TIKTAALIK,,384 well plate Grainer,,,2026-03-10,50,,P6,,,0.72128719273752150,
H12,8.0,H,8,12,,,,,,,E227,1,TIKTAALIK,,384 well plate Grainer,,,2026-03-10,50,,P6,,,0.72128719273752150,
H13,8.0,H,8,13,,,,,,,E227,1,TIKTAALIK,,384 well plate Grainer,,,2026-03-10,50,,P6,,,0.72128719273752150,
H14,10.0,H,8,14,,,,,,,E227,1,TIKTAALIK,,384 well plate Grainer,,,2026-03-10,50,,P6,,,0.75850093008614960,
H15,9.0,H,8,15,,,,,,,E227,1,TIKTAALIK,,384 well plate Grainer,,,2026-03-10,50,,P6,,,0.73989406141183560,
H16,8.0,H,8,16,,,,,,,E227,1,TIKTAALIK,,384 well plate Grainer,,,2026-03-10,50,,P6,,,0.72128719273752150,
H17,7.0,H,8,17,,,,,,,E227,1,TIKTAALIK,,384 well plate Grainer,,,2026-03-10,50,,P6,,,0.70268032406320740,
H18,8.0,H,8,18,,,,,,,E227,1,TIKTAALIK,,384 well plate Grainer,,,2026-03-10,50,,P6,,,0.72128719273752150,
H19,9.0,H,8,19,,,,,,,E227,1,TIKTAALIK,,384 well plate Grainer,,,2026-03-10,50,,P6,,,0.73989406141183560,
H20,7.0,H,8,20,,,,,,,E227,1,TIKTAALIK,,384 well plate Grainer,,,2026-03-10,50,,P6,,,0.70268032406320740,
H21,8.0,H,8,21,,,,,,,E227,1,TIKTAALIK,,384 well plate Grainer,,,2026-03-10,50,,P6,,,0.72128719273752150,
H22,9.0,H,8,22,,,,,,,E227,1,TIKTAALIK,,384 well plate Grainer,,,2026-03-10,50,,P6,,,0.73989406141183560,
H23,8.0,H,8,23,,,,,,,E227,1,TIKTAALIK,,384 well plate Grainer,,,2026-03-10,50,,P6,,,0.72128719273752150,
H24,436.0,H,8,24,Standard - 4,,,,8.0,1.0,E227,1,TIKTAALIK,,384 well plate Grainer,,,2026-03-10,50,,P6,,,8.68502698534394400,8.68502698534394
I1,294.0,I,9,1,12-L_plasmid,384_control,12-L,MMA_7,,200.0,E227,1,TIKTAALIK,10.0,384 well plate Grainer,m9134733,plasmid,2026-03-10,50,,P6,384,control,6.04285163359134600,1208.57032671826910
I2,345.0,I,9,2,12-L_plasmid,384_control,12-L,MMA_7,,200.0,E227,1,TIKTAALIK,10.0,384 well plate Grainer,m9134733,plasmid,2026-03-10,50,,P6,384,control,6.99180193598136400,1398.36038719627280
I3,359.0,I,9,3,12-L_plasmid,384_control,12-L,MMA_7,,200.0,E227,1,TIKTAALIK,10.0,384 well plate Grainer,m9134733,plasmid,2026-03-10,50,,P6,384,control,7.25229809742176100,1450.45961948435230
I4,338.0,I,9,4,12-L_plasmid,384_control,12-L,MMA_7,,200.0,E227,1,TIKTAALIK,10.0,384 well plate Grainer,m9134733,plasmid,2026-03-10,50,,P6,384,control,6.86155385526116500,1372.31077105223300
I5,9.0,I,9,5,,,,,,,E227,1,TIKTAALIK,,384 well plate Grainer,,,2026-03-10,50,,P6,,,0.73989406141183560,
I6,181.0,I,9,6,12-L_plasmid,384_control,12-L,MMA_7,,400.0,E227,1,TIKTAALIK,10.0,384 well plate Grainer,m9134733,plasmid,2026-03-10,50,,P6,384,control,3.94027547339385600,1576.11018935754240
I7,168.0,I,9,7,12-L_plasmid,384_control,12-L,MMA_7,,400.0,E227,1,TIKTAALIK,10.0,384 well plate Grainer,m9134733,plasmid,2026-03-10,50,,P6,384,control,3.69838618062777300,1479.35447225110920
I8,178.0,I,9,8,12-L_plasmid,384_control,12-L,MMA_7,,400.0,E227,1,TIKTAALIK,10.0,384 well plate Grainer,m9134733,plasmid,2026-03-10,50,,P6,384,control,3.88445486737091360,1553.78194694836540
I9,194.0,I,9,9,12-L_plasmid,384_control,12-L,MMA_7,,400.0,E227,1,TIKTAALIK,10.0,384 well plate Grainer,m9134733,plasmid,2026-03-10,50,,P6,384,control,4.18216476615993900,1672.86590646397580
I10,7.0,I,9,10,,,,,,,E227,1,TIKTAALIK,,384 well plate Grainer,,,2026-03-10,50,,P6,,,0.70268032406320740,
I11,8.0,I,9,11,,,,,,,E227,1,TIKTAALIK,,384 well plate Grainer,,,2026-03-10,50,,P6,,,0.72128719273752150,
I12,10.0,I,9,12,,,,,,,E227,1,TIKTAALIK,,384 well plate Grainer,,,2026-03-10,50,,P6,,,0.75850093008614960,
I13,11.0,I,9,13,,,,,,,E227,1,TIKTAALIK,,384 well plate Grainer,,,2026-03-10,50,,P6,,,0.77710779876046380,
I14,9.0,I,9,14,,,,,,,E227,1,TIKTAALIK,,384 well plate Grainer,,,2026-03-10,50,,P6,,,0.73989406141183560,
I15,11.0,I,9,15,,,,,,,E227,1,TIKTAALIK,,384 well plate Grainer,,,2026-03-10,50,,P6,,,0.77710779876046380,
I16,9.0,I,9,16,,,,,,,E227,1,TIKTAALIK,,384 well plate Grainer,,,2026-03-10,50,,P6,,,0.73989406141183560,
I17,9.0,I,9,17,,,,,,,E227,1,TIKTAALIK,,384 well plate Grainer,,,2026-03-10,50,,P6,,,0.73989406141183560,
I18,9.0,I,9,18,,,,,,,E227,1,TIKTAALIK,,384 well plate Grainer,,,2026-03-10,50,,P6,,,0.73989406141183560,
I19,10.0,I,9,19,,,,,,,E227,1,TIKTAALIK,,384 well plate Grainer,,,2026-03-10,50,,P6,,,0.75850093008614960,
I20,9.0,I,9,20,,,,,,,E227,1,TIKTAALIK,,384 well plate Grainer,,,2026-03-10,50,,P6,,,0.73989406141183560,
I21,9.0,I,9,21,,,,,,,E227,1,TIKTAALIK,,384 well plate Grainer,,,2026-03-10,50,,P6,,,0.73989406141183560,
I22,7.0,I,9,22,,,,,,,E227,1,TIKTAALIK,,384 well plate Grainer,,,2026-03-10,50,,P6,,,0.70268032406320740,
I23,10.0,I,9,23,,,,,,,E227,1,TIKTAALIK,,384 well plate Grainer,,,2026-03-10,50,,P6,,,0.75850093008614960,
I24,854.0,I,9,24,Standard - 5,,,,16.0,1.0,E227,1,TIKTAALIK,,384 well plate Grainer,,,2026-03-10,50,,P6,,,16.46269809120722600,16.46269809120723
J1,8.0,J,10,1,,,,,,,E227,1,TIKTAALIK,,384 well plate Grainer,,,2026-03-10,50,,P6,,,0.72128719273752150,
J2,9.0,J,10,2,,,,,,,E227,1,TIKTAALIK,,384 well plate Grainer,,,2026-03-10,50,,P6,,,0.73989406141183560,
J3,8.0,J,10,3,,,,,,,E227,1,TIKTAALIK,,384 well plate Grainer,,,2026-03-10,50,,P6,,,0.72128719273752150,
J4,8.0,J,10,4,,,,,,,E227,1,TIKTAALIK,,384 well plate Grainer,,,2026-03-10,50,,P6,,,0.72128719273752150,
J5,8.0,J,10,5,,,,,,,E227,1,TIKTAALIK,,384 well plate Grainer,,,2026-03-10,50,,P6,,,0.72128719273752150,
J6,10.0,J,10,6,,,,,,,E227,1,TIKTAALIK,,384 well plate Grainer,,,2026-03-10,50,,P6,,,0.75850093008614960,
J7,9.0,J,10,7,,,,,,,E227,1,TIKTAALIK,,384 well plate Grainer,,,2026-03-10,50,,P6,,,0.73989406141183560,
J8,8.0,J,10,8,,,,,,,E227,1,TIKTAALIK,,384 well plate Grainer,,,2026-03-10,50,,P6,,,0.72128719273752150,
J9,9.0,J,10,9,,,,,,,E227,1,TIKTAALIK,,384 well plate Grainer,,,2026-03-10,50,,P6,,,0.73989406141183560,
J10,8.0,J,10,10,,,,,,,E227,1,TIKTAALIK,,384 well plate Grainer,,,2026-03-10,50,,P6,,,0.72128719273752150,
J11,11.0,J,10,11,,,,,,,E227,1,TIKTAALIK,,384 well plate Grainer,,,2026-03-10,50,,P6,,,0.77710779876046380,
J12,8.0,J,10,12,,,,,,,E227,1,TIKTAALIK,,384 well plate Grainer,,,2026-03-10,50,,P6,,,0.72128719273752150,
J13,10.0,J,10,13,,,,,,,E227,1,TIKTAALIK,,384 well plate Grainer,,,2026-03-10,50,,P6,,,0.75850093008614960,
J14,8.0,J,10,14,,,,,,,E227,1,TIKTAALIK,,384 well plate Grainer,,,2026-03-10,50,,P6,,,0.72128719273752150,
J15,8.0,J,10,15,,,,,,,E227,1,TIKTAALIK,,384 well plate Grainer,,,2026-03-10,50,,P6,,,0.72128719273752150,
J16,9.0,J,10,16,,,,,,,E227,1,TIKTAALIK,,384 well plate Grainer,,,2026-03-10,50,,P6,,,0.73989406141183560,
J17,9.0,J,10,17,,,,,,,E227,1,TIKTAALIK,,384 well plate Grainer,,,2026-03-10,50,,P6,,,0.73989406141183560,
J18,9.0,J,10,18,,,,,,,E227,1,TIKTAALIK,,384 well plate Grainer,,,2026-03-10,50,,P6,,,0.73989406141183560,
J19,8.0,J,10,19,,,,,,,E227,1,TIKTAALIK,,384 well plate Grainer,,,2026-03-10,50,,P6,,,0.72128719273752150,
J20,9.0,J,10,20,,,,,,,E227,1,TIKTAALIK,,384 well plate Grainer,,,2026-03-10,50,,P6,,,0.73989406141183560,
J21,9.0,J,10,21,,,,,,,E227,1,TIKTAALIK,,384 well plate Grainer,,,2026-03-10,50,,P6,,,0.73989406141183560,
J22,8.0,J,10,22,,,,,,,E227,1,TIKTAALIK,,384 well plate Grainer,,,2026-03-10,50,,P6,,,0.72128719273752150,
J23,8.0,J,10,23,,,,,,,E227,1,TIKTAALIK,,384 well plate Grainer,,,2026-03-10,50,,P6,,,0.72128719273752150,
J24,881.0,J,10,24,Standard - 5,,,,16.0,1.0,E227,1,TIKTAALIK,,384 well plate Grainer,,,2026-03-10,50,,P6,,,16.96508354541370500,16.96508354541371
K1,211.0,K,11,1,12-L_linear,384_control,12-L,MMA_7,,200.0,E227,1,TIKTAALIK,10.0,384 well plate Grainer,m9229555,linear,2026-03-10,50,,P6,384,control,4.49848153362327800,899.69630672465560
K2,242.0,K,11,2,12-L_linear,384_control,12-L,MMA_7,,200.0,E227,1,TIKTAALIK,10.0,384 well plate Grainer,m9229555,linear,2026-03-10,50,,P6,384,control,5.07529446252701400,1015.05889250540290
K3,252.0,K,11,3,12-L_linear,384_control,12-L,MMA_7,,200.0,E227,1,TIKTAALIK,10.0,384 well plate Grainer,m9229555,linear,2026-03-10,50,,P6,384,control,5.26136314927015500,1052.27262985403100
K4,248.0,K,11,4,12-L_linear,384_control,12-L,MMA_7,,200.0,E227,1,TIKTAALIK,10.0,384 well plate Grainer,m9229555,linear,2026-03-10,50,,P6,384,control,5.18693567457289900,1037.38713491457970
K5,8.0,K,11,5,,,,,,,E227,1,TIKTAALIK,,384 well plate Grainer,,,2026-03-10,50,,P6,,,0.72128719273752150,
K6,119.0,K,11,6,12-L_linear,384_control,12-L,MMA_7,,400.0,E227,1,TIKTAALIK,10.0,384 well plate Grainer,m9229555,linear,2026-03-10,50,,P6,384,control,2.78664961558638340,1114.65984623455320
K7,118.0,K,11,7,12-L_linear,384_control,12-L,MMA_7,,400.0,E227,1,TIKTAALIK,10.0,384 well plate Grainer,m9229555,linear,2026-03-10,50,,P6,384,control,2.76804274691206940,1107.21709876482780
K8,129.0,K,11,8,12-L_linear,384_control,12-L,MMA_7,,400.0,E227,1,TIKTAALIK,10.0,384 well plate Grainer,m9229555,linear,2026-03-10,50,,P6,384,control,2.97271830232952400,1189.08732093180970
K9,139.0,K,11,9,12-L_linear,384_control,12-L,MMA_7,,400.0,E227,1,TIKTAALIK,10.0,384 well plate Grainer,m9229555,linear,2026-03-10,50,,P6,384,control,3.15878698907266480,1263.51479562906600
K10,10.0,K,11,10,,,,,,,E227,1,TIKTAALIK,,384 well plate Grainer,,,2026-03-10,50,,P6,,,0.75850093008614960,
K11,8.0,K,11,11,,,,,,,E227,1,TIKTAALIK,,384 well plate Grainer,,,2026-03-10,50,,P6,,,0.72128719273752150,
K12,8.0,K,11,12,,,,,,,E227,1,TIKTAALIK,,384 well plate Grainer,,,2026-03-10,50,,P6,,,0.72128719273752150,
K13,8.0,K,11,13,,,,,,,E227,1,TIKTAALIK,,384 well plate Grainer,,,2026-03-10,50,,P6,,,0.72128719273752150,
K14,8.0,K,11,14,,,,,,,E227,1,TIKTAALIK,,384 well plate Grainer,,,2026-03-10,50,,P6,,,0.72128719273752150,
K15,11.0,K,11,15,,,,,,,E227,1,TIKTAALIK,,384 well plate Grainer,,,2026-03-10,50,,P6,,,0.77710779876046380,
K16,10.0,K,11,16,,,,,,,E227,1,TIKTAALIK,,384 well plate Grainer,,,2026-03-10,50,,P6,,,0.75850093008614960,
K17,9.0,K,11,17,,,,,,,E227,1,TIKTAALIK,,384 well plate Grainer,,,2026-03-10,50,,P6,,,0.73989406141183560,
K18,8.0,K,11,18,,,,,,,E227,1,TIKTAALIK,,384 well plate Grainer,,,2026-03-10,50,,P6,,,0.72128719273752150,
K19,8.0,K,11,19,,,,,,,E227,1,TIKTAALIK,,384 well plate Grainer,,,2026-03-10,50,,P6,,,0.72128719273752150,
K20,9.0,K,11,20,,,,,,,E227,1,TIKTAALIK,,384 well plate Grainer,,,2026-03-10,50,,P6,,,0.73989406141183560,
K21,11.0,K,11,21,,,,,,,E227,1,TIKTAALIK,,384 well plate Grainer,,,2026-03-10,50,,P6,,,0.77710779876046380,
K22,6.0,K,11,22,,,,,,,E227,1,TIKTAALIK,,384 well plate Grainer,,,2026-03-10,50,,P6,,,0.68407345538889330,
K23,10.0,K,11,23,,,,,,,E227,1,TIKTAALIK,,384 well plate Grainer,,,2026-03-10,50,,P6,,,0.75850093008614960,
K24,1690.0,K,11,24,Standard - 6,,,,32.0,1.0,E227,1,TIKTAALIK,,384 well plate Grainer,,,2026-03-10,50,,P6,,,32.01804030293379000,32.01804030293379
L1,9.0,L,12,1,,,,,,,E227,1,TIKTAALIK,,384 well plate Grainer,,,2026-03-10,50,,P6,,,0.73989406141183560,
L2,9.0,L,12,2,,,,,,,E227,1,TIKTAALIK,,384 well plate Grainer,,,2026-03-10,50,,P6,,,0.73989406141183560,
L3,7.0,L,12,3,,,,,,,E227,1,TIKTAALIK,,384 well plate Grainer,,,2026-03-10,50,,P6,,,0.70268032406320740,
L4,8.0,L,12,4,,,,,,,E227,1,TIKTAALIK,,384 well plate Grainer,,,2026-03-10,50,,P6,,,0.72128719273752150,
L5,9.0,L,12,5,,,,,,,E227,1,TIKTAALIK,,384 well plate Grainer,,,2026-03-10,50,,P6,,,0.73989406141183560,
L6,9.0,L,12,6,,,,,,,E227,1,TIKTAALIK,,384 well plate Grainer,,,2026-03-10,50,,P6,,,0.73989406141183560,
L7,8.0,L,12,7,,,,,,,E227,1,TIKTAALIK,,384 well plate Grainer,,,2026-03-10,50,,P6,,,0.72128719273752150,
L8,9.0,L,12,8,,,,,,,E227,1,TIKTAALIK,,384 well plate Grainer,,,2026-03-10,50,,P6,,,0.73989406141183560,
L9,8.0,L,12,9,,,,,,,E227,1,TIKTAALIK,,384 well plate Grainer,,,2026-03-10,50,,P6,,,0.72128719273752150,
L10,7.0,L,12,10,,,,,,,E227,1,TIKTAALIK,,384 well plate Grainer,,,2026-03-10,50,,P6,,,0.70268032406320740,
L11,8.0,L,12,11,,,,,,,E227,1,TIKTAALIK,,384 well plate Grainer,,,2026-03-10,50,,P6,,,0.72128719273752150,
L12,11.0,L,12,12,,,,,,,E227,1,TIKTAALIK,,384 well plate Grainer,,,2026-03-10,50,,P6,,,0.77710779876046380,
L13,10.0,L,12,13,,,,,,,E227,1,TIKTAALIK,,384 well plate Grainer,,,2026-03-10,50,,P6,,,0.75850093008614960,
L14,10.0,L,12,14,,,,,,,E227,1,TIKTAALIK,,384 well plate Grainer,,,2026-03-10,50,,P6,,,0.75850093008614960,
L15,9.0,L,12,15,,,,,,,E227,1,TIKTAALIK,,384 well plate Grainer,,,2026-03-10,50,,P6,,,0.73989406141183560,
L16,8.0,L,12,16,,,,,,,E227,1,TIKTAALIK,,384 well plate Grainer,,,2026-03-10,50,,P6,,,0.72128719273752150,
L17,8.0,L,12,17,,,,,,,E227,1,TIKTAALIK,,384 well plate Grainer,,,2026-03-10,50,,P6,,,0.72128719273752150,
L18,9.0,L,12,18,,,,,,,E227,1,TIKTAALIK,,384 well plate Grainer,,,2026-03-10,50,,P6,,,0.73989406141183560,
L19,9.0,L,12,19,,,,,,,E227,1,TIKTAALIK,,384 well plate Grainer,,,2026-03-10,50,,P6,,,0.73989406141183560,
L20,8.0,L,12,20,,,,,,,E227,1,TIKTAALIK,,384 well plate Grainer,,,2026-03-10,50,,P6,,,0.72128719273752150,
L21,8.0,L,12,21,,,,,,,E227,1,TIKTAALIK,,384 well plate Grainer,,,2026-03-10,50,,P6,,,0.72128719273752150,
L22,8.0,L,12,22,,,,,,,E227,1,TIKTAALIK,,384 well plate Grainer,,,2026-03-10,50,,P6,,,0.72128719273752150,
L23,9.0,L,12,23,,,,,,,E227,1,TIKTAALIK,,384 well plate Grainer,,,2026-03-10,50,,P6,,,0.73989406141183560,
L24,1622.0,L,12,24,Standard - 6,,,,32.0,1.0,E227,1,TIKTAALIK,,384 well plate Grainer,,,2026-03-10,50,,P6,,,30.75277323308043300,30.75277323308043
M1,8.0,M,13,1,12-L_neg,384_neg,12-L,MMA_7,,200.0,E227,1,TIKTAALIK,10.0,384 well plate Grainer,,neg,2026-03-10,50,,P6,384,neg,0.72128719273752150,144.25743854750430
M2,10.0,M,13,2,12-L_neg,384_neg,12-L,MMA_7,,200.0,E227,1,TIKTAALIK,10.0,384 well plate Grainer,,neg,2026-03-10,50,,P6,384,neg,0.75850093008614960,151.70018601722992
M3,10.0,M,13,3,12-L_neg,384_neg,12-L,MMA_7,,200.0,E227,1,TIKTAALIK,10.0,384 well plate Grainer,,neg,2026-03-10,50,,P6,384,neg,0.75850093008614960,151.70018601722992
M4,10.0,M,13,4,12-L_neg,384_neg,12-L,MMA_7,,200.0,E227,1,TIKTAALIK,10.0,384 well plate Grainer,,neg,2026-03-10,50,,P6,384,neg,0.75850093008614960,151.70018601722992
M5,7.0,M,13,5,,,,,,,E227,1,TIKTAALIK,,384 well plate Grainer,,,2026-03-10,50,,P6,,,0.70268032406320740,
M6,9.0,M,13,6,12-L_neg,384_neg,12-L,MMA_7,,400.0,E227,1,TIKTAALIK,10.0,384 well plate Grainer,,neg,2026-03-10,50,,P6,384,neg,0.73989406141183560,295.95762456473420
M7,9.0,M,13,7,12-L_neg,384_neg,12-L,MMA_7,,400.0,E227,1,TIKTAALIK,10.0,384 well plate Grainer,,neg,2026-03-10,50,,P6,384,neg,0.73989406141183560,295.95762456473420
M8,9.0,M,13,8,12-L_neg,384_neg,12-L,MMA_7,,400.0,E227,1,TIKTAALIK,10.0,384 well plate Grainer,,neg,2026-03-10,50,,P6,384,neg,0.73989406141183560,295.95762456473420
M9,9.0,M,13,9,12-L_neg,384_neg,12-L,MMA_7,,400.0,E227,1,TIKTAALIK,10.0,384 well plate Grainer,,neg,2026-03-10,50,,P6,384,neg,0.73989406141183560,295.95762456473420
M10,8.0,M,13,10,,,,,,,E227,1,TIKTAALIK,,384 well plate Grainer,,,2026-03-10,50,,P6,,,0.72128719273752150,
M11,10.0,M,13,11,,,,,,,E227,1,TIKTAALIK,,384 well plate Grainer,,,2026-03-10,50,,P6,,,0.75850093008614960,
M12,8.0,M,13,12,,,,,,,E227,1,TIKTAALIK,,384 well plate Grainer,,,2026-03-10,50,,P6,,,0.72128719273752150,
M13,8.0,M,13,13,,,,,,,E227,1,TIKTAALIK,,384 well plate Grainer,,,2026-03-10,50,,P6,,,0.72128719273752150,
M14,8.0,M,13,14,,,,,,,E227,1,TIKTAALIK,,384 well plate Grainer,,,2026-03-10,50,,P6,,,0.72128719273752150,
M15,9.0,M,13,15,,,,,,,E227,1,TIKTAALIK,,384 well plate Grainer,,,2026-03-10,50,,P6,,,0.73989406141183560,
M16,11.0,M,13,16,,,,,,,E227,1,TIKTAALIK,,384 well plate Grainer,,,2026-03-10,50,,P6,,,0.77710779876046380,
M17,10.0,M,13,17,,,,,,,E227,1,TIKTAALIK,,384 well plate Grainer,,,2026-03-10,50,,P6,,,0.75850093008614960,
M18,8.0,M,13,18,,,,,,,E227,1,TIKTAALIK,,384 well plate Grainer,,,2026-03-10,50,,P6,,,0.72128719273752150,
M19,8.0,M,13,19,,,,,,,E227,1,TIKTAALIK,,384 well plate Grainer,,,2026-03-10,50,,P6,,,0.72128719273752150,
M20,8.0,M,13,20,,,,,,,E227,1,TIKTAALIK,,384 well plate Grainer,,,2026-03-10,50,,P6,,,0.72128719273752150,
M21,9.0,M,13,21,,,,,,,E227,1,TIKTAALIK,,384 well plate Grainer,,,2026-03-10,50,,P6,,,0.73989406141183560,
M22,10.0,M,13,22,,,,,,,E227,1,TIKTAALIK,,384 well plate Grainer,,,2026-03-10,50,,P6,,,0.75850093008614960,
M23,10.0,M,13,23,,,,,,,E227,1,TIKTAALIK,,384 well plate Grainer,,,2026-03-10,50,,P6,,,0.75850093008614960,
M24,3363.0,M,13,24,Standard - 7,,,,64.0,1.0,E227,1,TIKTAALIK,,384 well plate Grainer,,,2026-03-10,50,,P6,,,63.14733159506123000,63.14733159506123
N1,10.0,N,14,1,,,,,,,E227,1,TIKTAALIK,,384 well plate Grainer,,,2026-03-10,50,,P6,,,0.75850093008614960,
N2,10.0,N,14,2,,,,,,,E227,1,TIKTAALIK,,384 well plate Grainer,,,2026-03-10,50,,P6,,,0.75850093008614960,
N3,10.0,N,14,3,,,,,,,E227,1,TIKTAALIK,,384 well plate Grainer,,,2026-03-10,50,,P6,,,0.75850093008614960,
N4,10.0,N,14,4,,,,,,,E227,1,TIKTAALIK,,384 well plate Grainer,,,2026-03-10,50,,P6,,,0.75850093008614960,
N5,9.0,N,14,5,,,,,,,E227,1,TIKTAALIK,,384 well plate Grainer,,,2026-03-10,50,,P6,,,0.73989406141183560,
N6,9.0,N,14,6,,,,,,,E227,1,TIKTAALIK,,384 well plate Grainer,,,2026-03-10,50,,P6,,,0.73989406141183560,
N7,10.0,N,14,7,,,,,,,E227,1,TIKTAALIK,,384 well plate Grainer,,,2026-03-10,50,,P6,,,0.75850093008614960,
N8,7.0,N,14,8,,,,,,,E227,1,TIKTAALIK,,384 well plate Grainer,,,2026-03-10,50,,P6,,,0.70268032406320740,
N9,10.0,N,14,9,,,,,,,E227,1,TIKTAALIK,,384 well plate Grainer,,,2026-03-10,50,,P6,,,0.75850093008614960,
N10,8.0,N,14,10,,,,,,,E227,1,TIKTAALIK,,384 well plate Grainer,,,2026-03-10,50,,P6,,,0.72128719273752150,
N11,8.0,N,14,11,,,,,,,E227,1,TIKTAALIK,,384 well plate Grainer,,,2026-03-10,50,,P6,,,0.72128719273752150,
N12,8.0,N,14,12,,,,,,,E227,1,TIKTAALIK,,384 well plate Grainer,,,2026-03-10,50,,P6,,,0.72128719273752150,
N13,9.0,N,14,13,,,,,,,E227,1,TIKTAALIK,,384 well plate Grainer,,,2026-03-10,50,,P6,,,0.73989406141183560,
N14,9.0,N,14,14,,,,,,,E227,1,TIKTAALIK,,384 well plate Grainer,,,2026-03-10,50,,P6,,,0.73989406141183560,
N15,9.0,N,14,15,,,,,,,E227,1,TIKTAALIK,,384 well plate Grainer,,,2026-03-10,50,,P6,,,0.73989406141183560,
N16,9.0,N,14,16,,,,,,,E227,1,TIKTAALIK,,384 well plate Grainer,,,2026-03-10,50,,P6,,,0.73989406141183560,
N17,9.0,N,14,17,,,,,,,E227,1,TIKTAALIK,,384 well plate Grainer,,,2026-03-10,50,,P6,,,0.73989406141183560,
N18,8.0,N,14,18,,,,,,,E227,1,TIKTAALIK,,384 well plate Grainer,,,2026-03-10,50,,P6,,,0.72128719273752150,
N19,10.0,N,14,19,,,,,,,E227,1,TIKTAALIK,,384 well plate Grainer,,,2026-03-10,50,,P6,,,0.75850093008614960,
N20,10.0,N,14,20,,,,,,,E227,1,TIKTAALIK,,384 well plate Grainer,,,2026-03-10,50,,P6,,,0.75850093008614960,
N21,10.0,N,14,21,,,,,,,E227,1,TIKTAALIK,,384 well plate Grainer,,,2026-03-10,50,,P6,,,0.75850093008614960,
N22,11.0,N,14,22,,,,,,,E227,1,TIKTAALIK,,384 well plate Grainer,,,2026-03-10,50,,P6,,,0.77710779876046380,
N23,8.0,N,14,23,,,,,,,E227,1,TIKTAALIK,,384 well plate Grainer,,,2026-03-10,50,,P6,,,0.72128719273752150,
N24,3288.0,N,14,24,Standard - 7,,,,64.0,1.0,E227,1,TIKTAALIK,,384 well plate Grainer,,,2026-03-10,50,,P6,,,61.75181644448768000,61.75181644448768
O1,8.0,O,15,1,,,,,,,E227,1,TIKTAALIK,,384 well plate Grainer,,,2026-03-10,50,,P6,,,0.72128719273752150,
O2,9.0,O,15,2,,,,,,,E227,1,TIKTAALIK,,384 well plate Grainer,,,2026-03-10,50,,P6,,,0.73989406141183560,
O3,8.0,O,15,3,,,,,,,E227,1,TIKTAALIK,,384 well plate Grainer,,,2026-03-10,50,,P6,,,0.72128719273752150,
O4,9.0,O,15,4,,,,,,,E227,1,TIKTAALIK,,384 well plate Grainer,,,2026-03-10,50,,P6,,,0.73989406141183560,
O5,9.0,O,15,5,,,,,,,E227,1,TIKTAALIK,,384 well plate Grainer,,,2026-03-10,50,,P6,,,0.73989406141183560,
O6,7.0,O,15,6,,,,,,,E227,1,TIKTAALIK,,384 well plate Grainer,,,2026-03-10,50,,P6,,,0.70268032406320740,
O7,9.0,O,15,7,,,,,,,E227,1,TIKTAALIK,,384 well plate Grainer,,,2026-03-10,50,,P6,,,0.73989406141183560,
O8,8.0,O,15,8,,,,,,,E227,1,TIKTAALIK,,384 well plate Grainer,,,2026-03-10,50,,P6,,,0.72128719273752150,
O9,8.0,O,15,9,,,,,,,E227,1,TIKTAALIK,,384 well plate Grainer,,,2026-03-10,50,,P6,,,0.72128719273752150,
O10,9.0,O,15,10,,,,,,,E227,1,TIKTAALIK,,384 well plate Grainer,,,2026-03-10,50,,P6,,,0.73989406141183560,
O11,9.0,O,15,11,,,,,,,E227,1,TIKTAALIK,,384 well plate Grainer,,,2026-03-10,50,,P6,,,0.73989406141183560,
O12,9.0,O,15,12,,,,,,,E227,1,TIKTAALIK,,384 well plate Grainer,,,2026-03-10,50,,P6,,,0.73989406141183560,
O13,10.0,O,15,13,,,,,,,E227,1,TIKTAALIK,,384 well plate Grainer,,,2026-03-10,50,,P6,,,0.75850093008614960,
O14,10.0,O,15,14,,,,,,,E227,1,TIKTAALIK,,384 well plate Grainer,,,2026-03-10,50,,P6,,,0.75850093008614960,
O15,9.0,O,15,15,,,,,,,E227,1,TIKTAALIK,,384 well plate Grainer,,,2026-03-10,50,,P6,,,0.73989406141183560,
O16,9.0,O,15,16,,,,,,,E227,1,TIKTAALIK,,384 well plate Grainer,,,2026-03-10,50,,P6,,,0.73989406141183560,
O17,8.0,O,15,17,,,,,,,E227,1,TIKTAALIK,,384 well plate Grainer,,,2026-03-10,50,,P6,,,0.72128719273752150,
O18,9.0,O,15,18,,,,,,,E227,1,TIKTAALIK,,384 well plate Grainer,,,2026-03-10,50,,P6,,,0.73989406141183560,
O19,9.0,O,15,19,,,,,,,E227,1,TIKTAALIK,,384 well plate Grainer,,,2026-03-10,50,,P6,,,0.73989406141183560,
O20,8.0,O,15,20,,,,,,,E227,1,TIKTAALIK,,384 well plate Grainer,,,2026-03-10,50,,P6,,,0.72128719273752150,
O21,11.0,O,15,21,,,,,,,E227,1,TIKTAALIK,,384 well plate Grainer,,,2026-03-10,50,,P6,,,0.77710779876046380,
O22,7.0,O,15,22,,,,,,,E227,1,TIKTAALIK,,384 well plate Grainer,,,2026-03-10,50,,P6,,,0.70268032406320740,
O23,9.0,O,15,23,,,,,,,E227,1,TIKTAALIK,,384 well plate Grainer,,,2026-03-10,50,,P6,,,0.73989406141183560,
O24,6800.0,O,15,24,Standard - 8,,,,128.0,1.0,E227,1,TIKTAALIK,,384 well plate Grainer,,,2026-03-10,50,,P6,,,127.09913922867870000,127.09913922867870
P1,8.0,P,16,1,,,,,,,E227,1,TIKTAALIK,,384 well plate Grainer,,,2026-03-10,50,,P6,,,0.72128719273752150,
P2,7.0,P,16,2,,,,,,,E227,1,TIKTAALIK,,384 well plate Grainer,,,2026-03-10,50,,P6,,,0.70268032406320740,
P3,9.0,P,16,3,,,,,,,E227,1,TIKTAALIK,,384 well plate Grainer,,,2026-03-10,50,,P6,,,0.73989406141183560,
P4,9.0,P,16,4,,,,,,,E227,1,TIKTAALIK,,384 well plate Grainer,,,2026-03-10,50,,P6,,,0.73989406141183560,
P5,8.0,P,16,5,,,,,,,E227,1,TIKTAALIK,,384 well plate Grainer,,,2026-03-10,50,,P6,,,0.72128719273752150,
P6,8.0,P,16,6,,,,,,,E227,1,TIKTAALIK,,384 well plate Grainer,,,2026-03-10,50,,P6,,,0.72128719273752150,
P7,11.0,P,16,7,,,,,,,E227,1,TIKTAALIK,,384 well plate Grainer,,,2026-03-10,50,,P6,,,0.77710779876046380,
P8,8.0,P,16,8,,,,,,,E227,1,TIKTAALIK,,384 well plate Grainer,,,2026-03-10,50,,P6,,,0.72128719273752150,
P9,11.0,P,16,9,,,,,,,E227,1,TIKTAALIK,,384 well plate Grainer,,,2026-03-10,50,,P6,,,0.77710779876046380,
P10,11.0,P,16,10,,,,,,,E227,1,TIKTAALIK,,384 well plate Grainer,,,2026-03-10,50,,P6,,,0.77710779876046380,
P11,10.0,P,16,11,,,,,,,E227,1,TIKTAALIK,,384 well plate Grainer,,,2026-03-10,50,,P6,,,0.75850093008614960,
P12,10.0,P,16,12,,,,,,,E227,1,TIKTAALIK,,384 well plate Grainer,,,2026-03-10,50,,P6,,,0.75850093008614960,
P13,8.0,P,16,13,,,,,,,E227,1,TIKTAALIK,,384 well plate Grainer,,,2026-03-10,50,,P6,,,0.72128719273752150,
P14,7.0,P,16,14,,,,,,,E227,1,TIKTAALIK,,384 well plate Grainer,,,2026-03-10,50,,P6,,,0.70268032406320740,
P15,11.0,P,16,15,,,,,,,E227,1,TIKTAALIK,,384 well plate Grainer,,,2026-03-10,50,,P6,,,0.77710779876046380,
P16,8.0,P,16,16,,,,,,,E227,1,TIKTAALIK,,384 well plate Grainer,,,2026-03-10,50,,P6,,,0.72128719273752150,
P17,7.0,P,16,17,,,,,,,E227,1,TIKTAALIK,,384 well plate Grainer,,,2026-03-10,50,,P6,,,0.70268032406320740,
P18,9.0,P,16,18,,,,,,,E227,1,TIKTAALIK,,384 well plate Grainer,,,2026-03-10,50,,P6,,,0.73989406141183560,
P19,9.0,P,16,19,,,,,,,E227,1,TIKTAALIK,,384 well plate Grainer,,,2026-03-10,50,,P6,,,0.73989406141183560,
P20,8.0,P,16,20,,,,,,,E227,1,TIKTAALIK,,384 well plate Grainer,,,2026-03-10,50,,P6,,,0.72128719273752150,
P21,9.0,P,16,21,,,,,,,E227,1,TIKTAALIK,,384 well plate Grainer,,,2026-03-10,50,,P6,,,0.73989406141183560,
P22,9.0,P,16,22,,,,,,,E227,1,TIKTAALIK,,384 well plate Grainer,,,2026-03-10,50,,P6,,,0.73989406141183560,
P23,10.0,P,16,23,,,,,,,E227,1,TIKTAALIK,,384 well plate Grainer,,,2026-03-10,50,,P6,,,0.75850093008614960,
P24,6977.0,P,16,24,Standard - 8,,,,128.0,1.0,E227,1,TIKTAALIK,,384 well plate Grainer,,,2026-03-10,50,,P6,,,130.39255498403227000,130.39255498403227
A1,646.0,A,1,1,Axygen_Ready96_P2,Axygen_Ready96,12-L,MMC_20,,200.0,E193,1,TIKTAALIK,20.0,384 well plate Grainer,m9134733,Plasmid,2026-03-10,50,P2,P2,Axygen,Ready96,13.73017537079208600,2746.03507415841700
A2,279.0,A,1,2,Axygen_Ready96_P2,Axygen_Ready96,12-L,MMC_20,,400.0,E193,1,TIKTAALIK,,384 well plate Grainer,,Plasmid,2026-03-10,50,P2,P2,Axygen,Ready96,6.16424838230228000,2465.69935292091200
A3,707.0,A,1,3,Axygen_Ready96_P2,Axygen_Ready96,12-L,MMC_20,,200.0,E193,1,TIKTAALIK,20.0,384 well plate Grainer,m9134733,Plasmid,2026-03-10,50,P2,P2,Axygen,Ready96,14.98772726806150900,2997.54545361230160
A4,292.0,A,1,4,Axygen_Ready96_P2,Axygen_Ready96,12-L,MMC_20,,400.0,E193,1,TIKTAALIK,,384 well plate Grainer,,Plasmid,2026-03-10,50,P2,P2,Axygen,Ready96,6.43225124565478000,2572.90049826191200
A5,599.0,A,1,5,Axygen_Ready96_P2,Axygen_Ready96,12-L,MMC_20,,200.0,E193,1,TIKTAALIK,20.0,384 well plate Grainer,m9134733,Plasmid,2026-03-10,50,P2,P2,Axygen,Ready96,12.76124194174843200,2552.24838834968660
A6,268.0,A,1,6,Axygen_Ready96_P2,Axygen_Ready96,12-L,MMC_20,,400.0,E193,1,TIKTAALIK,,384 well plate Grainer,,Plasmid,2026-03-10,50,P2,P2,Axygen,Ready96,5.93747672869631900,2374.99069147852740
A7,570.0,A,1,7,Axygen_Ready96_P2,Axygen_Ready96,12-L,MMC_20,,200.0,E193,1,TIKTAALIK,20.0,384 well plate Grainer,m9134733,Plasmid,2026-03-10,50,P2,P2,Axygen,Ready96,12.16338940042362500,2432.67788008472500
A8,259.0,A,1,8,Axygen_Ready96_P2,Axygen_Ready96,12-L,MMC_20,,400.0,E193,1,TIKTAALIK,,384 well plate Grainer,,Plasmid,2026-03-10,50,P2,P2,Axygen,Ready96,5.75193628483689600,2300.77451393475850
A9,608.0,A,1,9,Axygen_Ready96_P2,Axygen_Ready96,12-L,MMC_20,,200.0,E193,1,TIKTAALIK,20.0,384 well plate Grainer,m9134733,Plasmid,2026-03-10,50,P2,P2,Axygen,Ready96,12.94678238560785600,2589.35647712157100
A10,265.0,A,1,10,Axygen_Ready96_P2,Axygen_Ready96,12-L,MMC_20,,400.0,E193,1,TIKTAALIK,,384 well plate Grainer,,Plasmid,2026-03-10,50,P2,P2,Axygen,Ready96,5.87562991407651100,2350.25196563060440
A11,506.0,A,1,11,Axygen_Ready96_P2,Axygen_Ready96,12-L,MMC_20,,200.0,E193,1,TIKTAALIK,20.0,384 well plate Grainer,m9134733,Plasmid,2026-03-10,50,P2,P2,Axygen,Ready96,10.84399068853439400,2168.79813770687860
A12,243.0,A,1,12,Axygen_Ready96_P2,Axygen_Ready96,12-L,MMC_20,,400.0,E193,1,TIKTAALIK,,384 well plate Grainer,,Plasmid,2026-03-10,50,P2,P2,Axygen,Ready96,5.42208660686458800,2168.83464274583500
A13,557.0,A,1,13,Axygen_Ready96_P2,Axygen_Ready96,12-L,MMC_20,,200.0,E193,1,TIKTAALIK,20.0,384 well plate Grainer,m9134733,Plasmid,2026-03-10,50,P2,P2,Axygen,Ready96,11.89538653707112600,2379.07730741422530
A14,245.0,A,1,14,Axygen_Ready96_P2,Axygen_Ready96,12-L,MMC_20,,400.0,E193,1,TIKTAALIK,,384 well plate Grainer,,Plasmid,2026-03-10,50,P2,P2,Axygen,Ready96,5.46331781661112600,2185.32712664445030
A15,526.0,A,1,15,Axygen_Ready96_P2,Axygen_Ready96,12-L,MMC_20,,200.0,E193,1,TIKTAALIK,20.0,384 well plate Grainer,m9134733,Plasmid,2026-03-10,50,P2,P2,Axygen,Ready96,11.25630278599977900,2251.26055719995570
A16,242.0,A,1,16,Axygen_Ready96_P2,Axygen_Ready96,12-L,MMC_20,,400.0,E193,1,TIKTAALIK,,384 well plate Grainer,,Plasmid,2026-03-10,50,P2,P2,Axygen,Ready96,5.40147100199131900,2160.58840079652800
A17,510.0,A,1,17,Axygen_Ready96_P2,Axygen_Ready96,12-L,MMC_20,,200.0,E193,1,TIKTAALIK,20.0,384 well plate Grainer,m9134733,Plasmid,2026-03-10,50,P2,P2,Axygen,Ready96,10.92645310802747200,2185.29062160549440
A18,231.0,A,1,18,Axygen_Ready96_P2,Axygen_Ready96,12-L,MMC_20,,400.0,E193,1,TIKTAALIK,,384 well plate Grainer,,Plasmid,2026-03-10,50,P2,P2,Axygen,Ready96,5.17469934838535700,2069.87973935414300
A19,485.0,A,1,19,Axygen_Ready96_P2,Axygen_Ready96,12-L,MMC_20,,200.0,E193,1,TIKTAALIK,20.0,384 well plate Grainer,m9134733,Plasmid,2026-03-10,50,P2,P2,Axygen,Ready96,10.41106298619574100,2082.21259723914800
A20,220.0,A,1,20,Axygen_Ready96_P2,Axygen_Ready96,12-L,MMC_20,,400.0,E193,1,TIKTAALIK,,384 well plate Grainer,,Plasmid,2026-03-10,50,P2,P2,Axygen,Ready96,4.94792769477939600,1979.17107791175840
A21,518.0,A,1,21,Axygen_Ready96_P2,Axygen_Ready96,12-L,MMC_20,,200.0,E193,1,TIKTAALIK,20.0,384 well plate Grainer,m9134733,Plasmid,2026-03-10,50,P2,P2,Axygen,Ready96,11.09137794701362600,2218.27558940272500
A22,226.0,A,1,22,Axygen_Ready96_P2,Axygen_Ready96,12-L,MMC_20,,400.0,E193,1,TIKTAALIK,,384 well plate Grainer,,Plasmid,2026-03-10,50,P2,P2,Axygen,Ready96,5.07162132401901100,2028.64852960760440
A23,371.0,A,1,23,Axygen_Ready96_P2,Axygen_Ready96,12-L,MMC_20,,200.0,E193,1,TIKTAALIK,20.0,384 well plate Grainer,m9134733,Plasmid,2026-03-10,50,P2,P2,Axygen,Ready96,8.06088403064304900,1612.17680612860980
A24,174.0,A,1,24,Axygen_Ready96_P2,Axygen_Ready96,12-L,MMC_20,,400.0,E193,1,TIKTAALIK,,384 well plate Grainer,,Plasmid,2026-03-10,50,P2,P2,Axygen,Ready96,3.99960987060901100,1599.84394824360450
B1,573.0,B,2,1,Axygen_Ready96_IB,Axygen_Ready96,12-L,MMC_20,,200.0,E193,1,TIKTAALIK,20.0,384 well plate Grainer,m9134733,Plasmid,2026-03-10,50,P6,P2,Axygen,Ready96,12.22523621504343300,2445.04724300868660
B2,236.0,B,2,2,Axygen_Ready96_IB,Axygen_Ready96,12-L,MMC_20,,400.0,E193,1,TIKTAALIK,,384 well plate Grainer,,Plasmid,2026-03-10,50,P6,P2,Axygen,Ready96,5.27777737275170400,2111.11094910068140
B3,578.0,B,2,3,Axygen_Ready96_IB,Axygen_Ready96,12-L,MMC_20,,200.0,E193,1,TIKTAALIK,20.0,384 well plate Grainer,m9134733,Plasmid,2026-03-10,50,P6,P2,Axygen,Ready96,12.32831423940978000,2465.66284788195600
B4,229.0,B,2,4,Axygen_Ready96_IB,Axygen_Ready96,12-L,MMC_20,,400.0,E193,1,TIKTAALIK,,384 well plate Grainer,,Plasmid,2026-03-10,50,P6,P2,Axygen,Ready96,5.13346813863881800,2053.38725545552730
B5,533.0,B,2,5,Axygen_Ready96_IB,Axygen_Ready96,12-L,MMC_20,,200.0,E193,1,TIKTAALIK,20.0,384 well plate Grainer,m9134733,Plasmid,2026-03-10,50,P6,P2,Axygen,Ready96,11.40061202011266400,2280.12240402253300
B6,247.0,B,2,6,Axygen_Ready96_IB,Axygen_Ready96,12-L,MMC_20,,400.0,E193,1,TIKTAALIK,,384 well plate Grainer,,Plasmid,2026-03-10,50,P6,P2,Axygen,Ready96,5.50454902635766400,2201.81961054306570
B7,511.0,B,2,7,Axygen_Ready96_IB,Axygen_Ready96,12-L,MMC_20,,200.0,E193,1,TIKTAALIK,20.0,384 well plate Grainer,m9134733,Plasmid,2026-03-10,50,P6,P2,Axygen,Ready96,10.94706871290074100,2189.41374258014800
B8,226.0,B,2,8,Axygen_Ready96_IB,Axygen_Ready96,12-L,MMC_20,,400.0,E193,1,TIKTAALIK,,384 well plate Grainer,,Plasmid,2026-03-10,50,P6,P2,Axygen,Ready96,5.07162132401901100,2028.64852960760440
B9,513.0,B,2,9,Axygen_Ready96_IB,Axygen_Ready96,12-L,MMC_20,,200.0,E193,1,TIKTAALIK,20.0,384 well plate Grainer,m9134733,Plasmid,2026-03-10,50,P6,P2,Axygen,Ready96,10.98829992264727900,2197.65998452945600
B10,198.0,B,2,10,Axygen_Ready96_IB,Axygen_Ready96,12-L,MMC_20,,400.0,E193,1,TIKTAALIK,,384 well plate Grainer,,Plasmid,2026-03-10,50,P6,P2,Axygen,Ready96,4.49438438756747250,1797.75375502698900
B11,469.0,B,2,11,Axygen_Ready96_IB,Axygen_Ready96,12-L,MMC_20,,200.0,E193,1,TIKTAALIK,20.0,384 well plate Grainer,m9134733,Plasmid,2026-03-10,50,P6,P2,Axygen,Ready96,10.08121330822343300,2016.24266164468650
B12,169.0,B,2,12,Axygen_Ready96_IB,Axygen_Ready96,12-L,MMC_20,,400.0,E193,1,TIKTAALIK,,384 well plate Grainer,,Plasmid,2026-03-10,50,P6,P2,Axygen,Ready96,3.89653184624266520,1558.61273849706620
B13,752.0,B,2,13,Axygen_Ready96_IB,Axygen_Ready96,12-L,MMC_20,,200.0,E193,1,TIKTAALIK,20.0,384 well plate Grainer,m9134733,Plasmid,2026-03-10,50,P6,P2,Axygen,Ready96,15.91542948735862400,3183.08589747172500
B14,317.0,B,2,14,Axygen_Ready96_IB,Axygen_Ready96,12-L,MMC_20,,400.0,E193,1,TIKTAALIK,,384 well plate Grainer,,Plasmid,2026-03-10,50,P6,P2,Axygen,Ready96,6.94764136748651050,2779.05654699460400
B15,540.0,B,2,15,Axygen_Ready96_IB,Axygen_Ready96,12-L,MMC_20,,200.0,E193,1,TIKTAALIK,20.0,384 well plate Grainer,m9134733,Plasmid,2026-03-10,50,P6,P2,Axygen,Ready96,11.54492125422554800,2308.98425084510970
B16,230.0,B,2,16,Axygen_Ready96_IB,Axygen_Ready96,12-L,MMC_20,,400.0,E193,1,TIKTAALIK,,384 well plate Grainer,,Plasmid,2026-03-10,50,P6,P2,Axygen,Ready96,5.15408374351208800,2061.63349740483550
B17,537.0,B,2,17,Axygen_Ready96_IB,Axygen_Ready96,12-L,MMC_20,,200.0,E193,1,TIKTAALIK,20.0,384 well plate Grainer,m9134733,Plasmid,2026-03-10,50,P6,P2,Axygen,Ready96,11.48307443960574000,2296.61488792114820
B18,225.0,B,2,18,Axygen_Ready96_IB,Axygen_Ready96,12-L,MMC_20,,400.0,E193,1,TIKTAALIK,,384 well plate Grainer,,Plasmid,2026-03-10,50,P6,P2,Axygen,Ready96,5.05100571914574200,2020.40228765829670
B19,649.0,B,2,19,Axygen_Ready96_IB,Axygen_Ready96,12-L,MMC_20,,200.0,E193,1,TIKTAALIK,20.0,384 well plate Grainer,m9134733,Plasmid,2026-03-10,50,P6,P2,Axygen,Ready96,13.79202218541189500,2758.40443708237900
B20,242.0,B,2,20,Axygen_Ready96_IB,Axygen_Ready96,12-L,MMC_20,,400.0,E193,1,TIKTAALIK,,384 well plate Grainer,,Plasmid,2026-03-10,50,P6,P2,Axygen,Ready96,5.40147100199131900,2160.58840079652800
B21,614.0,B,2,21,Axygen_Ready96_IB,Axygen_Ready96,12-L,MMC_20,,200.0,E193,1,TIKTAALIK,20.0,384 well plate Grainer,m9134733,Plasmid,2026-03-10,50,P6,P2,Axygen,Ready96,13.07047601484747200,2614.09520296949450
B22,279.0,B,2,22,Axygen_Ready96_IB,Axygen_Ready96,12-L,MMC_20,,400.0,E193,1,TIKTAALIK,,384 well plate Grainer,,Plasmid,2026-03-10,50,P6,P2,Axygen,Ready96,6.16424838230228000,2465.69935292091200
B23,498.0,B,2,23,Axygen_Ready96_IB,Axygen_Ready96,12-L,MMC_20,,200.0,E193,1,TIKTAALIK,20.0,384 well plate Grainer,m9134733,Plasmid,2026-03-10,50,P6,P2,Axygen,Ready96,10.67906584954824100,2135.81316990964840
B24,212.0,B,2,24,Axygen_Ready96_IB,Axygen_Ready96,12-L,MMC_20,,400.0,E193,1,TIKTAALIK,,384 well plate Grainer,,Plasmid,2026-03-10,50,P6,P2,Axygen,Ready96,4.78300285579324200,1913.20114231729700
C1,8.0,C,3,1,,,,,,,E193,1,TIKTAALIK,20.0,384 well plate Grainer,m9134733,,2026-03-10,50,,P2,,,0.57741946164631960,
C2,10.0,C,3,2,,,,,,,E193,1,TIKTAALIK,,384 well plate Grainer,,,2026-03-10,50,,P2,,,0.61865067139285810,
C3,8.0,C,3,3,,,,,,,E193,1,TIKTAALIK,20.0,384 well plate Grainer,m9134733,,2026-03-10,50,,P2,,,0.57741946164631960,
C4,6.0,C,3,4,,,,,,,E193,1,TIKTAALIK,,384 well plate Grainer,,,2026-03-10,50,,P2,,,0.53618825189978110,
C5,9.0,C,3,5,,,,,,,E193,1,TIKTAALIK,20.0,384 well plate Grainer,m9134733,,2026-03-10,50,,P2,,,0.59803506651958880,
C6,8.0,C,3,6,,,,,,,E193,1,TIKTAALIK,,384 well plate Grainer,,,2026-03-10,50,,P2,,,0.57741946164631960,
C7,10.0,C,3,7,,,,,,,E193,1,TIKTAALIK,20.0,384 well plate Grainer,m9134733,,2026-03-10,50,,P2,,,0.61865067139285810,
C8,10.0,C,3,8,,,,,,,E193,1,TIKTAALIK,,384 well plate Grainer,,,2026-03-10,50,,P2,,,0.61865067139285810,
C9,8.0,C,3,9,,,,,,,E193,1,TIKTAALIK,20.0,384 well plate Grainer,m9134733,,2026-03-10,50,,P2,,,0.57741946164631960,
C10,8.0,C,3,10,,,,,,,E193,1,TIKTAALIK,,384 well plate Grainer,,,2026-03-10,50,,P2,,,0.57741946164631960,
C11,10.0,C,3,11,,,,,,,E193,1,TIKTAALIK,20.0,384 well plate Grainer,m9134733,,2026-03-10,50,,P2,,,0.61865067139285810,
C12,9.0,C,3,12,,,,,,,E193,1,TIKTAALIK,,384 well plate Grainer,,,2026-03-10,50,,P2,,,0.59803506651958880,
C13,9.0,C,3,13,,,,,,,E193,1,TIKTAALIK,20.0,384 well plate Grainer,m9134733,,2026-03-10,50,,P2,,,0.59803506651958880,
C14,7.0,C,3,14,,,,,,,E193,1,TIKTAALIK,,384 well plate Grainer,,,2026-03-10,50,,P2,,,0.55680385677305040,
C15,9.0,C,3,15,,,,,,,E193,1,TIKTAALIK,20.0,384 well plate Grainer,m9134733,,2026-03-10,50,,P2,,,0.59803506651958880,
C16,10.0,C,3,16,,,,,,,E193,1,TIKTAALIK,,384 well plate Grainer,,,2026-03-10,50,,P2,,,0.61865067139285810,
C17,10.0,C,3,17,,,,,,,E193,1,TIKTAALIK,20.0,384 well plate Grainer,m9134733,,2026-03-10,50,,P2,,,0.61865067139285810,
C18,9.0,C,3,18,,,,,,,E193,1,TIKTAALIK,,384 well plate Grainer,,,2026-03-10,50,,P2,,,0.59803506651958880,
C19,10.0,C,3,19,,,,,,,E193,1,TIKTAALIK,20.0,384 well plate Grainer,m9134733,,2026-03-10,50,,P2,,,0.61865067139285810,
C20,10.0,C,3,20,,,,,,,E193,1,TIKTAALIK,,384 well plate Grainer,,,2026-03-10,50,,P2,,,0.61865067139285810,
C21,9.0,C,3,21,,,,,,,E193,1,TIKTAALIK,20.0,384 well plate Grainer,m9134733,,2026-03-10,50,,P2,,,0.59803506651958880,
C22,10.0,C,3,22,,,,,,,E193,1,TIKTAALIK,,384 well plate Grainer,,,2026-03-10,50,,P2,,,0.61865067139285810,
C23,8.0,C,3,23,,,,,,,E193,1,TIKTAALIK,20.0,384 well plate Grainer,m9134733,,2026-03-10,50,,P2,,,0.57741946164631960,
C24,8.0,C,3,24,,,,,,,E193,1,TIKTAALIK,,384 well plate Grainer,,,2026-03-10,50,,P2,,,0.57741946164631960,
D1,547.0,D,4,1,Eppendorf_Ready96_P2,Eppendorf_Ready96,12-L,MMC_20,,200.0,E193,1,TIKTAALIK,20.0,384 well plate Grainer,m9134733,Plasmid,2026-03-10,50,P2,P2,Eppendorf,Ready96,11.68923048833843300,2337.84609766768650
D2,277.0,D,4,2,Eppendorf_Ready96_P2,Eppendorf_Ready96,12-L,MMC_20,,400.0,E193,1,TIKTAALIK,,384 well plate Grainer,,Plasmid,2026-03-10,50,P2,P2,Eppendorf,Ready96,6.12301717255574200,2449.20686902229700
D3,488.0,D,4,3,Eppendorf_Ready96_P2,Eppendorf_Ready96,12-L,MMC_20,,200.0,E193,1,TIKTAALIK,20.0,384 well plate Grainer,m9134733,Plasmid,2026-03-10,50,P2,P2,Eppendorf,Ready96,10.47290980081554900,2094.58196016310970
D4,235.0,D,4,4,Eppendorf_Ready96_P2,Eppendorf_Ready96,12-L,MMC_20,,400.0,E193,1,TIKTAALIK,,384 well plate Grainer,,Plasmid,2026-03-10,50,P2,P2,Eppendorf,Ready96,5.25716176787843400,2102.86470715137330
D5,479.0,D,4,5,Eppendorf_Ready96_P2,Eppendorf_Ready96,12-L,MMC_20,,200.0,E193,1,TIKTAALIK,20.0,384 well plate Grainer,m9134733,Plasmid,2026-03-10,50,P2,P2,Eppendorf,Ready96,10.28736935695612500,2057.47387139122500
D6,240.0,D,4,6,Eppendorf_Ready96_P2,Eppendorf_Ready96,12-L,MMC_20,,400.0,E193,1,TIKTAALIK,,384 well plate Grainer,,Plasmid,2026-03-10,50,P2,P2,Eppendorf,Ready96,5.36023979224478000,2144.09591689791200
D7,467.0,D,4,7,Eppendorf_Ready96_P2,Eppendorf_Ready96,12-L,MMC_20,,200.0,E193,1,TIKTAALIK,20.0,384 well plate Grainer,m9134733,Plasmid,2026-03-10,50,P2,P2,Eppendorf,Ready96,10.03998209847689400,2007.99641969537880
D8,228.0,D,4,8,Eppendorf_Ready96_P2,Eppendorf_Ready96,12-L,MMC_20,,400.0,E193,1,TIKTAALIK,,384 well plate Grainer,,Plasmid,2026-03-10,50,P2,P2,Eppendorf,Ready96,5.11285253376554900,2045.14101350621970
D9,591.0,D,4,9,Eppendorf_Ready96_P2,Eppendorf_Ready96,12-L,MMC_20,,200.0,E193,1,TIKTAALIK,20.0,384 well plate Grainer,m9134733,Plasmid,2026-03-10,50,P2,P2,Eppendorf,Ready96,12.59631710276228000,2519.26342055245600
D10,257.0,D,4,10,Eppendorf_Ready96_P2,Eppendorf_Ready96,12-L,MMC_20,,400.0,E193,1,TIKTAALIK,,384 well plate Grainer,,Plasmid,2026-03-10,50,P2,P2,Eppendorf,Ready96,5.71070507509035700,2284.28203003614270
D11,534.0,D,4,11,Eppendorf_Ready96_P2,Eppendorf_Ready96,12-L,MMC_20,,200.0,E193,1,TIKTAALIK,20.0,384 well plate Grainer,m9134733,Plasmid,2026-03-10,50,P2,P2,Eppendorf,Ready96,11.42122762498593300,2284.24552499718670
D12,250.0,D,4,12,Eppendorf_Ready96_P2,Eppendorf_Ready96,12-L,MMC_20,,400.0,E193,1,TIKTAALIK,,384 well plate Grainer,,Plasmid,2026-03-10,50,P2,P2,Eppendorf,Ready96,5.56639584097747250,2226.55833639098900
D13,653.0,D,4,13,Eppendorf_Ready96_P2,Eppendorf_Ready96,12-L,MMC_20,,200.0,E193,1,TIKTAALIK,20.0,384 well plate Grainer,m9134733,Plasmid,2026-03-10,50,P2,P2,Eppendorf,Ready96,13.87448460490497100,2774.89692098099430
D14,315.0,D,4,14,Eppendorf_Ready96_P2,Eppendorf_Ready96,12-L,MMC_20,,400.0,E193,1,TIKTAALIK,,384 well plate Grainer,,Plasmid,2026-03-10,50,P2,P2,Eppendorf,Ready96,6.90641015773997200,2762.56406309598900
D15,519.0,D,4,15,Eppendorf_Ready96_P2,Eppendorf_Ready96,12-L,MMC_20,,200.0,E193,1,TIKTAALIK,20.0,384 well plate Grainer,m9134733,Plasmid,2026-03-10,50,P2,P2,Eppendorf,Ready96,11.11199355188689500,2222.39871037737900
D16,245.0,D,4,16,Eppendorf_Ready96_P2,Eppendorf_Ready96,12-L,MMC_20,,400.0,E193,1,TIKTAALIK,,384 well plate Grainer,,Plasmid,2026-03-10,50,P2,P2,Eppendorf,Ready96,5.46331781661112600,2185.32712664445030
D17,508.0,D,4,17,Eppendorf_Ready96_P2,Eppendorf_Ready96,12-L,MMC_20,,200.0,E193,1,TIKTAALIK,20.0,384 well plate Grainer,m9134733,Plasmid,2026-03-10,50,P2,P2,Eppendorf,Ready96,10.88522189828093400,2177.04437965618670
D18,255.0,D,4,18,Eppendorf_Ready96_P2,Eppendorf_Ready96,12-L,MMC_20,,400.0,E193,1,TIKTAALIK,,384 well plate Grainer,,Plasmid,2026-03-10,50,P2,P2,Eppendorf,Ready96,5.66947386534381900,2267.78954613752740
D19,518.0,D,4,19,Eppendorf_Ready96_P2,Eppendorf_Ready96,12-L,MMC_20,,200.0,E193,1,TIKTAALIK,20.0,384 well plate Grainer,m9134733,Plasmid,2026-03-10,50,P2,P2,Eppendorf,Ready96,11.09137794701362600,2218.27558940272500
D20,257.0,D,4,20,Eppendorf_Ready96_P2,Eppendorf_Ready96,12-L,MMC_20,,400.0,E193,1,TIKTAALIK,,384 well plate Grainer,,Plasmid,2026-03-10,50,P2,P2,Eppendorf,Ready96,5.71070507509035700,2284.28203003614270
D21,521.0,D,4,21,Eppendorf_Ready96_P2,Eppendorf_Ready96,12-L,MMC_20,,200.0,E193,1,TIKTAALIK,20.0,384 well plate Grainer,m9134733,Plasmid,2026-03-10,50,P2,P2,Eppendorf,Ready96,11.15322476163343300,2230.64495232668650
D22,256.0,D,4,22,Eppendorf_Ready96_P2,Eppendorf_Ready96,12-L,MMC_20,,400.0,E193,1,TIKTAALIK,,384 well plate Grainer,,Plasmid,2026-03-10,50,P2,P2,Eppendorf,Ready96,5.69008947021708800,2276.03578808683500
D23,472.0,D,4,23,Eppendorf_Ready96_P2,Eppendorf_Ready96,12-L,MMC_20,,200.0,E193,1,TIKTAALIK,20.0,384 well plate Grainer,m9134733,Plasmid,2026-03-10,50,P2,P2,Eppendorf,Ready96,10.14306012284324200,2028.61202456864840
D24,245.0,D,4,24,Eppendorf_Ready96_P2,Eppendorf_Ready96,12-L,MMC_20,,400.0,E193,1,TIKTAALIK,,384 well plate Grainer,,Plasmid,2026-03-10,50,P2,P2,Eppendorf,Ready96,5.46331781661112600,2185.32712664445030
E1,514.0,E,5,1,Eppendorf_Ready96_IB,Eppendorf_Ready96,12-L,MMC_20,,200.0,E193,1,TIKTAALIK,20.0,384 well plate Grainer,m9134733,Plasmid,2026-03-10,50,P6,P2,Eppendorf,Ready96,11.00891552752054800,2201.78310550410970
E2,257.0,E,5,2,Eppendorf_Ready96_IB,Eppendorf_Ready96,12-L,MMC_20,,400.0,E193,1,TIKTAALIK,,384 well plate Grainer,,Plasmid,2026-03-10,50,P6,P2,Eppendorf,Ready96,5.71070507509035700,2284.28203003614270
E3,467.0,E,5,3,Eppendorf_Ready96_IB,Eppendorf_Ready96,12-L,MMC_20,,200.0,E193,1,TIKTAALIK,20.0,384 well plate Grainer,m9134733,Plasmid,2026-03-10,50,P6,P2,Eppendorf,Ready96,10.03998209847689400,2007.99641969537880
E4,225.0,E,5,4,Eppendorf_Ready96_IB,Eppendorf_Ready96,12-L,MMC_20,,400.0,E193,1,TIKTAALIK,,384 well plate Grainer,,Plasmid,2026-03-10,50,P6,P2,Eppendorf,Ready96,5.05100571914574200,2020.40228765829670
E5,499.0,E,5,5,Eppendorf_Ready96_IB,Eppendorf_Ready96,12-L,MMC_20,,200.0,E193,1,TIKTAALIK,20.0,384 well plate Grainer,m9134733,Plasmid,2026-03-10,50,P6,P2,Eppendorf,Ready96,10.69968145442151000,2139.93629088430230
E6,253.0,E,5,6,Eppendorf_Ready96_IB,Eppendorf_Ready96,12-L,MMC_20,,400.0,E193,1,TIKTAALIK,,384 well plate Grainer,,Plasmid,2026-03-10,50,P6,P2,Eppendorf,Ready96,5.62824265559728000,2251.29706223891200
E7,435.0,E,5,7,Eppendorf_Ready96_IB,Eppendorf_Ready96,12-L,MMC_20,,200.0,E193,1,TIKTAALIK,20.0,384 well plate Grainer,m9134733,Plasmid,2026-03-10,50,P6,P2,Eppendorf,Ready96,9.38028274253228000,1876.05654850645600
E8,219.0,E,5,8,Eppendorf_Ready96_IB,Eppendorf_Ready96,12-L,MMC_20,,400.0,E193,1,TIKTAALIK,,384 well plate Grainer,,Plasmid,2026-03-10,50,P6,P2,Eppendorf,Ready96,4.92731208990612700,1970.92483596245070
E9,460.0,E,5,9,Eppendorf_Ready96_IB,Eppendorf_Ready96,12-L,MMC_20,,200.0,E193,1,TIKTAALIK,20.0,384 well plate Grainer,m9134733,Plasmid,2026-03-10,50,P6,P2,Eppendorf,Ready96,9.89567286436401000,1979.13457287280220
E10,225.0,E,5,10,Eppendorf_Ready96_IB,Eppendorf_Ready96,12-L,MMC_20,,400.0,E193,1,TIKTAALIK,,384 well plate Grainer,,Plasmid,2026-03-10,50,P6,P2,Eppendorf,Ready96,5.05100571914574200,2020.40228765829670
E11,412.0,E,5,11,Eppendorf_Ready96_IB,Eppendorf_Ready96,12-L,MMC_20,,200.0,E193,1,TIKTAALIK,20.0,384 well plate Grainer,m9134733,Plasmid,2026-03-10,50,P6,P2,Eppendorf,Ready96,8.90612383044708800,1781.22476608941770
E12,200.0,E,5,12,Eppendorf_Ready96_IB,Eppendorf_Ready96,12-L,MMC_20,,400.0,E193,1,TIKTAALIK,,384 well plate Grainer,,Plasmid,2026-03-10,50,P6,P2,Eppendorf,Ready96,4.53561559731401150,1814.24623892560450
E13,397.0,E,5,13,Eppendorf_Ready96_IB,Eppendorf_Ready96,12-L,MMC_20,,200.0,E193,1,TIKTAALIK,20.0,384 well plate Grainer,m9134733,Plasmid,2026-03-10,50,P6,P2,Eppendorf,Ready96,8.59688975734804800,1719.37795146960960
E14,194.0,E,5,14,Eppendorf_Ready96_IB,Eppendorf_Ready96,12-L,MMC_20,,400.0,E193,1,TIKTAALIK,,384 well plate Grainer,,Plasmid,2026-03-10,50,P6,P2,Eppendorf,Ready96,4.41192196807439500,1764.76878722975810
E15,374.0,E,5,15,Eppendorf_Ready96_IB,Eppendorf_Ready96,12-L,MMC_20,,200.0,E193,1,TIKTAALIK,20.0,384 well plate Grainer,m9134733,Plasmid,2026-03-10,50,P6,P2,Eppendorf,Ready96,8.12273084526285800,1624.54616905257150
E16,188.0,E,5,16,Eppendorf_Ready96_IB,Eppendorf_Ready96,12-L,MMC_20,,400.0,E193,1,TIKTAALIK,,384 well plate Grainer,,Plasmid,2026-03-10,50,P6,P2,Eppendorf,Ready96,4.28822833883478100,1715.29133553391240
E17,388.0,E,5,17,Eppendorf_Ready96_IB,Eppendorf_Ready96,12-L,MMC_20,,200.0,E193,1,TIKTAALIK,20.0,384 well plate Grainer,m9134733,Plasmid,2026-03-10,50,P6,P2,Eppendorf,Ready96,8.41134931348862500,1682.26986269772490
E18,189.0,E,5,18,Eppendorf_Ready96_IB,Eppendorf_Ready96,12-L,MMC_20,,400.0,E193,1,TIKTAALIK,,384 well plate Grainer,,Plasmid,2026-03-10,50,P6,P2,Eppendorf,Ready96,4.30884394370805000,1723.53757748322000
E19,428.0,E,5,19,Eppendorf_Ready96_IB,Eppendorf_Ready96,12-L,MMC_20,,200.0,E193,1,TIKTAALIK,20.0,384 well plate Grainer,m9134733,Plasmid,2026-03-10,50,P6,P2,Eppendorf,Ready96,9.23597350841939500,1847.19470168387900
E20,198.0,E,5,20,Eppendorf_Ready96_IB,Eppendorf_Ready96,12-L,MMC_20,,400.0,E193,1,TIKTAALIK,,384 well plate Grainer,,Plasmid,2026-03-10,50,P6,P2,Eppendorf,Ready96,4.49438438756747250,1797.75375502698900
E21,416.0,E,5,21,Eppendorf_Ready96_IB,Eppendorf_Ready96,12-L,MMC_20,,200.0,E193,1,TIKTAALIK,20.0,384 well plate Grainer,m9134733,Plasmid,2026-03-10,50,P6,P2,Eppendorf,Ready96,8.98858624994016400,1797.71724998803280
E22,190.0,E,5,22,Eppendorf_Ready96_IB,Eppendorf_Ready96,12-L,MMC_20,,400.0,E193,1,TIKTAALIK,,384 well plate Grainer,,Plasmid,2026-03-10,50,P6,P2,Eppendorf,Ready96,4.32945954858131900,1731.78381943252770
E23,421.0,E,5,23,Eppendorf_Ready96_IB,Eppendorf_Ready96,12-L,MMC_20,,200.0,E193,1,TIKTAALIK,20.0,384 well plate Grainer,m9134733,Plasmid,2026-03-10,50,P6,P2,Eppendorf,Ready96,9.09166427430651000,1818.33285486130200
E24,194.0,E,5,24,Eppendorf_Ready96_IB,Eppendorf_Ready96,12-L,MMC_20,,400.0,E193,1,TIKTAALIK,,384 well plate Grainer,,Plasmid,2026-03-10,50,P6,P2,Eppendorf,Ready96,4.41192196807439500,1764.76878722975810
F1,9.0,F,6,1,,,,,,,E193,1,TIKTAALIK,20.0,384 well plate Grainer,m9134733,,2026-03-10,50,,P2,,,0.59803506651958880,
F2,9.0,F,6,2,,,,,,,E193,1,TIKTAALIK,,384 well plate Grainer,,,2026-03-10,50,,P2,,,0.59803506651958880,
F3,11.0,F,6,3,,,,,,,E193,1,TIKTAALIK,20.0,384 well plate Grainer,m9134733,,2026-03-10,50,,P2,,,0.63926627626612730,
F4,15.0,F,6,4,,,,,,,E193,1,TIKTAALIK,,384 well plate Grainer,,,2026-03-10,50,,P2,,,0.72172869575920420,
F5,10.0,F,6,5,,,,,,,E193,1,TIKTAALIK,20.0,384 well plate Grainer,m9134733,,2026-03-10,50,,P2,,,0.61865067139285810,
F6,12.0,F,6,6,,,,,,,E193,1,TIKTAALIK,,384 well plate Grainer,,,2026-03-10,50,,P2,,,0.65988188113939650,
F7,11.0,F,6,7,,,,,,,E193,1,TIKTAALIK,20.0,384 well plate Grainer,m9134733,,2026-03-10,50,,P2,,,0.63926627626612730,
F8,12.0,F,6,8,,,,,,,E193,1,TIKTAALIK,,384 well plate Grainer,,,2026-03-10,50,,P2,,,0.65988188113939650,
F9,11.0,F,6,9,,,,,,,E193,1,TIKTAALIK,20.0,384 well plate Grainer,m9134733,,2026-03-10,50,,P2,,,0.63926627626612730,
F10,11.0,F,6,10,,,,,,,E193,1,TIKTAALIK,,384 well plate Grainer,,,2026-03-10,50,,P2,,,0.63926627626612730,
F11,9.0,F,6,11,,,,,,,E193,1,TIKTAALIK,20.0,384 well plate Grainer,m9134733,,2026-03-10,50,,P2,,,0.59803506651958880,
F12,10.0,F,6,12,,,,,,,E193,1,TIKTAALIK,,384 well plate Grainer,,,2026-03-10,50,,P2,,,0.61865067139285810,
F13,10.0,F,6,13,,,,,,,E193,1,TIKTAALIK,20.0,384 well plate Grainer,m9134733,,2026-03-10,50,,P2,,,0.61865067139285810,
F14,7.0,F,6,14,,,,,,,E193,1,TIKTAALIK,,384 well plate Grainer,,,2026-03-10,50,,P2,,,0.55680385677305040,
F15,7.0,F,6,15,,,,,,,E193,1,TIKTAALIK,20.0,384 well plate Grainer,m9134733,,2026-03-10,50,,P2,,,0.55680385677305040,
F16,9.0,F,6,16,,,,,,,E193,1,TIKTAALIK,,384 well plate Grainer,,,2026-03-10,50,,P2,,,0.59803506651958880,
F17,8.0,F,6,17,,,,,,,E193,1,TIKTAALIK,20.0,384 well plate Grainer,m9134733,,2026-03-10,50,,P2,,,0.57741946164631960,
F18,11.0,F,6,18,,,,,,,E193,1,TIKTAALIK,,384 well plate Grainer,,,2026-03-10,50,,P2,,,0.63926627626612730,
F19,10.0,F,6,19,,,,,,,E193,1,TIKTAALIK,20.0,384 well plate Grainer,m9134733,,2026-03-10,50,,P2,,,0.61865067139285810,
F20,9.0,F,6,20,,,,,,,E193,1,TIKTAALIK,,384 well plate Grainer,,,2026-03-10,50,,P2,,,0.59803506651958880,
F21,9.0,F,6,21,,,,,,,E193,1,TIKTAALIK,20.0,384 well plate Grainer,m9134733,,2026-03-10,50,,P2,,,0.59803506651958880,
F22,10.0,F,6,22,,,,,,,E193,1,TIKTAALIK,,384 well plate Grainer,,,2026-03-10,50,,P2,,,0.61865067139285810,
F23,10.0,F,6,23,,,,,,,E193,1,TIKTAALIK,20.0,384 well plate Grainer,m9134733,,2026-03-10,50,,P2,,,0.61865067139285810,
F24,9.0,F,6,24,,,,,,,E193,1,TIKTAALIK,,384 well plate Grainer,,,2026-03-10,50,,P2,,,0.59803506651958880,
G1,620.0,G,7,1,Greiner_Ready96_P2,Greiner_Ready96,12-L,MMC_20,,200.0,E193,1,TIKTAALIK,20.0,384 well plate Grainer,m9229555,Plasmid,2026-03-10,50,P2,P2,Greiner,Ready96,13.19416964408708600,2638.83392881741750
G2,294.0,G,7,2,Greiner_Ready96_P2,Greiner_Ready96,12-L,MMC_20,,400.0,E193,1,TIKTAALIK,,384 well plate Grainer,,Plasmid,2026-03-10,50,P2,P2,Greiner,Ready96,6.47348245540131800,2589.39298216052750
G3,613.0,G,7,3,Greiner_Ready96_P2,Greiner_Ready96,12-L,MMC_20,,200.0,E193,1,TIKTAALIK,20.0,384 well plate Grainer,m9229555,Plasmid,2026-03-10,50,P2,P2,Greiner,Ready96,13.04986040997420100,2609.97208199484000
G4,239.0,G,7,4,Greiner_Ready96_P2,Greiner_Ready96,12-L,MMC_20,,400.0,E193,1,TIKTAALIK,,384 well plate Grainer,,Plasmid,2026-03-10,50,P2,P2,Greiner,Ready96,5.33962418737151100,2135.84967494860440
G5,575.0,G,7,5,Greiner_Ready96_P2,Greiner_Ready96,12-L,MMC_20,,200.0,E193,1,TIKTAALIK,20.0,384 well plate Grainer,m9229555,Plasmid,2026-03-10,50,P2,P2,Greiner,Ready96,12.26646742478997000,2453.29348495799400
G6,237.0,G,7,6,Greiner_Ready96_P2,Greiner_Ready96,12-L,MMC_20,,400.0,E193,1,TIKTAALIK,,384 well plate Grainer,,Plasmid,2026-03-10,50,P2,P2,Greiner,Ready96,5.29839297762497300,2119.35719104998900
G7,378.0,G,7,7,Greiner_Ready96_P2,Greiner_Ready96,12-L,MMC_20,,200.0,E193,1,TIKTAALIK,20.0,384 well plate Grainer,m9229555,Plasmid,2026-03-10,50,P2,P2,Greiner,Ready96,8.20519326475593400,1641.03865295118680
G8,155.0,G,7,8,Greiner_Ready96_P2,Greiner_Ready96,12-L,MMC_20,,400.0,E193,1,TIKTAALIK,,384 well plate Grainer,,Plasmid,2026-03-10,50,P2,P2,Greiner,Ready96,3.60791337801689600,1443.16535120675830
G9,595.0,G,7,9,Greiner_Ready96_P2,Greiner_Ready96,12-L,MMC_20,,200.0,E193,1,TIKTAALIK,20.0,384 well plate Grainer,m9229555,Plasmid,2026-03-10,50,P2,P2,Greiner,Ready96,12.67877952225535600,2535.75590445107130
G10,236.0,G,7,10,Greiner_Ready96_P2,Greiner_Ready96,12-L,MMC_20,,400.0,E193,1,TIKTAALIK,,384 well plate Grainer,,Plasmid,2026-03-10,50,P2,P2,Greiner,Ready96,5.27777737275170400,2111.11094910068140
G11,486.0,G,7,11,Greiner_Ready96_P2,Greiner_Ready96,12-L,MMC_20,,200.0,E193,1,TIKTAALIK,20.0,384 well plate Grainer,m9229555,Plasmid,2026-03-10,50,P2,P2,Greiner,Ready96,10.43167859106901000,2086.33571821380200
G12,211.0,G,7,12,Greiner_Ready96_P2,Greiner_Ready96,12-L,MMC_20,,400.0,E193,1,TIKTAALIK,,384 well plate Grainer,,Plasmid,2026-03-10,50,P2,P2,Greiner,Ready96,4.76238725091997200,1904.95490036798900
G13,528.0,G,7,13,Greiner_Ready96_P2,Greiner_Ready96,12-L,MMC_20,,200.0,E193,1,TIKTAALIK,20.0,384 well plate Grainer,m9229555,Plasmid,2026-03-10,50,P2,P2,Greiner,Ready96,11.29753399574631700,2259.50679914926330
G14,236.0,G,7,14,Greiner_Ready96_P2,Greiner_Ready96,12-L,MMC_20,,400.0,E193,1,TIKTAALIK,,384 well plate Grainer,,Plasmid,2026-03-10,50,P2,P2,Greiner,Ready96,5.27777737275170400,2111.11094910068140
G15,396.0,G,7,15,Greiner_Ready96_P2,Greiner_Ready96,12-L,MMC_20,,200.0,E193,1,TIKTAALIK,20.0,384 well plate Grainer,m9229555,Plasmid,2026-03-10,50,P2,P2,Greiner,Ready96,8.57627415247478000,1715.25483049495570
G16,179.0,G,7,16,Greiner_Ready96_P2,Greiner_Ready96,12-L,MMC_20,,400.0,E193,1,TIKTAALIK,,384 well plate Grainer,,Plasmid,2026-03-10,50,P2,P2,Greiner,Ready96,4.10268789497535700,1641.07515799014300
G17,383.0,G,7,17,Greiner_Ready96_P2,Greiner_Ready96,12-L,MMC_20,,200.0,E193,1,TIKTAALIK,20.0,384 well plate Grainer,m9229555,Plasmid,2026-03-10,50,P2,P2,Greiner,Ready96,8.30827128912228000,1661.65425782445600
G18,180.0,G,7,18,Greiner_Ready96_P2,Greiner_Ready96,12-L,MMC_20,,400.0,E193,1,TIKTAALIK,,384 well plate Grainer,,Plasmid,2026-03-10,50,P2,P2,Greiner,Ready96,4.12330349984862600,1649.32139993945070
G19,527.0,G,7,19,Greiner_Ready96_P2,Greiner_Ready96,12-L,MMC_20,,200.0,E193,1,TIKTAALIK,20.0,384 well plate Grainer,m9229555,Plasmid,2026-03-10,50,P2,P2,Greiner,Ready96,11.27691839087304800,2255.38367817460950
G20,231.0,G,7,20,Greiner_Ready96_P2,Greiner_Ready96,12-L,MMC_20,,400.0,E193,1,TIKTAALIK,,384 well plate Grainer,,Plasmid,2026-03-10,50,P2,P2,Greiner,Ready96,5.17469934838535700,2069.87973935414300
G21,478.0,G,7,21,Greiner_Ready96_P2,Greiner_Ready96,12-L,MMC_20,,200.0,E193,1,TIKTAALIK,20.0,384 well plate Grainer,m9229555,Plasmid,2026-03-10,50,P2,P2,Greiner,Ready96,10.26675375208285600,2053.35075041657140
G22,201.0,G,7,22,Greiner_Ready96_P2,Greiner_Ready96,12-L,MMC_20,,400.0,E193,1,TIKTAALIK,,384 well plate Grainer,,Plasmid,2026-03-10,50,P2,P2,Greiner,Ready96,4.55623120218728100,1822.49248087491220
G23,509.0,G,7,23,Greiner_Ready96_P2,Greiner_Ready96,12-L,MMC_20,,200.0,E193,1,TIKTAALIK,20.0,384 well plate Grainer,m9229555,Plasmid,2026-03-10,50,P2,P2,Greiner,Ready96,10.90583750315420300,2181.16750063084060
G24,205.0,G,7,24,Greiner_Ready96_P2,Greiner_Ready96,12-L,MMC_20,,400.0,E193,1,TIKTAALIK,,384 well plate Grainer,,Plasmid,2026-03-10,50,P2,P2,Greiner,Ready96,4.63869362168035700,1855.47744867214280
H1,461.0,H,8,1,Greiner_Ready96_IB,Greiner_Ready96,12-L,MMC_20,,200.0,E193,1,TIKTAALIK,20.0,384 well plate Grainer,m9229555,Plasmid,2026-03-10,50,P6,P2,Greiner,Ready96,9.91628846923728000,1983.25769384745600
H2,228.0,H,8,2,Greiner_Ready96_IB,Greiner_Ready96,12-L,MMC_20,,400.0,E193,1,TIKTAALIK,,384 well plate Grainer,,Plasmid,2026-03-10,50,P6,P2,Greiner,Ready96,5.11285253376554900,2045.14101350621970
H3,643.0,H,8,3,Greiner_Ready96_IB,Greiner_Ready96,12-L,MMC_20,,200.0,E193,1,TIKTAALIK,20.0,384 well plate Grainer,m9229555,Plasmid,2026-03-10,50,P6,P2,Greiner,Ready96,13.66832855617227900,2733.66571123445560
H4,284.0,H,8,4,Greiner_Ready96_IB,Greiner_Ready96,12-L,MMC_20,,400.0,E193,1,TIKTAALIK,,384 well plate Grainer,,Plasmid,2026-03-10,50,P6,P2,Greiner,Ready96,6.26732640666862650,2506.93056266745040
H5,574.0,H,8,5,Greiner_Ready96_IB,Greiner_Ready96,12-L,MMC_20,,200.0,E193,1,TIKTAALIK,20.0,384 well plate Grainer,m9229555,Plasmid,2026-03-10,50,P6,P2,Greiner,Ready96,12.24585181991670200,2449.17036398334040
H6,249.0,H,8,6,Greiner_Ready96_IB,Greiner_Ready96,12-L,MMC_20,,400.0,E193,1,TIKTAALIK,,384 well plate Grainer,,Plasmid,2026-03-10,50,P6,P2,Greiner,Ready96,5.54578023610420350,2218.31209444168140
H7,422.0,H,8,7,Greiner_Ready96_IB,Greiner_Ready96,12-L,MMC_20,,200.0,E193,1,TIKTAALIK,20.0,384 well plate Grainer,m9229555,Plasmid,2026-03-10,50,P6,P2,Greiner,Ready96,9.11227987917977900,1822.45597583595580
H8,212.0,H,8,8,Greiner_Ready96_IB,Greiner_Ready96,12-L,MMC_20,,400.0,E193,1,TIKTAALIK,,384 well plate Grainer,,Plasmid,2026-03-10,50,P6,P2,Greiner,Ready96,4.78300285579324200,1913.20114231729700
H9,561.0,H,8,9,Greiner_Ready96_IB,Greiner_Ready96,12-L,MMC_20,,200.0,E193,1,TIKTAALIK,20.0,384 well plate Grainer,m9229555,Plasmid,2026-03-10,50,P6,P2,Greiner,Ready96,11.97784895656420200,2395.56979131284060
H10,242.0,H,8,10,Greiner_Ready96_IB,Greiner_Ready96,12-L,MMC_20,,400.0,E193,1,TIKTAALIK,,384 well plate Grainer,,Plasmid,2026-03-10,50,P6,P2,Greiner,Ready96,5.40147100199131900,2160.58840079652800
H11,420.0,H,8,11,Greiner_Ready96_IB,Greiner_Ready96,12-L,MMC_20,,200.0,E193,1,TIKTAALIK,20.0,384 well plate Grainer,m9229555,Plasmid,2026-03-10,50,P6,P2,Greiner,Ready96,9.07104866943324000,1814.20973388664800
H12,182.0,H,8,12,Greiner_Ready96_IB,Greiner_Ready96,12-L,MMC_20,,400.0,E193,1,TIKTAALIK,,384 well plate Grainer,,Plasmid,2026-03-10,50,P6,P2,Greiner,Ready96,4.16453470959516500,1665.81388383806570
H13,528.0,H,8,13,Greiner_Ready96_IB,Greiner_Ready96,12-L,MMC_20,,200.0,E193,1,TIKTAALIK,20.0,384 well plate Grainer,m9229555,Plasmid,2026-03-10,50,P6,P2,Greiner,Ready96,11.29753399574631700,2259.50679914926330
H14,248.0,H,8,14,Greiner_Ready96_IB,Greiner_Ready96,12-L,MMC_20,,400.0,E193,1,TIKTAALIK,,384 well plate Grainer,,Plasmid,2026-03-10,50,P6,P2,Greiner,Ready96,5.52516463123093400,2210.06585249237400
H15,510.0,H,8,15,Greiner_Ready96_IB,Greiner_Ready96,12-L,MMC_20,,200.0,E193,1,TIKTAALIK,20.0,384 well plate Grainer,m9229555,Plasmid,2026-03-10,50,P6,P2,Greiner,Ready96,10.92645310802747200,2185.29062160549440
H16,225.0,H,8,16,Greiner_Ready96_IB,Greiner_Ready96,12-L,MMC_20,,400.0,E193,1,TIKTAALIK,,384 well plate Grainer,,Plasmid,2026-03-10,50,P6,P2,Greiner,Ready96,5.05100571914574200,2020.40228765829670
H17,452.0,H,8,17,Greiner_Ready96_IB,Greiner_Ready96,12-L,MMC_20,,200.0,E193,1,TIKTAALIK,20.0,384 well plate Grainer,m9229555,Plasmid,2026-03-10,50,P6,P2,Greiner,Ready96,9.73074802537785600,1946.14960507557130
H18,206.0,H,8,18,Greiner_Ready96_IB,Greiner_Ready96,12-L,MMC_20,,400.0,E193,1,TIKTAALIK,,384 well plate Grainer,,Plasmid,2026-03-10,50,P6,P2,Greiner,Ready96,4.65930922655362700,1863.72369062145070
H19,461.0,H,8,19,Greiner_Ready96_IB,Greiner_Ready96,12-L,MMC_20,,200.0,E193,1,TIKTAALIK,20.0,384 well plate Grainer,m9229555,Plasmid,2026-03-10,50,P6,P2,Greiner,Ready96,9.91628846923728000,1983.25769384745600
H20,202.0,H,8,20,Greiner_Ready96_IB,Greiner_Ready96,12-L,MMC_20,,400.0,E193,1,TIKTAALIK,,384 well plate Grainer,,Plasmid,2026-03-10,50,P6,P2,Greiner,Ready96,4.57684680706055000,1830.73872282421980
H21,481.0,H,8,21,Greiner_Ready96_IB,Greiner_Ready96,12-L,MMC_20,,200.0,E193,1,TIKTAALIK,20.0,384 well plate Grainer,m9229555,Plasmid,2026-03-10,50,P6,P2,Greiner,Ready96,10.32860056670266300,2065.72011334053300
H22,209.0,H,8,22,Greiner_Ready96_IB,Greiner_Ready96,12-L,MMC_20,,400.0,E193,1,TIKTAALIK,,384 well plate Grainer,,Plasmid,2026-03-10,50,P6,P2,Greiner,Ready96,4.72115604117343400,1888.46241646937370
H23,488.0,H,8,23,Greiner_Ready96_IB,Greiner_Ready96,12-L,MMC_20,,200.0,E193,1,TIKTAALIK,20.0,384 well plate Grainer,m9229555,Plasmid,2026-03-10,50,P6,P2,Greiner,Ready96,10.47290980081554900,2094.58196016310970
H24,224.0,H,8,24,Greiner_Ready96_IB,Greiner_Ready96,12-L,MMC_20,,400.0,E193,1,TIKTAALIK,,384 well plate Grainer,,Plasmid,2026-03-10,50,P6,P2,Greiner,Ready96,5.03039011427247300,2012.15604570898930
I1,32.0,I,9,1,Standard - 2 - 1,Standard - 2 - 1,,,1.0,1.0,E193,1,TIKTAALIK,20.0,384 well plate Grainer,m9229555,,2026-03-10,50,P6,P2,Standard - 2 - 1,,1.07219397860478120,1.07219397860478
I2,71.0,I,9,2,Standard - 2 - 2,Standard - 2 - 2,,,2.0,1.0,E193,1,TIKTAALIK,,384 well plate Grainer,,,2026-03-10,50,P6,P2,Standard - 2 - 2,,1.87620256866228100,1.87620256866228
I3,156.0,I,9,3,Standard - 2 - 3,Standard - 2 - 3,,,4.0,1.0,E193,1,TIKTAALIK,20.0,384 well plate Grainer,m9229555,,2026-03-10,50,P6,P2,Standard - 2 - 3,,3.62852898289016500,3.62852898289017
I4,319.0,I,9,4,Standard - 2 - 4,Standard - 2 - 4,,,8.0,1.0,E193,1,TIKTAALIK,,384 well plate Grainer,,,2026-03-10,50,P6,P2,Standard - 2 - 4,,6.98887257723304960,6.98887257723305
I5,676.0,I,9,5,Standard - 2 - 5,Standard - 2 - 5,,,16.0,1.0,E193,1,TIKTAALIK,20.0,384 well plate Grainer,m9229555,,2026-03-10,50,P6,P2,Standard - 2 - 5,,14.34864351699016400,14.34864351699016
I6,1468.0,I,9,6,Standard - 2 - 6,Standard - 2 - 6,,,32.0,1.0,E193,1,TIKTAALIK,,384 well plate Grainer,,,2026-03-10,50,P6,P2,Standard - 2 - 6,,30.67620257661939200,30.67620257661939
I7,2774.0,I,9,7,Standard - 2 - 7,Standard - 2 - 7,,,64.0,1.0,E193,1,TIKTAALIK,20.0,384 well plate Grainer,m9229555,,2026-03-10,50,P6,P2,Standard - 2 - 7,,57.60018254110901000,57.60018254110901
I8,5787.0,I,9,8,Standard - 2 - 8,Standard - 2 - 8,,,128.0,1.0,E193,1,TIKTAALIK,,384 well plate Grainer,,,2026-03-10,50,P6,P2,Standard - 2 - 8,,119.71500002426917000,119.71500002426917
I9,8.0,I,9,9,,,,,,,E193,1,TIKTAALIK,20.0,384 well plate Grainer,m9229555,,2026-03-10,50,,P2,,,0.57741946164631960,
I10,9.0,I,9,10,,,,,,,E193,1,TIKTAALIK,,384 well plate Grainer,,,2026-03-10,50,,P2,,,0.59803506651958880,
I11,8.0,I,9,11,,,,,,,E193,1,TIKTAALIK,20.0,384 well plate Grainer,m9229555,,2026-03-10,50,,P2,,,0.57741946164631960,
I12,7.0,I,9,12,,,,,,,E193,1,TIKTAALIK,,384 well plate Grainer,,,2026-03-10,50,,P2,,,0.55680385677305040,
I13,7.0,I,9,13,,,,,,,E193,1,TIKTAALIK,20.0,384 well plate Grainer,m9229555,,2026-03-10,50,,P2,,,0.55680385677305040,
I14,9.0,I,9,14,,,,,,,E193,1,TIKTAALIK,,384 well plate Grainer,,,2026-03-10,50,,P2,,,0.59803506651958880,
I15,10.0,I,9,15,,,,,,,E193,1,TIKTAALIK,20.0,384 well plate Grainer,m9229555,,2026-03-10,50,,P2,,,0.61865067139285810,
I16,7.0,I,9,16,,,,,,,E193,1,TIKTAALIK,,384 well plate Grainer,,,2026-03-10,50,,P2,,,0.55680385677305040,
I17,9.0,I,9,17,,,,,,,E193,1,TIKTAALIK,20.0,384 well plate Grainer,m9229555,,2026-03-10,50,,P2,,,0.59803506651958880,
I18,8.0,I,9,18,,,,,,,E193,1,TIKTAALIK,,384 well plate Grainer,,,2026-03-10,50,,P2,,,0.57741946164631960,
I19,13.0,I,9,19,,,,,,,E193,1,TIKTAALIK,20.0,384 well plate Grainer,m9229555,,2026-03-10,50,,P2,,,0.68049748601266580,
I20,10.0,I,9,20,,,,,,,E193,1,TIKTAALIK,,384 well plate Grainer,,,2026-03-10,50,,P2,,,0.61865067139285810,
I21,12.0,I,9,21,,,,,,,E193,1,TIKTAALIK,20.0,384 well plate Grainer,m9229555,,2026-03-10,50,,P2,,,0.65988188113939650,
I22,7.0,I,9,22,,,,,,,E193,1,TIKTAALIK,,384 well plate Grainer,,,2026-03-10,50,,P2,,,0.55680385677305040,
I23,13.0,I,9,23,,,,,,,E193,1,TIKTAALIK,20.0,384 well plate Grainer,m9229555,,2026-03-10,50,,P2,,,0.68049748601266580,
I24,11.0,I,9,24,,,,,,,E193,1,TIKTAALIK,,384 well plate Grainer,,,2026-03-10,50,,P2,,,0.63926627626612730,
J1,11.0,J,10,1,,,,,,,E193,1,TIKTAALIK,20.0,384 well plate Grainer,m9229555,,2026-03-10,50,,P2,,,0.63926627626612730,
J2,11.0,J,10,2,,,,,,,E193,1,TIKTAALIK,,384 well plate Grainer,,,2026-03-10,50,,P2,,,0.63926627626612730,
J3,8.0,J,10,3,,,,,,,E193,1,TIKTAALIK,20.0,384 well plate Grainer,m9229555,,2026-03-10,50,,P2,,,0.57741946164631960,
J4,7.0,J,10,4,,,,,,,E193,1,TIKTAALIK,,384 well plate Grainer,,,2026-03-10,50,,P2,,,0.55680385677305040,
J5,9.0,J,10,5,,,,,,,E193,1,TIKTAALIK,20.0,384 well plate Grainer,m9229555,,2026-03-10,50,,P2,,,0.59803506651958880,
J6,9.0,J,10,6,,,,,,,E193,1,TIKTAALIK,,384 well plate Grainer,,,2026-03-10,50,,P2,,,0.59803506651958880,
J7,9.0,J,10,7,,,,,,,E193,1,TIKTAALIK,20.0,384 well plate Grainer,m9229555,,2026-03-10,50,,P2,,,0.59803506651958880,
J8,6.0,J,10,8,,,,,,,E193,1,TIKTAALIK,,384 well plate Grainer,,,2026-03-10,50,,P2,,,0.53618825189978110,
J9,11.0,J,10,9,,,,,,,E193,1,TIKTAALIK,20.0,384 well plate Grainer,m9229555,,2026-03-10,50,,P2,,,0.63926627626612730,
J10,7.0,J,10,10,,,,,,,E193,1,TIKTAALIK,,384 well plate Grainer,,,2026-03-10,50,,P2,,,0.55680385677305040,
J11,9.0,J,10,11,,,,,,,E193,1,TIKTAALIK,20.0,384 well plate Grainer,m9229555,,2026-03-10,50,,P2,,,0.59803506651958880,
J12,12.0,J,10,12,,,,,,,E193,1,TIKTAALIK,,384 well plate Grainer,,,2026-03-10,50,,P2,,,0.65988188113939650,
J13,9.0,J,10,13,,,,,,,E193,1,TIKTAALIK,20.0,384 well plate Grainer,m9229555,,2026-03-10,50,,P2,,,0.59803506651958880,
J14,9.0,J,10,14,,,,,,,E193,1,TIKTAALIK,,384 well plate Grainer,,,2026-03-10,50,,P2,,,0.59803506651958880,
J15,10.0,J,10,15,,,,,,,E193,1,TIKTAALIK,20.0,384 well plate Grainer,m9229555,,2026-03-10,50,,P2,,,0.61865067139285810,
J16,13.0,J,10,16,,,,,,,E193,1,TIKTAALIK,,384 well plate Grainer,,,2026-03-10,50,,P2,,,0.68049748601266580,
J17,9.0,J,10,17,,,,,,,E193,1,TIKTAALIK,20.0,384 well plate Grainer,m9229555,,2026-03-10,50,,P2,,,0.59803506651958880,
J18,11.0,J,10,18,,,,,,,E193,1,TIKTAALIK,,384 well plate Grainer,,,2026-03-10,50,,P2,,,0.63926627626612730,
J19,9.0,J,10,19,,,,,,,E193,1,TIKTAALIK,20.0,384 well plate Grainer,m9229555,,2026-03-10,50,,P2,,,0.59803506651958880,
J20,9.0,J,10,20,,,,,,,E193,1,TIKTAALIK,,384 well plate Grainer,,,2026-03-10,50,,P2,,,0.59803506651958880,
J21,7.0,J,10,21,,,,,,,E193,1,TIKTAALIK,20.0,384 well plate Grainer,m9229555,,2026-03-10,50,,P2,,,0.55680385677305040,
J22,8.0,J,10,22,,,,,,,E193,1,TIKTAALIK,,384 well plate Grainer,,,2026-03-10,50,,P2,,,0.57741946164631960,
J23,6.0,J,10,23,,,,,,,E193,1,TIKTAALIK,20.0,384 well plate Grainer,m9229555,,2026-03-10,50,,P2,,,0.53618825189978110,
J24,10.0,J,10,24,,,,,,,E193,1,TIKTAALIK,,384 well plate Grainer,,,2026-03-10,50,,P2,,,0.61865067139285810,
K1,519.0,K,11,1,Kingfisher_Ready96_P2,Kingfisher_Ready96,12-L,MMC_20,,200.0,E193,1,TIKTAALIK,20.0,384 well plate Grainer,m9229555,Plasmid,2026-03-10,50,P2,P2,Kingfisher,Ready96,11.11199355188689500,2222.39871037737900
K2,218.0,K,11,2,Kingfisher_Ready96_P2,Kingfisher_Ready96,12-L,MMC_20,,400.0,E193,1,TIKTAALIK,,384 well plate Grainer,,Plasmid,2026-03-10,50,P2,P2,Kingfisher,Ready96,4.90669648503285800,1962.67859401314300
K3,561.0,K,11,3,Kingfisher_Ready96_P2,Kingfisher_Ready96,12-L,MMC_20,,200.0,E193,1,TIKTAALIK,20.0,384 well plate Grainer,m9229555,Plasmid,2026-03-10,50,P2,P2,Kingfisher,Ready96,11.97784895656420200,2395.56979131284060
K4,226.0,K,11,4,Kingfisher_Ready96_P2,Kingfisher_Ready96,12-L,MMC_20,,400.0,E193,1,TIKTAALIK,,384 well plate Grainer,,Plasmid,2026-03-10,50,P2,P2,Kingfisher,Ready96,5.07162132401901100,2028.64852960760440
K5,568.0,K,11,5,Kingfisher_Ready96_P2,Kingfisher_Ready96,12-L,MMC_20,,200.0,E193,1,TIKTAALIK,20.0,384 well plate Grainer,m9229555,Plasmid,2026-03-10,50,P2,P2,Kingfisher,Ready96,12.12215819067708700,2424.43163813541740
K6,243.0,K,11,6,Kingfisher_Ready96_P2,Kingfisher_Ready96,12-L,MMC_20,,400.0,E193,1,TIKTAALIK,,384 well plate Grainer,,Plasmid,2026-03-10,50,P2,P2,Kingfisher,Ready96,5.42208660686458800,2168.83464274583500
K7,536.0,K,11,7,Kingfisher_Ready96_P2,Kingfisher_Ready96,12-L,MMC_20,,200.0,E193,1,TIKTAALIK,20.0,384 well plate Grainer,m9229555,Plasmid,2026-03-10,50,P2,P2,Kingfisher,Ready96,11.46245883473247100,2292.49176694649440
K8,235.0,K,11,8,Kingfisher_Ready96_P2,Kingfisher_Ready96,12-L,MMC_20,,400.0,E193,1,TIKTAALIK,,384 well plate Grainer,,Plasmid,2026-03-10,50,P2,P2,Kingfisher,Ready96,5.25716176787843400,2102.86470715137330
K9,565.0,K,11,9,Kingfisher_Ready96_P2,Kingfisher_Ready96,12-L,MMC_20,,200.0,E193,1,TIKTAALIK,20.0,384 well plate Grainer,m9229555,Plasmid,2026-03-10,50,P2,P2,Kingfisher,Ready96,12.06031137605727800,2412.06227521145550
K10,248.0,K,11,10,Kingfisher_Ready96_P2,Kingfisher_Ready96,12-L,MMC_20,,400.0,E193,1,TIKTAALIK,,384 well plate Grainer,,Plasmid,2026-03-10,50,P2,P2,Kingfisher,Ready96,5.52516463123093400,2210.06585249237400
K11,554.0,K,11,11,Kingfisher_Ready96_P2,Kingfisher_Ready96,12-L,MMC_20,,200.0,E193,1,TIKTAALIK,20.0,384 well plate Grainer,m9229555,Plasmid,2026-03-10,50,P2,P2,Kingfisher,Ready96,11.83353972245131800,2366.70794449026400
K12,227.0,K,11,12,Kingfisher_Ready96_P2,Kingfisher_Ready96,12-L,MMC_20,,400.0,E193,1,TIKTAALIK,,384 well plate Grainer,,Plasmid,2026-03-10,50,P2,P2,Kingfisher,Ready96,5.09223692889228000,2036.89477155691200
K13,540.0,K,11,13,Kingfisher_Ready96_P2,Kingfisher_Ready96,12-L,MMC_20,,200.0,E193,1,TIKTAALIK,20.0,384 well plate Grainer,m9229555,Plasmid,2026-03-10,50,P2,P2,Kingfisher,Ready96,11.54492125422554800,2308.98425084510970
K14,227.0,K,11,14,Kingfisher_Ready96_P2,Kingfisher_Ready96,12-L,MMC_20,,400.0,E193,1,TIKTAALIK,,384 well plate Grainer,,Plasmid,2026-03-10,50,P2,P2,Kingfisher,Ready96,5.09223692889228000,2036.89477155691200
K15,593.0,K,11,15,Kingfisher_Ready96_P2,Kingfisher_Ready96,12-L,MMC_20,,200.0,E193,1,TIKTAALIK,20.0,384 well plate Grainer,m9229555,Plasmid,2026-03-10,50,P2,P2,Kingfisher,Ready96,12.63754831250881800,2527.50966250176360
K16,257.0,K,11,16,Kingfisher_Ready96_P2,Kingfisher_Ready96,12-L,MMC_20,,400.0,E193,1,TIKTAALIK,,384 well plate Grainer,,Plasmid,2026-03-10,50,P2,P2,Kingfisher,Ready96,5.71070507509035700,2284.28203003614270
K17,531.0,K,11,17,Kingfisher_Ready96_P2,Kingfisher_Ready96,12-L,MMC_20,,200.0,E193,1,TIKTAALIK,20.0,384 well plate Grainer,m9229555,Plasmid,2026-03-10,50,P2,P2,Kingfisher,Ready96,11.35938081036612600,2271.87616207322530
K18,233.0,K,11,18,Kingfisher_Ready96_P2,Kingfisher_Ready96,12-L,MMC_20,,400.0,E193,1,TIKTAALIK,,384 well plate Grainer,,Plasmid,2026-03-10,50,P2,P2,Kingfisher,Ready96,5.21593055813189550,2086.37222325275840
K19,556.0,K,11,19,Kingfisher_Ready96_P2,Kingfisher_Ready96,12-L,MMC_20,,200.0,E193,1,TIKTAALIK,20.0,384 well plate Grainer,m9229555,Plasmid,2026-03-10,50,P2,P2,Kingfisher,Ready96,11.87477093219785700,2374.95418643957150
K20,249.0,K,11,20,Kingfisher_Ready96_P2,Kingfisher_Ready96,12-L,MMC_20,,400.0,E193,1,TIKTAALIK,,384 well plate Grainer,,Plasmid,2026-03-10,50,P2,P2,Kingfisher,Ready96,5.54578023610420350,2218.31209444168140
K21,563.0,K,11,21,Kingfisher_Ready96_P2,Kingfisher_Ready96,12-L,MMC_20,,200.0,E193,1,TIKTAALIK,20.0,384 well plate Grainer,m9229555,Plasmid,2026-03-10,50,P2,P2,Kingfisher,Ready96,12.01908016631074000,2403.81603326214800
K22,238.0,K,11,22,Kingfisher_Ready96_P2,Kingfisher_Ready96,12-L,MMC_20,,400.0,E193,1,TIKTAALIK,,384 well plate Grainer,,Plasmid,2026-03-10,50,P2,P2,Kingfisher,Ready96,5.31900858249824200,2127.60343299929670
K23,515.0,K,11,23,Kingfisher_Ready96_P2,Kingfisher_Ready96,12-L,MMC_20,,200.0,E193,1,TIKTAALIK,20.0,384 well plate Grainer,m9229555,Plasmid,2026-03-10,50,P2,P2,Kingfisher,Ready96,11.02953113239381700,2205.90622647876350
K24,254.0,K,11,24,Kingfisher_Ready96_P2,Kingfisher_Ready96,12-L,MMC_20,,400.0,E193,1,TIKTAALIK,,384 well plate Grainer,,Plasmid,2026-03-10,50,P2,P2,Kingfisher,Ready96,5.64885826047055000,2259.54330418821970
L1,534.0,L,12,1,Kingfisher_Ready96_IB,Kingfisher_Ready96,12-L,MMC_20,,200.0,E193,1,TIKTAALIK,20.0,384 well plate Grainer,m9229555,Plasmid,2026-03-10,50,P6,P2,Kingfisher,Ready96,11.42122762498593300,2284.24552499718670
L2,284.0,L,12,2,Kingfisher_Ready96_IB,Kingfisher_Ready96,12-L,MMC_20,,400.0,E193,1,TIKTAALIK,,384 well plate Grainer,,Plasmid,2026-03-10,50,P6,P2,Kingfisher,Ready96,6.26732640666862650,2506.93056266745040
L3,468.0,L,12,3,Kingfisher_Ready96_IB,Kingfisher_Ready96,12-L,MMC_20,,200.0,E193,1,TIKTAALIK,20.0,384 well plate Grainer,m9229555,Plasmid,2026-03-10,50,P6,P2,Kingfisher,Ready96,10.06059770335016300,2012.11954067003260
L4,246.0,L,12,4,Kingfisher_Ready96_IB,Kingfisher_Ready96,12-L,MMC_20,,400.0,E193,1,TIKTAALIK,,384 well plate Grainer,,Plasmid,2026-03-10,50,P6,P2,Kingfisher,Ready96,5.48393342148439500,2193.57336859375800
L5,460.0,L,12,5,Kingfisher_Ready96_IB,Kingfisher_Ready96,12-L,MMC_20,,200.0,E193,1,TIKTAALIK,20.0,384 well plate Grainer,m9229555,Plasmid,2026-03-10,50,P6,P2,Kingfisher,Ready96,9.89567286436401000,1979.13457287280220
L6,235.0,L,12,6,Kingfisher_Ready96_IB,Kingfisher_Ready96,12-L,MMC_20,,400.0,E193,1,TIKTAALIK,,384 well plate Grainer,,Plasmid,2026-03-10,50,P6,P2,Kingfisher,Ready96,5.25716176787843400,2102.86470715137330
L7,481.0,L,12,7,Kingfisher_Ready96_IB,Kingfisher_Ready96,12-L,MMC_20,,200.0,E193,1,TIKTAALIK,20.0,384 well plate Grainer,m9229555,Plasmid,2026-03-10,50,P6,P2,Kingfisher,Ready96,10.32860056670266300,2065.72011334053300
L8,240.0,L,12,8,Kingfisher_Ready96_IB,Kingfisher_Ready96,12-L,MMC_20,,400.0,E193,1,TIKTAALIK,,384 well plate Grainer,,Plasmid,2026-03-10,50,P6,P2,Kingfisher,Ready96,5.36023979224478000,2144.09591689791200
L9,519.0,L,12,9,Kingfisher_Ready96_IB,Kingfisher_Ready96,12-L,MMC_20,,200.0,E193,1,TIKTAALIK,20.0,384 well plate Grainer,m9229555,Plasmid,2026-03-10,50,P6,P2,Kingfisher,Ready96,11.11199355188689500,2222.39871037737900
L10,248.0,L,12,10,Kingfisher_Ready96_IB,Kingfisher_Ready96,12-L,MMC_20,,400.0,E193,1,TIKTAALIK,,384 well plate Grainer,,Plasmid,2026-03-10,50,P6,P2,Kingfisher,Ready96,5.52516463123093400,2210.06585249237400
L11,489.0,L,12,11,Kingfisher_Ready96_IB,Kingfisher_Ready96,12-L,MMC_20,,200.0,E193,1,TIKTAALIK,20.0,384 well plate Grainer,m9229555,Plasmid,2026-03-10,50,P6,P2,Kingfisher,Ready96,10.49352540568881800,2098.70508113776350
L12,231.0,L,12,12,Kingfisher_Ready96_IB,Kingfisher_Ready96,12-L,MMC_20,,400.0,E193,1,TIKTAALIK,,384 well plate Grainer,,Plasmid,2026-03-10,50,P6,P2,Kingfisher,Ready96,5.17469934838535700,2069.87973935414300
L13,485.0,L,12,13,Kingfisher_Ready96_IB,Kingfisher_Ready96,12-L,MMC_20,,200.0,E193,1,TIKTAALIK,20.0,384 well plate Grainer,m9229555,Plasmid,2026-03-10,50,P6,P2,Kingfisher,Ready96,10.41106298619574100,2082.21259723914800
L14,238.0,L,12,14,Kingfisher_Ready96_IB,Kingfisher_Ready96,12-L,MMC_20,,400.0,E193,1,TIKTAALIK,,384 well plate Grainer,,Plasmid,2026-03-10,50,P6,P2,Kingfisher,Ready96,5.31900858249824200,2127.60343299929670
L15,574.0,L,12,15,Kingfisher_Ready96_IB,Kingfisher_Ready96,12-L,MMC_20,,200.0,E193,1,TIKTAALIK,20.0,384 well plate Grainer,m9229555,Plasmid,2026-03-10,50,P6,P2,Kingfisher,Ready96,12.24585181991670200,2449.17036398334040
L16,264.0,L,12,16,Kingfisher_Ready96_IB,Kingfisher_Ready96,12-L,MMC_20,,400.0,E193,1,TIKTAALIK,,384 well plate Grainer,,Plasmid,2026-03-10,50,P6,P2,Kingfisher,Ready96,5.85501430920324100,2342.00572368129630
L17,518.0,L,12,17,Kingfisher_Ready96_IB,Kingfisher_Ready96,12-L,MMC_20,,200.0,E193,1,TIKTAALIK,20.0,384 well plate Grainer,m9229555,Plasmid,2026-03-10,50,P6,P2,Kingfisher,Ready96,11.09137794701362600,2218.27558940272500
L18,230.0,L,12,18,Kingfisher_Ready96_IB,Kingfisher_Ready96,12-L,MMC_20,,400.0,E193,1,TIKTAALIK,,384 well plate Grainer,,Plasmid,2026-03-10,50,P6,P2,Kingfisher,Ready96,5.15408374351208800,2061.63349740483550
L19,499.0,L,12,19,Kingfisher_Ready96_IB,Kingfisher_Ready96,12-L,MMC_20,,200.0,E193,1,TIKTAALIK,20.0,384 well plate Grainer,m9229555,Plasmid,2026-03-10,50,P6,P2,Kingfisher,Ready96,10.69968145442151000,2139.93629088430230
L20,228.0,L,12,20,Kingfisher_Ready96_IB,Kingfisher_Ready96,12-L,MMC_20,,400.0,E193,1,TIKTAALIK,,384 well plate Grainer,,Plasmid,2026-03-10,50,P6,P2,Kingfisher,Ready96,5.11285253376554900,2045.14101350621970
L21,523.0,L,12,21,Kingfisher_Ready96_IB,Kingfisher_Ready96,12-L,MMC_20,,200.0,E193,1,TIKTAALIK,20.0,384 well plate Grainer,m9229555,Plasmid,2026-03-10,50,P6,P2,Kingfisher,Ready96,11.19445597137997200,2238.89119427599400
L22,244.0,L,12,22,Kingfisher_Ready96_IB,Kingfisher_Ready96,12-L,MMC_20,,400.0,E193,1,TIKTAALIK,,384 well plate Grainer,,Plasmid,2026-03-10,50,P6,P2,Kingfisher,Ready96,5.44270221173785700,2177.08088469514270
L23,556.0,L,12,23,Kingfisher_Ready96_IB,Kingfisher_Ready96,12-L,MMC_20,,200.0,E193,1,TIKTAALIK,20.0,384 well plate Grainer,m9229555,Plasmid,2026-03-10,50,P6,P2,Kingfisher,Ready96,11.87477093219785700,2374.95418643957150
L24,274.0,L,12,24,Kingfisher_Ready96_IB,Kingfisher_Ready96,12-L,MMC_20,,400.0,E193,1,TIKTAALIK,,384 well plate Grainer,,Plasmid,2026-03-10,50,P6,P2,Kingfisher,Ready96,6.06117035793593400,2424.46814317437340
M1,36.0,M,13,1,Standard - 2 - 1,Standard - 2 - 1,,,1.0,1.0,E193,1,TIKTAALIK,20.0,384 well plate Grainer,m9134733,,2026-03-10,50,P6,P2,Standard - 2 - 1,,1.15465639809785800,1.15465639809786
M2,32.0,M,13,2,Standard - 2 - 1,Standard - 2 - 1,,,1.0,1.0,E193,1,TIKTAALIK,,384 well plate Grainer,,,2026-03-10,50,P6,P2,Standard - 2 - 1,,1.07219397860478120,1.07219397860478
M3,65.0,M,13,3,Standard - 2 - 2,Standard - 2 - 2,,,2.0,1.0,E193,1,TIKTAALIK,20.0,384 well plate Grainer,m9134733,,2026-03-10,50,P6,P2,Standard - 2 - 2,,1.75250893942266560,1.75250893942267
M4,69.0,M,13,4,Standard - 2 - 2,Standard - 2 - 2,,,2.0,1.0,E193,1,TIKTAALIK,,384 well plate Grainer,,,2026-03-10,50,P6,P2,Standard - 2 - 2,,1.83497135891574240,1.83497135891574
M5,147.0,M,13,5,Standard - 2 - 3,Standard - 2 - 3,,,4.0,1.0,E193,1,TIKTAALIK,20.0,384 well plate Grainer,m9134733,,2026-03-10,50,P6,P2,Standard - 2 - 3,,3.44298853903074200,3.44298853903074
M6,180.0,M,13,6,Standard - 2 - 3,Standard - 2 - 3,,,4.0,1.0,E193,1,TIKTAALIK,,384 well plate Grainer,,,2026-03-10,50,P6,P2,Standard - 2 - 3,,4.12330349984862600,4.12330349984863
M7,327.0,M,13,7,Standard - 2 - 4,Standard - 2 - 4,,,8.0,1.0,E193,1,TIKTAALIK,20.0,384 well plate Grainer,m9229555,,2026-03-10,50,P6,P2,Standard - 2 - 4,,7.15379741621920300,7.15379741621920
M8,409.0,M,13,8,Standard - 2 - 4,Standard - 2 - 4,,,8.0,1.0,E193,1,TIKTAALIK,,384 well plate Grainer,,,2026-03-10,50,P6,P2,Standard - 2 - 4,,8.84427701582727900,8.84427701582728
M9,703.0,M,13,9,Standard - 2 - 5,Standard - 2 - 5,,,16.0,1.0,E193,1,TIKTAALIK,20.0,384 well plate Grainer,m9229555,,2026-03-10,50,P6,P2,Standard - 2 - 5,,14.90526484856843200,14.90526484856843
M10,830.0,M,13,10,Standard - 2 - 5,Standard - 2 - 5,,,16.0,1.0,E193,1,TIKTAALIK,,384 well plate Grainer,,,2026-03-10,50,P6,P2,Standard - 2 - 5,,17.52344666747362500,17.52344666747363
M11,1445.0,M,13,11,Standard - 2 - 6,Standard - 2 - 6,,,32.0,1.0,E193,1,TIKTAALIK,20.0,384 well plate Grainer,m9229555,,2026-03-10,50,P6,P2,Standard - 2 - 6,,30.20204366453419800,30.20204366453420
M12,1665.0,M,13,12,Standard - 2 - 6,Standard - 2 - 6,,,32.0,1.0,E193,1,TIKTAALIK,,384 well plate Grainer,,,2026-03-10,50,P6,P2,Standard - 2 - 6,,34.73747673665343400,34.73747673665343
M13,2937.0,M,13,13,Standard - 2 - 7,Standard - 2 - 7,,,64.0,1.0,E193,1,TIKTAALIK,20.0,384 well plate Grainer,m9134733,,2026-03-10,50,P6,P2,Standard - 2 - 7,,60.96052613545188600,60.96052613545189
M14,3253.0,M,13,14,Standard - 2 - 7,Standard - 2 - 7,,,64.0,1.0,E193,1,TIKTAALIK,,384 well plate Grainer,,,2026-03-10,50,P6,P2,Standard - 2 - 7,,67.47505727540496000,67.47505727540496
M15,5518.0,M,13,15,Standard - 2 - 8,Standard - 2 - 8,,,128.0,1.0,E193,1,TIKTAALIK,20.0,384 well plate Grainer,m9134733,,2026-03-10,50,P6,P2,Standard - 2 - 8,,114.16940231335975000,114.16940231335975
M16,6523.0,M,13,16,Standard - 2 - 8,Standard - 2 - 8,,,128.0,1.0,E193,1,TIKTAALIK,,384 well plate Grainer,,,2026-03-10,50,P6,P2,Standard - 2 - 8,,134.88808521099534000,134.88808521099534
M17,10.0,M,13,17,,,,,,,E193,1,TIKTAALIK,20.0,384 well plate Grainer,m9134733,,2026-03-10,50,,P2,,,0.61865067139285810,
M18,11.0,M,13,18,,,,,,,E193,1,TIKTAALIK,,384 well plate Grainer,,,2026-03-10,50,,P2,,,0.63926627626612730,
M19,12.0,M,13,19,,,,,,,E193,1,TIKTAALIK,20.0,384 well plate Grainer,m9229555,,2026-03-10,50,,P2,,,0.65988188113939650,
M20,10.0,M,13,20,,,,,,,E193,1,TIKTAALIK,,384 well plate Grainer,,,2026-03-10,50,,P2,,,0.61865067139285810,
M21,10.0,M,13,21,,,,,,,E193,1,TIKTAALIK,20.0,384 well plate Grainer,m9229555,,2026-03-10,50,,P2,,,0.61865067139285810,
M22,11.0,M,13,22,,,,,,,E193,1,TIKTAALIK,,384 well plate Grainer,,,2026-03-10,50,,P2,,,0.63926627626612730,
M23,7.0,M,13,23,,,,,,,E193,1,TIKTAALIK,20.0,384 well plate Grainer,m9229555,,2026-03-10,50,,P2,,,0.55680385677305040,
M24,12.0,M,13,24,,,,,,,E193,1,TIKTAALIK,,384 well plate Grainer,,,2026-03-10,50,,P2,,,0.65988188113939650,
N1,27.0,N,14,1,Standard - 1 - 1,Standard - 1 - 1,,,1.0,1.0,E193,1,TIKTAALIK,20.0,384 well plate Grainer,m9134733,,2026-03-10,50,P2,P2,Standard - 1 - 1,,0.96911595423843490,0.96911595423843
N2,5.0,N,14,2,,,,,,,E193,1,TIKTAALIK,,384 well plate Grainer,,,2026-03-10,50,,P2,,,0.51557264702651200,
N3,67.0,N,14,3,Standard - 1 - 2,Standard - 1 - 2,,,2.0,1.0,E193,1,TIKTAALIK,20.0,384 well plate Grainer,m9134733,,2026-03-10,50,P2,P2,Standard - 1 - 2,,1.79374014916920400,1.79374014916920
N4,10.0,N,14,4,,,,,,,E193,1,TIKTAALIK,,384 well plate Grainer,,,2026-03-10,50,,P2,,,0.61865067139285810,
N5,160.0,N,14,5,Standard - 1 - 3,Standard - 1 - 3,,,4.0,1.0,E193,1,TIKTAALIK,20.0,384 well plate Grainer,m9134733,,2026-03-10,50,P2,P2,Standard - 1 - 3,,3.71099140238324200,3.71099140238324
N6,6.0,N,14,6,,,,,,,E193,1,TIKTAALIK,,384 well plate Grainer,,,2026-03-10,50,,P2,,,0.53618825189978110,
N7,348.0,N,14,7,Standard - 1 - 4,Standard - 1 - 4,,,8.0,1.0,E193,1,TIKTAALIK,20.0,384 well plate Grainer,m9229555,,2026-03-10,50,P2,P2,Standard - 1 - 4,,7.58672511855785600,7.58672511855786
N8,10.0,N,14,8,,,,,,,E193,1,TIKTAALIK,,384 well plate Grainer,,,2026-03-10,50,,P2,,,0.61865067139285810,
N9,750.0,N,14,9,Standard - 1 - 5,Standard - 1 - 5,,,16.0,1.0,E193,1,TIKTAALIK,20.0,384 well plate Grainer,m9229555,,2026-03-10,50,P2,P2,Standard - 1 - 5,,15.87419827761208600,15.87419827761209
N10,9.0,N,14,10,,,,,,,E193,1,TIKTAALIK,,384 well plate Grainer,,,2026-03-10,50,,P2,,,0.59803506651958880,
N11,1543.0,N,14,11,Standard - 1 - 6,Standard - 1 - 6,,,32.0,1.0,E193,1,TIKTAALIK,20.0,384 well plate Grainer,m9229555,,2026-03-10,50,P2,P2,Standard - 1 - 6,,32.22237294211458000,32.22237294211458
N12,8.0,N,14,12,,,,,,,E193,1,TIKTAALIK,,384 well plate Grainer,,,2026-03-10,50,,P2,,,0.57741946164631960,
N13,3623.0,N,14,13,Standard - 1 - 7,Standard - 1 - 7,,,64.0,1.0,E193,1,TIKTAALIK,20.0,384 well plate Grainer,m9134733,,2026-03-10,50,P2,P2,Standard - 1 - 7,,75.10283107851457000,75.10283107851457
N14,10.0,N,14,14,,,,,,,E193,1,TIKTAALIK,,384 well plate Grainer,,,2026-03-10,50,,P2,,,0.61865067139285810,
N15,5806.0,N,14,15,Standard - 1 - 8,Standard - 1 - 8,,,128.0,1.0,E193,1,TIKTAALIK,20.0,384 well plate Grainer,m9134733,,2026-03-10,50,P2,P2,Standard - 1 - 8,,120.10669651686129000,120.10669651686129
N16,10.0,N,14,16,,,,,,,E193,1,TIKTAALIK,,384 well plate Grainer,,,2026-03-10,50,,P2,,,0.61865067139285810,
N17,10.0,N,14,17,,,,,,,E193,1,TIKTAALIK,20.0,384 well plate Grainer,m9134733,,2026-03-10,50,,P2,,,0.61865067139285810,
N18,12.0,N,14,18,,,,,,,E193,1,TIKTAALIK,,384 well plate Grainer,,,2026-03-10,50,,P2,,,0.65988188113939650,
N19,10.0,N,14,19,,,,,,,E193,1,TIKTAALIK,20.0,384 well plate Grainer,m9229555,,2026-03-10,50,,P2,,,0.61865067139285810,
N20,13.0,N,14,20,,,,,,,E193,1,TIKTAALIK,,384 well plate Grainer,,,2026-03-10,50,,P2,,,0.68049748601266580,
N21,7.0,N,14,21,,,,,,,E193,1,TIKTAALIK,20.0,384 well plate Grainer,m9229555,,2026-03-10,50,,P2,,,0.55680385677305040,
O1,23.0,O,15,1,Standard - 1 - 1,Standard - 1 - 1,,,1.0,1.0,E193,1,TIKTAALIK,20.0,384 well plate Grainer,m9134733,,2026-03-10,50,P2,P2,Standard - 1 - 1,,0.88665353474535800,0.88665353474536
O2,9.0,O,15,2,,,,,,,E193,1,TIKTAALIK,,384 well plate Grainer,,,2026-03-10,50,,P2,,,0.59803506651958880,
O3,81.0,O,15,3,Standard - 1 - 2,Standard - 1 - 2,,,2.0,1.0,E193,1,TIKTAALIK,20.0,384 well plate Grainer,m9134733,,2026-03-10,50,P2,P2,Standard - 1 - 2,,2.08235861739497300,2.08235861739497
O4,9.0,O,15,4,,,,,,,E193,1,TIKTAALIK,,384 well plate Grainer,,,2026-03-10,50,,P2,,,0.59803506651958880,
O5,211.0,O,15,5,Standard - 1 - 3,Standard - 1 - 3,,,4.0,1.0,E193,1,TIKTAALIK,20.0,384 well plate Grainer,m9134733,,2026-03-10,50,P2,P2,Standard - 1 - 3,,4.76238725091997200,4.76238725091997
O6,11.0,O,15,6,,,,,,,E193,1,TIKTAALIK,,384 well plate Grainer,,,2026-03-10,50,,P2,,,0.63926627626612730,
O7,435.0,O,15,7,Standard - 1 - 4,Standard - 1 - 4,,,8.0,1.0,E193,1,TIKTAALIK,20.0,384 well plate Grainer,m9229555,,2026-03-10,50,P2,P2,Standard - 1 - 4,,9.38028274253228000,9.38028274253228
O8,9.0,O,15,8,,,,,,,E193,1,TIKTAALIK,,384 well plate Grainer,,,2026-03-10,50,,P2,,,0.59803506651958880,
O9,856.0,O,15,9,Standard - 1 - 5,Standard - 1 - 5,,,16.0,1.0,E193,1,TIKTAALIK,20.0,384 well plate Grainer,m9229555,,2026-03-10,50,P2,P2,Standard - 1 - 5,,18.05945239417862400,18.05945239417862
O10,9.0,O,15,10,,,,,,,E193,1,TIKTAALIK,,384 well plate Grainer,,,2026-03-10,50,,P2,,,0.59803506651958880,
O11,1640.0,O,15,11,Standard - 1 - 6,Standard - 1 - 6,,,32.0,1.0,E193,1,TIKTAALIK,20.0,384 well plate Grainer,m9229555,,2026-03-10,50,P2,P2,Standard - 1 - 6,,34.22208661482169000,34.22208661482169
O12,9.0,O,15,12,,,,,,,E193,1,TIKTAALIK,,384 well plate Grainer,,,2026-03-10,50,,P2,,,0.59803506651958880,
O13,3278.0,O,15,13,Standard - 1 - 7,Standard - 1 - 7,,,64.0,1.0,E193,1,TIKTAALIK,20.0,384 well plate Grainer,m9134733,,2026-03-10,50,P2,P2,Standard - 1 - 7,,67.99044739723670000,67.99044739723670
O14,8.0,O,15,14,,,,,,,E193,1,TIKTAALIK,,384 well plate Grainer,,,2026-03-10,50,,P2,,,0.57741946164631960,
O15,6776.0,O,15,15,Standard - 1 - 8,Standard - 1 - 8,,,128.0,1.0,E193,1,TIKTAALIK,20.0,384 well plate Grainer,m9134733,,2026-03-10,50,P2,P2,Standard - 1 - 8,,140.10383324393246000,140.10383324393246
O16,8.0,O,15,16,,,,,,,E193,1,TIKTAALIK,,384 well plate Grainer,,,2026-03-10,50,,P2,,,0.57741946164631960,
O17,9.0,O,15,17,,,,,,,E193,1,TIKTAALIK,20.0,384 well plate Grainer,m9134733,,2026-03-10,50,,P2,,,0.59803506651958880,
O18,9.0,O,15,18,,,,,,,E193,1,TIKTAALIK,,384 well plate Grainer,,,2026-03-10,50,,P2,,,0.59803506651958880,
O19,11.0,O,15,19,,,,,,,E193,1,TIKTAALIK,20.0,384 well plate Grainer,m9229555,,2026-03-10,50,,P2,,,0.63926627626612730,
O20,9.0,O,15,20,,,,,,,E193,1,TIKTAALIK,,384 well plate Grainer,,,2026-03-10,50,,P2,,,0.59803506651958880,
O21,9.0,O,15,21,,,,,,,E193,1,TIKTAALIK,20.0,384 well plate Grainer,m9229555,,2026-03-10,50,,P2,,,0.59803506651958880,
P1,22.0,P,16,1,,,,,,,E193,1,TIKTAALIK,,384 well plate Grainer,,,2026-03-10,50,,P2,,,0.86603792987208880,
P2,6.0,P,16,2,,,,,,,E193,1,TIKTAALIK,,384 well plate Grainer,,,2026-03-10,50,,P2,,,0.53618825189978110,
P3,14.0,P,16,3,,,,,,,E193,1,TIKTAALIK,,384 well plate Grainer,,,2026-03-10,50,,P2,,,0.70111309088593500,
P4,11.0,P,16,4,,,,,,,E193,1,TIKTAALIK,,384 well plate Grainer,,,2026-03-10,50,,P2,,,0.63926627626612730,
P5,189.0,P,16,5,,,,,,,E193,1,TIKTAALIK,,384 well plate Grainer,,,2026-03-10,50,,P2,,,4.30884394370805000,
P6,12.0,P,16,6,,,,,,,E193,1,TIKTAALIK,,384 well plate Grainer,,,2026-03-10,50,,P2,,,0.65988188113939650,
P7,432.0,P,16,7,,,,,,,E193,1,TIKTAALIK,,384 well plate Grainer,,,2026-03-10,50,,P2,,,9.31843592791247100,
P8,8.0,P,16,8,,,,,,,E193,1,TIKTAALIK,,384 well plate Grainer,,,2026-03-10,50,,P2,,,0.57741946164631960,
P9,835.0,P,16,9,,,,,,,E193,1,TIKTAALIK,,384 well plate Grainer,,,2026-03-10,50,,P2,,,17.62652469183997200,
P10,7.0,P,16,10,,,,,,,E193,1,TIKTAALIK,,384 well plate Grainer,,,2026-03-10,50,,P2,,,0.55680385677305040,
P11,1703.0,P,16,11,,,,,,,E193,1,TIKTAALIK,,384 well plate Grainer,,,2026-03-10,50,,P2,,,35.52086972183765600,
P12,11.0,P,16,12,,,,,,,E193,1,TIKTAALIK,,384 well plate Grainer,,,2026-03-10,50,,P2,,,0.63926627626612730,
P13,3030.0,P,16,13,,,,,,,E193,1,TIKTAALIK,,384 well plate Grainer,,,2026-03-10,50,,P2,,,62.87777738866592000,
P14,8.0,P,16,14,,,,,,,E193,1,TIKTAALIK,,384 well plate Grainer,,,2026-03-10,50,,P2,,,0.57741946164631960,
P15,4852.0,P,16,15,,,,,,,E193,1,TIKTAALIK,,384 well plate Grainer,,,2026-03-10,50,,P2,,,100.43940946776245000,
P16,9.0,P,16,16,,,,,,,E193,1,TIKTAALIK,,384 well plate Grainer,,,2026-03-10,50,,P2,,,0.59803506651958880,
P17,10.0,P,16,17,,,,,,,E193,1,TIKTAALIK,,384 well plate Grainer,,,2026-03-10,50,,P2,,,0.61865067139285810,
P18,8.0,P,16,18,,,,,,,E193,1,TIKTAALIK,,384 well plate Grainer,,,2026-03-10,50,,P2,,,0.57741946164631960,
P19,8.0,P,16,19,,,,,,,E193,1,TIKTAALIK,,384 well plate Grainer,,,2026-03-10,50,,P2,,,0.57741946164631960,
P20,12.0,P,16,20,,,,,,,E193,1,TIKTAALIK,,384 well plate Grainer,,,2026-03-10,50,,P2,,,0.65988188113939650,
P21,8.0,P,16,21,,,,,,,E193,1,TIKTAALIK,,384 well plate Grainer,,,2026-03-10,50,,P2,,,0.57741946164631960,
N22,1524.0,N,14,22,Spike-in,Spike-in,,spike-in,,20.0,E193,1,TIKTAALIK,,384 well plate Grainer,,,2026-03-10,50,,P2,Spike-in,,31.83067644952246800,636.61352899044940
N23,132.0,N,14,23,Spike-in,Spike-in,,spike-in,,200.0,E193,1,TIKTAALIK,20.0,384 well plate Grainer,m9229555,,2026-03-10,50,,P2,Spike-in,,3.13375446593170360,626.75089318634070
N24,70.0,N,14,24,Spike-in,Spike-in,,spike-in,,400.0,E193,1,TIKTAALIK,,384 well plate Grainer,,,2026-03-10,50,,P2,Spike-in,,1.85558696378901170,742.23478551560470
O22,1502.0,O,15,22,Spike-in,Spike-in,,spike-in,,20.0,E193,1,TIKTAALIK,,384 well plate Grainer,,,2026-03-10,50,,P2,Spike-in,,31.37713314231054400,627.54266284621090
O23,150.0,O,15,23,Spike-in,Spike-in,,spike-in,,200.0,E193,1,TIKTAALIK,20.0,384 well plate Grainer,m9229555,,2026-03-10,50,,P2,Spike-in,,3.50483535365054970,700.96707073011000
O24,77.0,O,15,24,Spike-in,Spike-in,,spike-in,,400.0,E193,1,TIKTAALIK,,384 well plate Grainer,,,2026-03-10,50,,P2,Spike-in,,1.99989619790189630,799.95847916075850
P22,1353.0,P,16,22,Spike-in,Spike-in,,spike-in,,20.0,E193,1,TIKTAALIK,,384 well plate Grainer,,,2026-03-10,50,,P2,Spike-in,,28.30540801619343000,566.10816032386860
P23,168.0,P,16,23,Spike-in,Spike-in,,spike-in,,200.0,E193,1,TIKTAALIK,,384 well plate Grainer,,,2026-03-10,50,,P2,Spike-in,,3.87591624136939570,775.18324827387910
P24,76.0,P,16,24,Spike-in,Spike-in,,spike-in,,400.0,E193,1,TIKTAALIK,,384 well plate Grainer,,,2026-03-10,50,,P2,Spike-in,,1.97928059302862700,791.71223721145080
